custID,gender,state,cardholder,balance,numTrans,numIntlTrans,creditLine,fraudRisk
33554,2,15,1,9000,28,9,8,0
9428,2,44,1,3000,16,1,2,0
200,2,33,1,0,7,0,4,0
12448,1,32,1,9735,41,0,9,0
39490,1,24,1,3000,34,6,2,0
42725,1,7,1,6337,18,0,11,0
10823,2,15,1,4847,47,0,24,0
49499,2,35,1,9745,49,0,27,0
4145,1,10,1,4862,19,2,8,0
36959,1,5,1,2513,8,2,6,0
43107,2,48,1,6816,26,0,10,0
38696,1,5,1,4000,4,0,3,0
6189,1,21,2,11000,10,0,10,0
1415,2,25,1,5000,10,5,4,0
18472,2,16,1,17000,7,0,16,0
29283,1,44,2,6843,47,0,9,0
15178,1,35,1,9000,63,12,8,0
34305,1,25,1,9000,49,0,8,0
12610,2,35,1,3000,6,27,2,0
12145,1,5,1,8000,9,31,7,0
6114,2,27,2,10380,11,0,10,0
15909,2,10,1,5000,52,11,4,0
822,1,5,1,7000,52,5,6,0
15119,2,23,1,1328,20,0,2,0
13467,1,35,1,2552,85,0,23,0
26498,1,38,1,3461,11,0,4,0
42112,1,15,1,86,12,0,75,0
30189,2,44,1,6000,39,0,5,0
37238,1,16,1,0,50,0,8,0
33110,1,20,1,0,100,0,7,0
36481,2,44,1,1024,20,0,6,0
24149,1,43,1,0,29,0,1,0
5504,1,38,1,423,1,0,3,0
3919,1,44,1,7000,10,4,6,0
38479,2,32,1,7366,5,0,8,0
21124,2,39,1,6000,15,2,5,0
49718,1,29,1,0,49,0,6,0
42295,1,16,1,649,21,9,11,0
47610,1,29,2,3000,82,0,2,0
11077,2,3,1,4000,8,2,3,0
41515,1,39,1,3000,14,0,2,0
22063,2,39,1,0,89,0,2,0
9414,1,6,1,9000,76,0,8,1
38341,1,35,2,9000,31,13,8,1
30264,2,5,1,0,50,0,4,0
41253,1,10,1,5000,6,6,4,0
14645,1,43,1,5000,28,0,4,0
26336,1,32,1,13092,46,0,13,0
28103,1,23,1,3516,11,0,6,0
17524,2,32,1,6000,100,0,5,1
24713,1,5,1,17000,100,0,16,1
40486,1,44,1,0,41,0,7,0
3851,2,23,1,6000,57,3,5,0
40041,1,15,1,0,100,3,10,0
15268,2,5,2,0,3,0,8,0
49147,2,18,2,3000,23,19,2,0
30002,1,29,1,0,29,0,3,0
45927,2,10,1,303,25,0,12,0
43825,1,10,1,0,6,0,9,0
17241,1,5,1,12016,51,0,24,1
4893,2,15,1,8855,46,0,8,0
726,1,7,1,9000,34,0,8,0
22950,1,21,1,3873,6,0,6,0
34658,2,5,1,9000,6,0,8,0
37214,1,16,1,1437,31,0,3,0
20305,1,36,1,0,16,1,16,0
15270,2,20,1,9889,12,5,46,0
22368,2,10,1,0,22,2,3,0
42685,1,14,1,5000,4,0,4,0
46735,2,24,1,0,42,0,13,0
11733,1,5,1,0,13,16,10,0
18620,1,33,1,13880,39,3,17,0
48493,2,32,1,7254,31,0,13,0
26804,1,38,1,7218,22,19,23,0
44306,2,5,1,949,13,14,22,0
47523,1,36,1,8000,8,0,7,0
32208,2,5,1,192,45,1,20,0
2531,1,4,1,5000,58,0,4,0
17747,2,25,1,514,16,0,24,0
8271,1,44,1,6000,11,0,5,0
15080,2,17,1,2707,27,0,13,0
13625,1,39,1,642,25,0,13,0
30639,2,48,1,11911,28,12,36,1
30441,2,35,1,3000,42,0,2,0
36057,2,29,1,1946,57,3,4,0
42652,1,45,1,5588,10,1,12,0
36804,2,35,1,7201,100,1,31,1
48225,1,21,1,0,64,0,2,0
29227,2,32,1,12727,7,6,18,0
5634,1,43,1,0,5,0,2,0
5988,1,45,1,0,3,0,4,0
48064,1,5,1,4000,2,5,3,0
1813,1,32,1,0,8,2,26,0
27579,1,35,1,6685,3,0,18,0
16824,1,18,1,3691,100,0,11,0
3929,2,27,1,9000,100,1,8,0
37287,1,5,1,0,15,9,7,0
25046,1,15,1,0,35,3,3,0
15728,1,35,1,22000,20,19,21,0
29601,1,36,1,0,32,0,2,0
10431,2,31,1,3607,32,2,5,0
25769,2,2,1,3358,16,0,14,0
29104,1,5,1,0,6,23,7,0
36538,1,44,1,4000,3,12,3,0
39329,2,44,1,8000,7,0,7,0
35540,2,23,1,5813,10,13,12,0
28076,2,16,1,0,23,5,6,0
17841,2,4,1,5312,75,19,5,0
27803,2,11,1,6302,100,9,33,1
7683,2,29,1,0,8,0,5,0
24280,2,38,1,0,56,0,10,0
33071,1,44,1,6433,8,10,27,0
35558,2,39,1,5000,30,1,4,0
37190,2,11,1,0,14,0,4,0
47150,1,49,1,7000,48,0,6,0
46916,2,44,1,4037,29,5,4,0
9802,2,35,1,4565,57,0,4,0
38801,1,12,1,15000,17,31,14,1
24670,2,48,1,0,9,0,8,0
44234,1,33,1,3248,7,0,6,0
31920,1,36,1,0,35,32,2,0
7135,2,21,1,0,100,0,4,0
33705,2,36,1,0,75,5,13,0
29661,1,2,1,3000,19,0,2,0
17894,1,41,1,2222,96,3,14,0
22019,1,35,1,230,13,0,6,0
13539,1,35,1,0,30,0,8,0
43119,1,44,1,118,20,5,2,0
36421,1,38,1,8442,21,1,9,0
9406,1,43,1,6000,100,7,5,0
13414,1,17,1,8000,100,0,7,1
6721,1,39,1,1248,48,1,25,0
15602,1,10,1,8000,7,0,7,0
44744,1,11,1,0,20,8,2,0
31139,1,32,1,10755,9,5,13,0
2730,1,44,1,4000,6,0,3,0
38243,1,5,1,0,26,0,8,0
29626,2,39,1,8482,12,4,16,0
47895,1,29,1,11891,7,17,13,0
42091,1,36,1,3000,31,0,2,0
36400,1,50,1,0,24,10,2,0
6245,1,35,1,2346,5,2,2,0
5546,2,11,1,0,7,0,4,0
4065,1,16,1,0,23,0,16,0
12852,1,22,1,3000,8,8,2,0
21803,1,48,1,0,14,0,2,0
41164,2,5,1,0,8,8,2,0
6233,1,5,1,8000,17,0,7,0
3863,1,5,1,998,64,0,2,0
35095,1,15,1,3223,9,2,6,0
40196,2,35,1,3000,17,0,2,0
39251,1,10,1,6000,100,5,5,1
6218,1,10,1,9000,21,1,8,0
36776,1,39,1,3000,70,0,2,0
42977,1,29,1,1071,24,0,11,0
48468,1,39,1,4000,15,0,3,0
14832,2,35,2,5772,3,0,15,0
30093,1,29,1,13666,9,7,14,0
8894,1,5,1,0,23,0,4,0
6021,1,24,2,1424,57,14,4,0
46089,1,44,1,6270,33,4,18,0
15243,2,23,1,7860,38,10,8,0
45308,2,49,1,0,14,7,12,0
26551,1,24,1,5000,7,3,4,0
6035,1,32,1,7000,47,0,6,0
7906,1,11,1,5250,3,0,5,0
32226,1,4,1,4000,35,0,3,0
6018,1,4,1,7000,9,24,6,0
21880,1,5,1,3947,40,0,22,0
2792,1,5,1,6000,43,0,5,0
42606,2,37,1,0,20,15,3,0
5824,2,21,1,4959,23,0,8,0
15388,1,44,1,14242,22,0,17,0
29562,1,43,1,3000,6,0,2,0
39476,1,23,1,1762,6,0,5,0
293,2,49,1,11000,35,7,10,0
16958,1,5,1,0,46,0,5,0
30861,1,49,1,1713,3,0,9,0
14074,1,39,1,0,80,0,41,0
21857,2,10,1,6000,100,0,5,0
22080,1,11,1,103,12,0,2,0
17024,1,15,1,0,25,0,9,0
8740,1,39,1,5000,35,1,4,0
15826,1,5,1,0,73,0,23,0
2742,1,5,1,8000,100,0,7,1
18049,2,28,1,0,27,13,11,0
49937,1,7,1,828,8,0,19,0
17373,2,5,1,0,13,0,20,0
22022,2,49,1,3000,34,5,2,0
46365,2,46,1,3000,4,9,2,0
23538,2,39,1,3000,50,6,2,0
45500,1,2,1,6326,24,19,16,0
40186,1,29,1,1345,12,2,6,0
9614,1,39,1,3105,100,0,5,0
43282,1,5,1,5385,10,4,10,0
37892,2,44,1,9768,12,0,14,0
26179,1,43,1,4963,97,0,7,0
45893,1,35,1,3000,81,4,2,0
20934,2,10,1,9629,12,0,9,0
40972,1,38,2,2905,28,41,8,0
22225,2,23,1,5468,32,1,5,0
24382,1,5,1,9000,58,0,8,1
34856,2,33,1,6000,72,2,5,0
48578,1,44,2,0,2,0,19,0
38537,1,44,1,5322,8,0,18,0
31756,1,41,1,9000,28,17,8,0
7754,1,44,1,4000,23,7,3,0
46639,2,33,1,7000,19,0,6,0
43835,2,25,1,0,6,0,7,0
26236,1,10,1,4000,17,0,3,0
44230,1,44,1,7698,15,0,10,0
49597,2,45,1,0,14,1,6,0
18553,1,41,1,0,26,0,4,0
43137,1,15,1,0,13,52,11,0
36673,2,5,2,9000,24,9,8,0
43650,1,13,1,0,54,0,13,0
3941,2,4,1,0,82,0,9,0
31497,2,49,1,844,15,0,4,0
26594,1,35,1,2234,23,9,46,0
23922,2,34,1,4000,42,0,3,0
26403,2,6,1,2000,23,5,1,0
45943,2,2,1,0,37,0,5,0
48526,2,35,1,3000,23,0,2,0
18316,1,36,1,8000,7,0,7,0
36894,1,29,1,0,86,23,44,0
26696,1,5,2,0,52,6,3,0
42128,1,11,1,2234,2,3,3,0
14171,1,49,1,7000,2,0,6,0
3733,1,48,1,0,10,0,6,0
7882,1,39,1,9000,14,0,8,0
6017,1,16,1,7500,2,0,27,0
23030,2,23,1,0,8,12,7,0
35474,1,46,1,2599,14,0,4,0
49686,1,44,1,6000,7,14,5,0
4818,2,5,1,3000,70,10,2,0
41694,1,26,1,9760,8,16,20,0
12008,1,35,1,4860,10,0,6,0
41328,1,44,1,6000,74,3,5,1
9507,1,37,1,4000,100,0,3,0
44799,1,36,1,0,22,1,9,0
34063,2,26,1,0,60,0,35,0
27475,1,5,1,2719,15,0,3,0
31144,2,35,1,2558,30,8,3,0
21236,1,27,1,3000,18,0,2,0
1391,2,15,1,5000,38,0,4,0
38250,1,7,1,3838,13,0,7,0
37625,1,37,1,10000,7,7,9,0
42029,2,36,1,6762,59,0,6,0
20835,1,3,1,10000,24,0,9,0
14758,2,4,1,4956,7,0,6,0
26397,1,5,1,0,28,0,5,0
6809,1,7,1,0,51,0,7,0
9226,2,48,1,0,9,0,7,0
48395,1,36,1,0,5,0,5,0
5396,1,5,1,8000,49,0,7,0
6944,2,41,1,11448,27,5,45,0
23871,1,39,1,7000,37,9,6,0
32493,2,44,1,4000,50,14,3,0
36346,2,44,1,16410,76,0,42,1
10756,1,24,2,0,90,0,4,0
12302,2,36,1,1079,8,5,10,0
48387,1,21,1,468,17,10,6,0
42746,1,36,1,4000,63,0,3,0
29090,1,16,1,0,19,0,22,0
44713,1,5,1,2487,30,0,17,0
14344,1,8,1,5000,26,0,4,0
38173,2,15,1,0,3,0,15,0
5072,1,29,1,8000,5,8,7,0
24122,1,5,1,12000,9,9,11,0
48810,1,32,1,5459,47,0,18,0
17821,2,15,1,991,31,1,3,0
1123,2,21,1,4000,65,0,3,0
11265,2,36,1,4000,40,6,3,0
30580,1,39,1,4567,100,0,12,0
45465,2,44,1,0,12,34,12,0
48217,2,48,1,3562,15,5,5,0
43045,1,10,1,7149,37,0,18,0
15657,2,24,1,5000,54,0,4,0
1901,2,21,1,4161,4,11,6,0
148,1,3,1,0,45,23,5,0
29643,1,36,1,7000,43,42,6,1
3212,1,32,1,0,25,0,16,0
43851,1,34,1,0,46,0,5,0
2355,1,5,1,7000,3,0,6,0
31521,1,38,1,0,100,0,13,0
42584,1,5,1,6874,33,0,7,0
43338,2,48,1,7004,13,0,13,0
45285,2,49,1,4000,68,1,3,0
46957,1,26,1,4000,26,1,3,0
48791,1,11,1,0,43,5,4,0
36586,1,11,1,0,33,0,3,0
10466,2,35,1,11769,10,0,17,0
7822,1,4,1,6598,93,0,7,0
7206,1,14,1,3000,62,0,2,0
6414,1,48,1,4000,21,7,3,0
34047,1,49,2,0,26,0,7,0
12729,2,49,1,0,64,0,9,0
6926,2,19,1,9930,7,0,26,0
27996,1,3,1,6000,24,0,5,0
37613,2,17,1,3507,4,0,7,0
39484,1,44,1,3000,100,0,2,0
3017,1,5,1,5000,69,5,4,0
1641,1,10,1,7000,35,0,6,0
8884,1,10,1,3000,11,0,2,0
37602,2,13,1,2032,26,7,8,0
12970,2,5,1,5000,4,0,4,0
23464,1,39,1,4000,14,0,3,0
15758,2,5,1,0,3,4,10,0
44077,2,10,1,1111,7,0,4,0
4087,1,24,2,6000,36,3,5,0
509,2,44,2,5000,45,12,4,0
6355,2,37,1,9000,34,0,8,0
29645,1,4,1,0,34,0,9,0
20816,1,15,1,5993,7,12,8,0
6235,1,47,1,3000,17,51,2,0
31990,1,21,1,0,76,12,2,0
12996,2,35,1,5478,7,0,6,0
42502,1,36,1,5436,33,7,6,0
38921,1,46,1,6000,100,5,5,1
263,1,35,1,0,27,0,3,0
7892,1,32,1,18344,8,2,19,0
10528,2,7,1,2103,14,0,3,0
18601,1,44,1,4058,7,0,39,0
24115,1,15,1,4000,23,16,3,0
33499,1,29,1,11946,100,0,11,1
13472,2,26,1,6937,12,0,7,0
31726,1,35,1,17,52,0,10,0
23691,2,44,1,14241,38,0,40,1
10558,1,36,1,5599,19,6,11,0
6557,1,15,1,0,66,0,26,0
45578,1,35,1,4000,19,10,3,0
41504,2,5,1,10000,93,3,9,1
27873,2,39,1,6158,17,0,7,0
10811,1,46,1,5000,56,5,4,0
38215,1,43,1,5000,8,0,4,0
11731,1,5,1,12000,15,4,11,0
27439,1,20,1,9000,19,1,8,0
21780,2,32,1,6000,100,14,5,0
34080,2,49,1,4349,13,0,5,0
22916,1,10,1,8000,25,3,7,0
8086,1,29,1,0,18,0,2,0
43468,2,32,1,6000,19,5,5,0
14710,2,18,1,6000,14,2,5,0
15467,1,10,1,4000,22,0,3,0
37173,2,43,1,4000,41,3,3,0
28749,2,7,1,4000,100,0,3,0
3105,1,1,1,2212,13,0,4,0
709,1,11,1,1917,1,0,13,0
38386,1,5,1,6000,10,0,5,0
23445,2,39,1,10230,95,0,15,0
26511,1,5,1,0,10,7,19,0
8467,1,23,1,0,35,1,5,0
6231,1,41,1,9000,7,0,8,0
46359,2,46,1,0,13,0,2,0
39358,1,44,1,7000,10,19,6,0
16387,1,17,1,1841,10,0,8,0
34166,1,23,1,3550,21,10,5,0
4169,2,21,1,0,14,0,5,0
5804,2,35,2,3379,7,0,8,0
12754,1,5,1,1437,57,0,8,0
2190,1,35,1,3000,99,0,2,0
12188,2,23,1,1285,24,2,13,0
31728,2,45,1,0,21,6,7,0
19246,1,23,1,5000,5,0,4,0
37867,1,18,1,9000,67,0,8,0
43515,1,35,1,11740,26,2,17,0
8719,2,46,1,15000,83,6,14,1
28825,1,38,1,0,12,2,7,0
24469,1,39,1,0,13,0,21,0
48253,2,5,1,4000,4,0,3,0
7202,2,30,1,13833,7,0,13,0
9283,1,39,1,5065,1,0,9,0
26821,2,35,1,9000,34,0,8,0
27374,1,32,1,5870,12,2,5,0
22493,2,13,1,3000,15,17,2,0
45638,1,5,1,7151,49,0,27,0
45880,1,7,1,2736,34,0,7,0
29340,1,44,1,4000,18,3,3,0
46548,1,5,1,3000,9,0,2,0
10804,1,4,1,4000,2,0,3,0
20965,1,10,1,1908,73,0,6,0
30033,2,43,1,0,27,0,20,0
5223,1,5,1,3000,10,60,2,0
660,1,27,1,0,76,0,15,0
33246,1,44,1,0,66,0,5,0
5866,1,23,1,2048,100,0,10,0
48872,1,6,2,3589,39,60,5,0
22986,2,43,1,6000,8,10,5,0
28881,1,43,1,5000,40,0,4,0
47088,1,20,1,6738,43,10,26,0
26528,1,2,1,5000,13,0,4,0
9648,1,20,1,7360,64,6,10,0
49546,2,3,1,11988,14,17,42,1
32375,1,44,1,0,19,0,9,0
26159,2,5,1,4000,16,7,3,0
11712,2,29,1,0,10,1,6,0
27239,2,17,1,8086,9,60,32,1
18354,1,19,1,4000,3,0,3,0
49515,1,35,1,5125,7,0,9,0
21725,1,7,1,830,9,0,75,0
25925,1,44,1,12000,4,17,11,0
41390,1,39,1,0,26,0,4,0
4773,2,10,1,0,15,0,4,0
35205,1,5,1,0,9,0,5,0
27879,1,19,1,8470,13,0,11,0
5875,1,11,1,0,15,5,22,0
17805,2,33,1,7000,11,0,6,0
34224,1,36,1,8000,36,10,7,0
7842,1,35,1,11000,15,0,10,0
15923,1,23,1,7000,100,4,6,1
28367,1,38,1,9000,69,0,8,0
12084,1,32,1,5536,51,2,5,0
20034,1,35,1,6720,100,0,9,0
14488,2,36,1,0,36,0,4,0
20819,1,49,1,0,18,0,4,0
37518,1,23,1,0,64,11,2,0
44236,1,36,1,0,27,37,14,0
48651,1,39,1,0,27,0,6,0
36236,1,2,1,6183,10,1,26,1
21070,2,46,1,5000,59,6,4,0
9524,2,46,1,0,16,0,6,0
32756,2,48,1,4008,29,9,4,0
12054,1,5,1,8967,3,5,8,0
23594,1,11,1,11000,26,0,10,0
8038,2,32,1,0,6,2,5,0
46977,1,34,1,8000,51,2,7,0
16400,1,5,1,0,33,12,8,0
45786,2,10,1,0,39,0,5,0
34616,2,48,1,0,24,0,10,0
7625,1,15,1,6913,16,11,7,0
13662,1,29,1,0,29,0,7,0
37737,1,51,1,3000,17,0,2,0
26542,1,24,1,0,16,5,11,0
13268,2,15,1,3269,6,0,3,0
18083,2,24,1,6000,18,0,5,0
48086,2,36,1,5000,15,0,4,0
42768,1,39,1,8602,89,2,17,1
4071,1,19,1,3173,3,17,12,0
16287,1,44,1,2000,32,0,1,0
1119,1,4,1,4000,16,0,3,0
10075,1,39,1,11000,7,0,10,0
11374,2,39,1,0,22,0,42,0
32685,2,12,1,9891,100,0,10,0
46434,2,21,1,5000,23,0,4,0
25350,1,13,1,4043,100,0,8,0
6716,2,35,1,6000,21,5,5,0
34568,1,5,1,1591,100,7,5,0
1031,1,5,1,10896,14,0,18,0
22754,2,15,1,1275,45,0,3,0
11762,2,23,1,0,41,20,4,0
35897,1,44,1,7000,19,0,6,0
14493,1,46,1,5000,39,0,4,0
25086,1,44,1,2645,29,0,2,0
20396,1,5,1,7312,34,14,9,0
4814,1,5,1,0,49,0,11,0
8995,2,14,1,0,66,3,4,0
49692,2,22,1,4000,24,0,3,0
21375,2,35,1,0,9,0,11,0
30243,1,24,1,5000,31,0,4,0
47579,1,9,1,7000,22,7,6,0
1165,1,24,1,2577,4,1,5,0
24811,1,25,1,10874,23,0,10,0
21110,1,48,1,4000,20,0,3,0
3698,1,5,1,4000,10,0,3,0
11439,1,49,1,0,98,5,14,0
4470,2,39,1,4000,71,0,3,0
9808,2,44,1,0,11,8,14,0
47768,1,29,1,1484,6,30,9,0
6749,1,46,1,4000,7,0,3,0
49185,2,35,1,1319,26,0,13,0
17379,2,47,1,3575,47,4,5,0
36885,2,5,1,6000,11,0,5,0
13357,1,23,1,0,14,0,19,0
32405,1,46,1,0,21,0,5,0
42455,2,39,1,3489,10,6,6,0
46066,1,1,1,4000,8,23,3,0
11539,1,10,1,0,9,0,7,0
2009,2,23,2,7000,46,0,6,0
3222,1,43,1,6000,31,0,5,0
44997,2,19,2,6112,17,0,6,0
18763,1,35,1,5000,5,26,4,0
14166,2,6,1,3640,27,12,6,0
40684,1,8,1,0,30,0,7,0
25081,2,44,1,6502,22,0,6,0
1823,1,35,1,0,55,7,9,0
44662,1,4,1,6000,12,0,5,0
6849,2,15,1,371,63,0,30,0
12636,1,28,1,1803,15,8,23,0
37669,1,45,1,0,30,0,27,0
6096,2,5,1,0,21,0,6,0
39249,2,48,1,3000,92,6,2,0
10578,1,39,1,0,6,5,14,0
31075,1,37,1,5000,2,7,4,0
29113,1,5,1,0,12,0,25,0
10193,2,46,1,0,6,0,14,0
315,1,5,1,3000,18,0,2,0
11450,2,6,1,0,68,27,22,0
30746,1,41,1,4000,6,0,3,0
29703,1,15,1,3000,84,4,2,0
27659,1,13,1,8397,38,1,18,0
23686,2,10,1,5000,12,0,4,0
28376,1,32,1,0,67,1,6,0
3086,1,2,1,0,8,3,4,0
49372,1,27,1,1958,20,5,5,0
3752,1,15,1,0,22,1,10,0
5049,1,35,1,10468,25,5,10,0
29187,2,5,1,0,94,7,5,0
30709,1,13,1,0,17,16,7,0
20147,2,3,1,0,10,2,6,0
32250,1,11,1,5000,18,0,4,0
4970,2,5,1,0,31,0,4,0
30526,1,20,1,0,7,0,6,0
18495,1,51,1,0,19,21,4,0
38065,1,46,1,0,74,0,3,0
41837,1,39,1,2778,100,10,16,0
32753,1,38,1,0,3,0,17,0
20074,1,15,1,7000,55,6,6,0
26274,1,17,1,0,15,0,2,0
13650,2,21,1,6000,25,0,5,0
25534,2,24,1,2249,15,0,4,0
17522,1,5,2,4000,14,0,3,0
25481,2,15,1,0,39,0,5,0
48235,2,43,1,0,100,0,11,0
48788,1,36,1,0,23,0,7,0
32390,1,36,1,0,66,0,2,0
5087,1,25,1,0,11,0,5,0
17253,2,16,1,3000,25,0,2,0
4040,1,10,1,4000,27,11,3,0
18387,1,11,1,9492,2,0,23,0
4247,1,35,1,10000,16,0,9,0
18628,1,29,1,3546,21,0,7,0
880,1,18,1,2197,65,15,5,0
23299,1,39,1,8000,5,5,7,0
29753,2,11,1,12130,8,0,17,1
30173,1,16,1,4000,37,3,3,0
28560,1,36,1,3000,100,16,2,0
18864,1,15,1,4979,15,20,47,0
43344,2,20,1,4000,26,0,3,0
34211,1,18,2,2847,36,0,8,0
26084,2,39,1,4000,44,6,3,0
1942,1,44,1,2798,31,0,2,0
22226,2,36,1,8000,9,0,7,0
44692,1,35,1,64,32,0,7,0
43240,2,5,1,10000,12,2,9,0
23860,1,36,1,7000,27,0,6,0
14159,2,5,1,7000,46,0,6,0
33876,1,15,1,17223,4,0,32,1
48105,2,37,1,3000,6,24,2,0
23450,1,17,1,10047,76,7,10,1
6624,2,44,1,0,21,33,4,0
38265,2,43,1,2661,15,4,2,0
26242,1,39,1,0,9,7,4,0
47592,1,6,1,6098,24,1,15,0
24156,2,25,1,5000,53,4,4,0
32059,2,29,1,11000,100,0,10,1
9332,2,21,1,6273,21,0,21,1
43565,1,32,1,0,10,0,11,0
3494,1,44,1,4809,50,5,60,1
4879,2,10,1,5309,42,0,36,0
47063,1,15,1,1072,38,2,17,0
999,2,38,1,0,11,0,4,0
37087,1,29,1,3674,14,0,6,0
36438,2,21,1,5000,35,0,4,0
34750,1,31,1,5915,10,0,5,0
28617,1,38,1,7000,33,22,6,0
37096,1,11,1,7687,2,3,7,0
22811,1,11,1,2950,20,0,2,0
7143,1,43,1,5000,44,0,4,0
21559,1,5,1,3102,20,0,7,0
9936,1,37,1,4223,8,0,19,0
4789,2,38,1,4879,15,40,5,0
30511,1,15,1,0,45,0,5,0
31190,2,11,1,3000,44,2,2,0
20084,1,29,1,2480,11,0,3,0
10824,1,23,1,20828,12,2,56,1
673,1,35,1,155,19,0,3,0
15595,1,35,1,0,3,0,18,0
43049,1,7,1,421,27,0,5,0
21912,2,10,1,0,100,60,8,1
11869,1,4,1,5000,10,0,4,0
34691,1,16,1,6000,8,3,5,0
11322,2,5,1,0,44,0,61,0
44212,1,5,1,5365,34,6,7,0
24615,1,47,1,3762,11,21,14,0
12006,1,35,1,0,21,0,4,0
3940,1,10,1,0,45,0,4,0
4614,1,39,1,0,20,16,13,0
36760,1,32,1,0,8,0,7,0
31459,1,44,1,3000,8,0,2,0
44953,1,15,1,0,2,0,3,0
4348,1,24,1,4000,60,2,3,0
39328,2,10,1,4000,1,0,3,0
49923,1,22,1,7000,41,1,6,0
22394,1,17,1,0,46,4,5,0
3157,2,44,1,3000,100,0,2,0
29918,1,13,1,2008,3,0,7,0
37224,1,10,1,3000,3,0,2,0
13479,2,34,1,7000,100,0,6,1
13872,1,5,1,26000,48,28,25,1
38556,1,41,1,3000,34,11,2,0
25330,1,17,1,6000,14,0,5,0
44685,2,10,1,5000,77,0,4,0
986,1,48,1,7000,8,1,6,0
37140,1,44,2,0,10,0,11,0
35034,2,35,1,0,9,3,5,0
23731,1,5,1,7000,16,0,6,0
7531,2,36,1,3499,9,0,3,0
44395,2,35,1,9292,74,0,11,0
32949,2,13,1,10000,37,17,9,0
30878,1,35,1,4000,21,0,3,0
29931,2,21,1,3000,12,5,2,0
23416,2,32,2,391,9,12,18,0
6060,2,21,1,5000,18,1,4,0
23680,2,19,1,3000,16,2,2,0
15941,2,21,1,0,4,2,5,0
6949,1,34,1,5000,35,0,4,0
30096,1,37,1,6852,62,0,7,0
41340,1,15,1,1936,15,2,3,0
49599,2,32,1,2406,62,0,5,0
33184,1,26,2,7000,11,0,6,0
16581,1,11,1,4000,2,6,3,0
1389,1,20,1,0,10,7,22,0
21351,1,15,1,11917,40,0,16,0
49751,1,5,1,3000,16,0,2,0
34432,1,44,1,2144,13,10,22,0
24455,1,2,1,3263,31,0,8,0
40360,2,44,1,5161,19,0,7,0
18578,2,44,1,0,45,6,2,0
33452,2,26,1,574,17,28,7,0
47853,2,23,1,2782,4,0,14,0
5,1,46,1,0,11,16,7,0
29183,1,18,1,4000,22,1,3,0
8231,2,24,1,3000,4,0,2,0
5947,1,13,1,4000,5,52,3,0
7823,2,4,1,3181,64,0,3,0
19487,1,35,1,8690,25,8,8,0
15385,1,9,1,0,79,0,9,0
41100,2,7,1,4304,88,3,4,0
18184,1,35,1,6000,10,10,5,0
27162,1,43,1,0,100,0,9,0
11646,2,29,1,4000,3,0,3,0
24391,2,15,1,6986,30,0,7,0
4851,1,47,1,0,16,20,6,0
47436,2,44,1,10000,33,0,9,0
42207,1,5,1,4493,11,0,10,0
45341,1,49,1,0,23,0,28,0
28170,1,35,1,4000,57,5,3,0
3420,1,4,1,4000,100,60,3,0
42591,2,6,1,3000,15,21,2,0
38735,2,37,1,0,41,0,5,0
36720,2,41,1,11000,10,2,10,0
29498,2,23,1,8164,11,0,8,0
4363,1,46,1,4000,14,2,3,0
4029,2,21,1,6000,4,1,5,0
3427,1,2,1,3000,15,0,2,0
20269,2,5,1,3950,100,14,18,0
20058,1,39,1,2000,19,26,1,0
11479,2,51,1,5000,13,0,4,0
47945,2,50,1,4124,12,0,7,0
29393,2,13,1,790,42,25,5,0
29047,2,5,1,0,100,0,3,0
8565,2,29,1,5000,92,9,4,0
39507,1,45,1,0,100,2,5,0
49805,2,4,1,0,8,0,45,0
25450,1,26,1,0,6,6,3,0
34922,1,25,1,5000,85,0,4,0
30478,1,5,1,4000,27,0,3,0
13520,1,20,2,2791,13,0,7,0
34008,1,15,2,4326,43,0,4,0
21316,1,4,1,5000,27,0,4,0
42425,1,35,1,0,44,4,2,0
48901,1,25,1,0,4,3,14,0
47633,2,10,1,6000,24,0,5,0
49789,2,21,1,8167,39,0,21,1
44232,2,50,1,3000,14,0,2,0
10724,2,49,1,3900,41,0,6,0
13155,2,46,1,10000,9,0,9,0
13763,2,41,1,3138,10,0,28,0
42812,1,32,1,2596,11,0,2,0
30804,2,33,1,4511,9,46,6,0
36261,1,8,1,15823,75,0,17,1
21437,1,20,1,8000,13,5,7,0
25971,2,5,1,0,32,0,3,0
32204,2,36,1,7000,4,10,6,0
7181,2,10,1,6721,38,11,16,0
41281,1,24,1,5000,2,0,4,0
28087,2,5,1,8570,5,0,9,0
13702,2,10,1,7000,16,0,6,0
1004,1,48,1,0,12,0,3,0
9059,1,10,1,4000,100,0,3,0
44235,2,36,1,3000,66,4,2,0
25675,2,24,1,6000,10,0,5,0
45056,2,25,1,0,4,1,15,0
35144,1,29,1,1452,54,0,25,0
38163,2,35,1,5000,16,5,4,0
22477,2,48,1,3000,100,12,2,0
23007,1,42,1,3000,7,0,2,0
45344,1,24,1,12000,2,19,11,0
36128,1,6,1,0,21,0,2,0
49710,1,2,1,4000,2,0,3,0
13099,1,43,1,0,44,2,5,0
37196,1,4,1,5858,32,4,9,0
4108,2,49,1,4000,8,0,3,0
41336,1,18,1,0,11,0,3,0
25223,1,36,1,8946,12,60,9,0
35840,1,3,1,0,8,0,6,0
29719,1,19,1,6000,10,0,5,0
46953,2,11,1,5000,20,37,4,0
29828,1,13,1,8000,25,1,7,0
17543,1,5,1,4000,52,26,3,0
24916,1,43,1,6000,20,5,5,0
4514,1,21,1,0,100,0,13,0
19937,2,29,1,0,23,1,5,0
46525,2,34,1,0,13,0,10,0
24511,1,23,1,5000,5,0,4,0
27442,1,29,1,1032,9,0,7,0
12002,1,45,1,0,20,0,8,0
23354,1,4,1,5000,61,0,4,0
27293,2,5,1,0,11,0,10,0
34204,2,38,1,5000,10,0,4,0
12148,2,15,1,0,62,0,7,0
15292,2,35,1,0,21,0,3,0
46880,1,19,1,3000,31,0,2,0
8691,1,16,1,5000,16,3,4,0
12654,2,23,1,0,22,0,6,0
31470,1,5,1,0,50,0,5,0
2955,2,11,1,619,11,12,4,0
3004,1,49,1,1713,21,11,5,0
15814,2,16,1,3000,4,0,2,0
6657,1,34,1,5000,6,0,4,0
12774,1,20,1,2000,46,0,1,0
39531,2,21,1,5481,100,0,23,1
34408,2,16,1,7017,9,0,8,0
8837,1,39,1,0,18,0,23,0
14618,1,5,1,9890,47,12,9,0
22836,1,20,1,7930,67,9,8,0
15981,1,5,1,10795,27,0,21,0
37916,2,23,1,3000,8,4,2,0
1571,1,23,1,686,6,4,3,0
35908,1,26,1,6056,6,0,13,0
26090,2,5,1,5000,76,0,4,0
20914,1,16,1,0,43,0,3,0
9958,2,40,1,8000,19,0,7,0
18276,1,32,1,11391,9,0,25,0
15432,1,48,1,4000,68,12,3,0
23494,1,6,1,0,4,0,10,0
15790,1,46,1,0,81,0,8,0
35780,2,11,1,11000,34,0,10,0
11981,1,41,1,3000,19,2,2,0
44906,2,24,1,3205,85,0,10,0
35763,2,32,1,749,37,5,4,0
27093,1,17,1,0,11,2,7,0
46835,1,28,1,5000,84,0,4,0
33438,1,20,1,11,3,20,8,0
47381,1,15,1,4000,5,60,3,0
1591,1,10,1,0,22,0,3,0
26756,2,36,1,786,7,14,4,0
21759,1,35,1,3000,25,6,2,0
3002,1,23,1,8140,11,0,9,0
44112,1,39,1,1994,30,7,2,0
43520,2,20,1,0,6,0,6,0
629,1,29,1,674,5,0,17,0
20737,1,7,1,1841,14,0,11,0
11903,2,2,1,10000,33,40,9,0
6367,2,35,1,3000,3,0,2,0
17133,1,15,1,5000,34,0,4,0
9479,1,36,2,3636,23,0,6,0
41871,1,4,1,7000,4,1,6,0
12933,2,24,1,991,4,0,10,0
13642,2,16,1,5651,46,0,10,0
19627,2,32,1,4682,17,0,42,0
9952,1,16,1,7000,40,0,6,0
28963,2,15,1,7000,9,7,6,0
28446,2,2,1,0,47,0,6,0
19699,1,44,1,0,14,0,2,0
44224,1,15,1,0,3,0,18,0
2997,2,35,1,9564,95,0,16,1
13638,2,5,1,4000,18,0,3,0
22471,1,29,1,0,81,0,2,0
36087,2,15,1,9000,10,0,8,0
28918,1,18,1,6000,2,0,5,0
17650,2,44,1,1511,13,2,26,0
27956,2,35,1,6000,14,4,5,0
2855,2,2,1,2275,16,0,3,0
13390,2,15,1,0,79,8,5,0
13049,1,35,1,4000,26,0,3,0
22333,1,39,1,4000,27,0,3,0
30578,1,13,1,0,84,0,3,0
34735,2,41,1,3000,20,2,2,0
19539,2,32,1,0,4,0,10,0
39587,1,45,1,3000,41,0,2,0
5573,1,32,1,933,22,3,7,0
47751,2,5,1,5000,34,16,4,0
30964,1,5,1,10000,38,1,9,0
35496,2,11,1,0,90,4,1,0
20263,2,43,1,5452,14,1,43,0
44660,1,29,1,0,70,0,9,0
21746,2,44,1,0,30,0,9,0
47249,1,11,1,5000,13,0,4,0
36228,2,15,1,0,17,11,6,0
28787,2,20,1,6000,26,0,5,0
35620,1,16,1,3517,5,0,6,0
46000,1,5,2,6000,4,0,5,0
49513,2,6,1,11301,55,0,12,0
44515,1,15,1,7000,16,12,6,0
28684,1,44,1,3000,9,2,2,0
31549,2,46,1,0,27,1,5,0
31965,1,10,1,7372,20,6,14,0
9434,2,35,1,4000,20,0,3,0
22374,2,43,1,3000,2,3,2,0
21623,2,44,1,0,23,1,2,0
12452,2,11,1,5000,100,6,4,0
11800,2,44,1,11000,6,0,10,0
31389,1,3,1,3000,54,0,2,0
20769,1,5,1,0,72,0,11,0
4829,2,44,1,0,74,0,1,0
14590,1,43,1,9960,41,0,25,0
1508,1,36,1,4565,100,0,7,0
18613,1,5,1,13745,11,16,17,0
19303,1,35,1,3224,48,2,11,0
38310,1,6,1,8248,12,0,17,0
1739,1,35,1,2130,26,5,13,0
35876,1,44,1,0,10,0,8,0
47068,2,10,1,115,100,0,5,0
5115,2,19,1,4000,15,0,3,0
24907,2,39,1,4000,100,0,3,0
7636,1,4,1,5000,3,2,4,0
14399,1,10,1,5000,9,2,4,0
36171,1,45,1,0,4,11,4,0
9184,1,11,1,0,49,2,29,0
36797,2,10,1,0,25,0,11,0
37623,1,10,1,0,26,0,7,0
1656,1,10,1,1652,10,3,14,0
4327,2,20,1,0,79,0,4,0
27378,1,5,1,1816,9,46,12,0
19045,1,39,1,3938,29,0,3,0
44329,2,32,1,0,9,6,12,0
9662,1,5,1,4000,5,0,3,0
15915,1,44,1,5000,14,0,4,0
25467,2,46,1,16363,8,0,46,1
13611,1,16,1,878,6,0,25,0
11671,2,5,1,8000,44,0,7,0
1220,1,44,1,4000,34,14,3,0
38864,2,5,1,6291,30,10,15,0
12558,2,32,1,5593,30,7,5,0
39144,2,35,1,0,22,0,2,0
35509,2,5,1,6000,18,8,5,0
11853,1,34,1,8365,25,5,17,0
13239,2,18,1,7000,16,1,6,0
29951,2,50,1,6639,17,0,25,0
27985,1,20,1,0,49,0,2,0
22091,2,36,1,4000,32,1,3,0
48990,1,27,1,4161,41,0,8,0
40640,1,25,1,0,21,0,5,0
28912,1,6,1,8000,6,0,7,0
8571,2,29,1,5000,9,0,4,0
38432,2,5,1,11778,7,10,14,1
40526,2,32,1,4000,33,0,3,0
35550,2,44,1,10000,100,0,9,0
29488,2,35,1,0,15,0,5,0
26038,1,20,1,8000,34,0,7,0
19371,1,12,1,7619,5,0,12,0
44735,1,4,1,3000,14,2,2,0
6916,2,39,1,0,70,9,6,0
14999,1,15,1,4000,3,9,3,0
16751,2,32,1,0,7,20,4,0
29960,1,5,1,7355,23,0,7,0
28857,2,5,1,0,8,0,1,0
38912,1,48,1,0,52,0,9,0
5844,1,27,1,501,19,10,16,0
15770,1,29,1,7000,18,1,6,0
27099,2,37,1,12000,27,34,11,0
34727,1,24,1,6000,100,0,5,0
20931,2,24,1,1351,2,0,8,0
12314,1,18,1,4277,33,60,25,0
8294,1,5,2,2169,1,2,3,0
49409,1,51,1,6120,7,0,7,0
22320,1,32,1,4000,92,0,3,0
20487,1,10,1,8000,9,0,7,0
22611,2,36,1,6000,19,0,5,0
12466,2,5,1,4000,13,0,3,0
41513,2,10,1,0,33,4,4,0
48610,1,15,1,4000,87,0,3,0
17673,2,44,1,0,9,0,8,0
8566,2,11,1,1010,20,1,17,0
42906,1,24,2,0,11,2,9,0
33295,1,36,1,4000,17,0,3,0
12929,2,25,1,2759,2,0,3,0
8384,2,25,1,2674,7,0,26,0
26547,1,5,1,3042,5,11,4,0
21161,1,5,1,0,9,1,7,0
25332,1,5,1,9000,68,0,8,0
417,1,32,1,0,30,3,6,0
38314,1,50,1,3000,17,1,2,0
40759,2,11,1,5537,20,0,18,0
1407,1,46,1,2227,3,3,4,0
27989,2,7,1,2767,23,39,6,0
20658,1,35,1,0,50,3,26,0
46982,2,35,1,7191,13,0,7,0
29902,2,35,1,0,15,7,7,0
32870,1,36,1,0,6,3,6,0
21614,1,4,1,2740,38,0,11,0
18693,2,46,1,0,15,9,3,0
14463,1,28,1,647,2,0,4,0
13530,1,15,1,4408,10,0,7,0
29805,2,32,1,12980,19,0,13,0
1445,2,25,1,10318,29,4,56,1
18219,1,5,1,0,20,1,4,0
45064,1,4,1,5258,11,2,32,0
30647,1,32,1,13141,10,20,16,0
49168,1,24,1,7000,8,0,6,0
39990,2,35,1,8000,18,0,7,0
44756,1,15,1,0,10,0,8,0
48346,1,32,1,376,84,10,6,0
42970,1,18,1,1982,36,2,20,0
20420,1,10,1,5703,27,0,5,0
10897,2,35,1,0,7,2,3,0
45621,1,43,1,7000,2,14,6,0
36350,2,11,1,12974,22,9,27,0
19313,1,10,1,6308,36,0,9,1
5583,2,10,1,1039,6,0,12,0
6683,1,5,1,0,19,0,15,0
30680,2,35,1,0,62,0,11,0
28389,1,43,1,0,4,9,11,0
6848,2,4,1,10000,10,0,9,0
15982,1,44,1,1956,7,0,7,0
33676,1,44,1,7000,1,2,6,0
47504,1,44,1,7000,78,0,6,0
7566,2,32,1,7000,5,9,6,0
20729,1,29,1,8430,25,0,8,0
7412,1,6,1,0,22,0,7,0
25355,2,44,1,3000,42,0,2,0
47739,1,36,1,0,56,45,6,0
9759,2,32,1,0,38,0,16,0
9768,2,36,1,5000,9,3,4,0
7134,1,42,1,0,40,20,61,0
28594,2,48,1,3000,46,2,2,0
41210,1,35,1,0,100,0,6,0
23112,2,5,1,22124,4,0,24,1
44347,1,24,1,2283,43,0,20,0
22810,2,32,1,3914,19,0,3,0
20508,1,13,1,5827,1,3,8,0
45706,1,44,1,0,48,1,5,0
21762,1,43,1,0,17,0,3,0
21496,1,35,1,18000,16,0,17,0
11505,2,5,1,5000,24,8,4,0
32457,2,44,1,6000,20,0,5,0
44210,1,3,1,0,9,0,3,0
43813,1,43,1,4695,36,1,5,0
18265,1,34,1,0,37,0,3,0
41115,2,13,1,1242,7,29,20,0
20035,1,5,1,6000,8,0,5,0
10076,2,5,1,4636,20,6,11,0
37297,1,39,1,2212,21,24,4,0
14277,1,2,1,0,18,33,6,0
35781,1,15,1,178,69,2,1,0
16871,1,45,1,3110,18,4,7,0
4230,2,19,1,1949,70,13,26,0
49030,1,20,1,2054,8,0,11,0
168,1,2,1,5000,74,0,4,0
14447,2,35,1,4000,49,0,3,0
36717,2,11,1,6000,39,0,5,0
36165,1,36,1,4000,62,0,3,0
14474,1,24,1,0,19,0,22,0
44427,2,21,1,0,8,0,12,0
46117,1,5,1,3613,20,0,7,0
30626,1,35,1,7569,84,3,8,1
9961,1,35,1,8921,48,32,10,0
38723,2,35,1,3720,100,6,4,0
28345,2,12,1,0,19,0,1,0
16438,1,34,1,3535,50,2,4,0
8854,1,3,1,0,26,60,4,0
17364,1,35,1,865,9,0,10,0
4581,2,44,1,5000,19,11,4,0
47304,2,10,1,4000,21,0,3,0
44680,2,29,1,14000,82,11,13,1
15193,2,11,1,0,11,0,3,0
31448,2,44,1,4000,4,0,3,0
5526,1,35,1,0,25,10,5,0
39228,1,46,1,0,6,2,13,0
3468,2,15,1,3000,9,0,2,0
15074,2,14,1,9140,29,0,23,0
48706,1,11,1,0,14,0,2,0
13610,2,5,1,0,28,0,18,0
18786,1,29,1,3000,7,0,2,0
39758,1,44,1,6000,54,0,5,0
24217,1,7,1,5736,21,1,14,0
33986,2,17,1,4000,17,0,3,0
11626,1,39,1,915,43,2,21,0
12137,1,5,1,0,7,0,4,0
12629,1,5,1,15000,28,0,14,1
28348,1,7,1,14000,9,7,13,0
43512,1,12,2,0,4,0,3,0
5873,2,18,1,6000,13,0,5,0
48244,2,32,1,4000,2,5,3,0
33982,1,21,1,2332,31,0,9,0
31261,1,49,1,10000,2,4,9,0
12293,2,32,1,2016,21,0,22,0
42287,1,35,1,5000,22,2,4,0
13665,1,15,1,3000,47,7,2,0
12951,1,3,1,0,8,0,10,0
31757,1,39,1,7228,11,0,8,0
14514,2,34,1,19982,32,10,25,1
20458,2,5,1,10718,17,0,20,0
41547,2,10,1,0,22,0,18,0
851,1,39,1,5461,7,0,33,0
34768,1,6,1,2769,17,22,3,0
24913,1,10,1,12700,33,11,32,1
17970,1,17,1,13000,67,0,12,1
28377,1,20,1,8392,9,40,10,0
9890,1,11,1,9000,25,2,8,0
46456,1,4,1,0,74,0,3,0
38500,1,35,1,8000,30,1,7,0
16248,2,10,1,2045,53,0,5,0
8787,2,18,1,6000,27,6,5,0
35430,1,43,1,7000,27,0,6,0
19104,2,18,1,8000,14,0,7,0
44143,1,35,1,1680,100,0,9,0
14787,2,11,1,4000,42,15,3,0
18217,1,2,1,12000,22,2,11,0
29737,2,32,1,2433,22,0,8,0
18195,2,31,1,0,18,0,4,0
42356,1,28,1,7000,6,0,6,0
20186,2,44,1,10000,72,5,9,0
38611,2,5,1,0,16,1,2,0
22656,1,7,1,0,30,0,8,0
31786,2,5,1,2143,10,12,75,0
36667,2,4,1,1883,17,0,6,0
44905,1,38,1,5000,9,0,4,0
6080,1,39,1,0,35,0,4,0
15556,2,45,2,4000,11,0,3,0
48062,2,35,1,6000,63,0,5,0
24408,1,35,1,3000,12,0,2,0
44889,1,38,1,10512,100,0,15,1
6425,2,31,1,89,50,0,11,0
46203,1,32,1,0,35,0,5,0
42285,1,19,1,0,25,0,4,0
45699,2,18,1,10638,10,0,75,1
41461,1,10,1,110,11,0,14,0
28418,1,32,1,11000,47,0,10,0
18151,2,21,1,4463,80,6,23,1
30624,1,45,1,5823,9,0,9,0
3151,2,46,1,7000,37,0,6,0
18185,1,30,1,3000,7,18,2,0
26731,1,50,1,9621,13,0,17,0
12515,1,35,1,5660,38,0,14,0
36056,1,39,1,0,72,0,7,0
40833,1,5,1,7469,20,0,9,0
34374,2,10,1,6572,37,0,9,0
45453,2,18,1,8000,13,0,7,0
34308,1,40,1,6000,21,0,5,0
46162,1,11,1,1337,10,3,5,0
37976,2,10,1,2000,87,0,1,0
21233,1,44,1,4000,47,0,3,0
20327,1,45,1,0,21,0,4,0
27005,2,44,1,0,7,0,8,0
45594,1,35,2,3665,5,0,20,0
25848,2,16,1,6000,43,2,5,0
7440,2,23,1,12364,100,4,13,0
37341,2,4,1,5000,6,8,4,0
10027,1,29,1,0,9,26,8,0
20966,2,6,1,10000,39,0,9,0
7285,1,39,1,1098,21,1,7,0
30275,2,35,1,5000,96,14,4,0
49968,1,18,1,0,34,0,2,0
31159,1,23,1,0,2,17,18,0
15618,1,49,1,4000,2,0,3,0
9619,1,48,1,0,18,0,8,0
28873,1,5,1,2599,49,1,2,0
37268,1,46,1,0,50,3,2,0
18811,1,21,1,3751,13,0,13,0
32954,1,44,1,4915,18,3,22,0
29894,2,15,1,4000,20,0,3,0
32505,1,15,1,0,2,0,8,0
27732,1,43,1,0,17,32,4,0
31314,1,44,1,7000,29,0,6,0
31845,1,44,1,0,42,4,9,0
4274,1,39,1,3000,97,7,2,0
47404,2,48,1,4000,25,0,3,0
23362,2,35,1,0,16,0,8,0
2323,1,35,1,2810,41,0,2,0
14973,1,10,1,10151,24,0,15,0
16452,1,21,1,8000,14,2,7,0
14546,2,1,1,8000,48,3,7,0
19314,2,5,1,5614,6,0,8,0
23671,1,5,1,10859,9,5,27,1
37050,1,44,1,0,1,0,11,0
45913,1,16,1,0,16,15,2,0
26320,1,38,1,400,43,0,11,0
33922,1,49,2,1067,13,0,7,0
6323,1,27,1,0,59,0,11,0
466,1,16,1,5000,11,0,4,0
3254,1,5,1,5540,6,0,11,0
10987,2,3,1,0,72,0,2,0
14751,2,29,1,0,17,4,2,0
14785,1,15,1,8487,7,1,22,0
565,1,38,1,12161,48,3,12,0
43127,2,11,1,4000,60,0,3,0
12725,2,25,1,0,2,0,6,0
33808,1,5,1,4000,26,0,3,0
7299,1,35,1,5271,22,5,18,0
25389,2,51,1,8000,79,12,7,0
19686,2,29,1,12000,30,0,11,0
34489,1,29,1,3124,20,0,5,0
37828,1,14,1,9091,4,0,9,0
3594,2,2,1,11000,17,0,10,1
12401,1,19,1,2691,3,15,9,0
29940,1,39,1,5044,6,0,10,0
24855,1,4,1,4000,20,3,3,0
21776,1,48,1,7967,21,0,31,0
38919,1,15,2,0,9,8,10,0
7526,2,44,1,3747,61,0,27,0
8902,1,39,1,0,33,6,3,0
24779,2,24,1,14186,11,0,15,0
40304,1,36,1,2733,18,7,8,0
39666,1,19,1,0,50,2,10,0
31513,1,26,1,202,27,8,8,0
26723,1,5,1,0,100,0,7,0
11905,2,5,1,4747,13,0,11,0
32150,1,32,1,3389,55,3,4,0
48832,1,22,1,4000,18,0,3,0
21258,1,4,1,4000,18,1,3,0
43773,1,10,1,3837,63,0,9,0
42847,1,39,1,5938,19,1,10,0
32749,2,32,1,4358,66,7,4,0
34536,1,10,1,3597,20,5,11,0
31921,2,46,1,0,17,2,11,0
34537,1,5,1,23601,59,8,24,1
9074,1,48,1,3000,66,0,2,0
2339,1,11,1,0,23,0,4,0
17027,1,34,1,0,69,11,3,0
20215,2,5,1,4008,11,0,26,0
10993,2,10,2,946,10,0,9,0
16340,2,17,1,5000,21,0,4,0
49127,1,26,1,3913,8,5,15,0
42628,2,4,1,2334,32,3,25,0
43377,2,5,1,0,6,2,10,0
7271,2,5,1,14116,19,0,17,1
26458,1,36,1,0,4,0,17,0
16282,1,45,1,0,72,7,2,0
8727,1,4,1,6000,17,0,5,0
24193,2,5,1,1590,100,6,6,0
29728,2,15,1,9000,19,0,8,0
1567,1,2,1,845,12,0,10,0
43977,1,35,1,8000,68,0,7,0
11754,1,44,1,6000,14,6,5,0
37023,1,10,1,13057,15,0,28,0
34921,1,20,1,5000,11,0,4,0
13366,2,15,1,6911,17,0,6,0
37399,1,44,1,6181,23,10,9,0
36169,2,44,1,4193,30,15,48,0
12426,1,21,1,2023,2,0,6,0
645,1,36,1,3000,5,0,2,0
1040,2,7,1,4000,26,3,3,0
28077,1,35,1,3752,9,13,3,0
11215,1,20,1,10732,83,9,10,0
333,1,23,1,0,3,1,3,0
6484,2,24,1,4000,42,1,3,0
45639,1,10,1,5000,33,0,4,0
32733,1,4,1,1448,10,1,4,0
8179,2,23,1,0,43,0,10,0
16759,1,24,1,0,33,0,20,0
47722,1,5,1,2866,13,20,8,0
33288,2,32,1,6000,34,0,5,0
45683,1,35,1,0,5,10,39,0
47934,1,7,1,17402,34,0,23,0
35573,1,10,1,0,86,14,5,0
28810,1,25,1,10000,45,0,9,0
20362,2,46,1,7000,9,0,6,0
4450,1,26,1,12373,3,11,20,0
47535,2,10,1,4000,11,7,3,0
18204,1,21,1,0,38,2,2,0
18727,1,4,1,3000,5,35,2,0
28132,2,39,1,4000,10,0,3,0
12916,2,33,1,5000,6,0,4,0
46304,1,16,1,0,8,0,37,0
39062,1,44,1,0,51,0,3,0
15510,1,39,1,4000,11,5,3,0
16422,1,44,1,393,14,0,10,0
2575,1,5,1,4390,94,0,6,0
38351,1,35,1,7000,1,2,6,0
34003,2,15,1,0,1,0,6,0
10601,2,4,1,0,100,5,17,0
6937,1,3,1,0,18,0,4,0
34097,2,29,1,2000,12,0,1,0
38823,2,29,1,6000,27,0,5,0
30889,2,17,1,7714,43,0,11,0
1499,1,36,1,0,21,22,4,0
29446,1,32,1,0,16,13,6,0
29518,1,5,1,0,6,0,8,0
32132,1,20,1,0,29,2,5,0
31915,2,36,1,11590,7,0,13,0
20538,1,29,1,3000,32,0,2,0
31680,2,25,1,1180,33,0,21,0
28407,2,23,2,0,10,2,29,0
49271,1,6,1,1524,28,37,15,0
47069,2,20,1,0,40,0,5,0
28692,2,44,1,0,21,0,2,0
48330,1,44,1,8000,24,0,7,0
41821,1,35,1,14278,10,0,15,0
13535,1,6,1,3000,10,0,2,0
35459,1,35,1,975,2,10,4,0
4860,2,12,1,2000,43,0,1,0
30932,1,24,1,0,26,0,4,0
14075,1,5,1,6582,82,5,13,0
39012,2,10,1,0,75,2,28,0
15445,1,29,1,5000,39,0,4,0
42645,1,37,1,7342,31,22,18,0
42825,1,10,1,11143,21,0,21,1
485,2,25,1,0,5,0,6,0
40140,2,38,1,7237,6,0,10,0
35249,2,15,1,0,22,0,17,0
47553,2,18,1,5631,100,10,18,0
35752,1,1,1,8899,38,0,9,0
31135,1,11,1,9000,12,0,8,1
19233,1,5,1,1340,35,40,11,0
14476,1,32,1,11079,6,0,12,0
29801,1,41,1,379,15,8,2,0
31802,1,50,1,0,8,0,15,0
24676,2,40,1,4000,31,8,3,0
5237,1,23,1,0,10,0,23,0
28202,1,6,1,5000,48,0,4,0
8043,1,10,1,0,37,0,22,0
3768,1,34,1,0,22,13,2,0
31210,2,2,1,7000,8,0,6,0
22330,1,32,1,12306,32,16,33,1
37278,1,39,1,8486,17,0,18,0
29833,2,11,1,0,4,0,5,0
7525,1,25,1,5000,6,0,4,0
6808,2,46,1,0,23,6,2,0
11099,2,40,1,0,8,1,2,0
4730,1,10,1,845,51,0,14,0
6770,1,23,1,3000,20,0,2,0
23258,1,25,1,0,7,0,2,0
9554,1,35,1,4000,30,33,3,0
11911,2,23,1,0,10,8,28,0
25134,2,6,1,10000,4,14,9,0
19367,1,32,1,3489,2,0,13,0
16003,2,41,1,0,8,0,6,0
1645,2,44,1,0,3,9,4,0
45781,1,43,1,4199,40,1,6,0
20135,1,5,1,298,14,0,5,0
28822,1,37,1,3000,100,0,2,0
27637,2,5,1,4000,12,10,3,0
40658,1,26,1,3861,24,7,16,0
3280,1,15,1,3000,7,0,2,0
43954,1,18,1,5000,18,0,4,0
39538,1,15,1,6000,4,0,5,0
44981,1,5,1,9000,30,0,8,0
22666,1,15,1,3619,100,0,32,1
8249,1,45,1,4000,31,6,3,0
16167,1,5,1,4000,5,0,3,0
31709,2,49,1,1485,17,22,6,0
37418,2,24,1,0,7,10,10,0
38543,1,36,1,3000,45,0,2,0
38706,2,44,1,0,7,0,23,0
40565,1,35,1,0,53,3,8,0
26085,2,39,1,14402,28,0,16,1
17005,1,35,1,6000,34,0,5,0
42437,1,12,1,13712,19,0,28,1
6706,1,19,1,0,29,5,8,0
10173,2,16,1,1530,83,3,13,0
22086,1,43,1,0,5,0,12,0
48744,1,36,1,3000,6,0,2,0
5153,2,23,1,3048,14,4,4,0
13060,2,5,1,0,13,0,5,0
17722,2,39,1,5881,73,0,5,0
42214,2,35,1,0,35,0,3,0
24802,1,5,1,5000,6,0,4,0
20156,2,24,1,2241,45,14,3,0
5147,1,44,1,3000,8,0,2,0
32730,2,51,1,5727,45,10,16,0
49253,1,20,1,711,4,0,4,0
49477,1,44,1,9000,3,2,8,0
39443,1,6,1,1816,78,0,4,0
43121,1,29,1,6033,59,0,13,0
18577,2,25,1,0,27,0,24,0
41585,2,49,1,5000,21,5,4,0
35109,2,36,1,7000,31,0,6,0
36718,1,44,1,4862,7,10,6,0
20617,2,6,1,195,10,12,8,0
17769,1,36,1,0,6,27,14,0
16398,2,39,1,0,22,3,31,0
1233,2,39,1,0,14,3,7,0
40280,1,36,1,3000,13,0,2,0
11070,2,44,1,11000,4,0,10,0
32394,2,35,1,0,8,2,10,0
9431,1,6,1,4000,83,3,3,0
17864,2,48,1,0,7,0,11,0
34418,2,39,1,6332,8,1,11,0
44845,2,20,1,0,11,0,3,0
27617,1,5,1,2558,41,3,3,0
13035,1,24,1,6000,15,0,5,0
1604,1,5,1,6048,23,27,8,0
25037,2,10,1,3000,30,1,2,0
43369,1,16,2,6000,9,0,5,0
8538,1,10,1,10000,3,0,9,0
28602,1,5,1,6000,34,26,5,0
30645,1,5,1,8541,11,0,9,0
37322,1,43,1,14000,15,5,13,0
17285,2,5,1,2724,24,0,4,0
8376,2,43,1,4717,12,0,9,0
32583,1,3,1,3000,37,7,2,0
49233,1,20,1,9000,13,7,8,1
15351,2,18,1,0,15,10,4,0
42886,1,29,1,177,12,0,2,0
33627,1,44,1,8000,37,2,7,0
1537,2,5,2,5000,100,1,4,0
42912,2,5,1,0,8,0,5,0
21191,1,5,1,10000,12,0,9,0
1182,2,23,1,10000,70,11,9,1
6584,1,24,1,5195,5,0,5,0
11500,1,35,1,4090,18,21,22,0
30781,1,20,1,5000,18,1,4,0
10127,2,44,1,0,18,0,3,0
13023,2,17,1,6000,52,1,5,0
34213,1,2,1,16608,100,14,25,1
48908,2,32,1,9522,9,0,19,0
21229,1,39,1,6000,5,36,5,0
4456,2,24,1,0,20,0,6,0
8441,2,35,1,4000,37,17,3,0
5713,1,40,1,0,12,0,14,0
27663,2,5,1,0,22,0,3,0
19825,2,11,1,6458,12,0,7,0
31176,1,15,1,2767,14,0,10,0
11710,1,40,1,4000,5,0,3,0
15720,1,2,1,3200,20,0,16,0
20476,1,32,1,6000,65,0,5,0
18425,2,5,1,0,18,16,7,0
9550,2,36,1,7370,29,11,7,0
43966,1,49,1,0,12,0,75,0
31207,1,46,1,6000,40,2,5,0
12968,1,14,1,1789,19,0,23,0
41471,2,49,1,6000,89,3,5,1
46711,2,26,2,6000,49,13,5,0
9294,1,7,1,0,54,0,6,0
38336,1,5,1,3963,7,0,18,0
18615,1,44,1,0,100,1,11,0
38275,1,11,1,0,21,29,8,0
4520,1,44,1,3713,54,5,6,0
22110,2,30,1,0,21,0,6,0
42243,1,43,1,5000,24,1,4,0
18223,1,46,1,0,23,0,4,0
45396,2,46,1,3000,21,5,2,0
4885,2,16,2,6000,57,11,5,0
4507,1,10,1,0,18,7,5,0
42664,2,30,1,8000,100,0,7,0
25812,1,10,1,7000,13,0,6,0
11125,1,49,1,1099,42,60,2,0
665,1,10,1,4000,6,0,3,0
19131,2,5,1,4000,68,0,3,0
40411,1,35,1,2997,16,0,2,0
18300,1,9,1,0,3,0,21,0
6685,2,36,1,3636,10,0,8,0
502,1,39,1,860,1,7,14,0
28099,2,23,1,7802,35,5,11,0
44872,1,5,1,0,7,0,2,0
32651,1,32,1,16000,20,0,15,0
41289,1,29,1,7000,100,0,6,0
33571,1,42,1,7000,11,0,6,0
31893,1,4,1,0,45,20,8,0
49651,1,29,1,0,7,0,2,0
48952,1,5,1,3000,17,33,2,0
18088,1,39,1,8041,4,0,16,0
11179,1,39,1,0,4,0,2,0
19603,1,4,1,69,21,18,2,0
13252,2,10,1,3808,53,0,5,0
16417,1,45,1,617,92,0,28,0
23207,1,11,1,0,97,0,17,0
39881,1,10,1,5000,10,0,4,0
39376,2,10,1,2900,100,10,2,0
11437,2,4,1,5000,14,1,4,0
45270,2,5,1,6854,44,7,8,0
29464,1,5,1,0,26,0,3,0
6737,1,24,1,16438,100,0,22,1
20687,1,19,1,6000,14,4,5,0
17050,1,5,1,0,3,0,9,0
45512,1,23,1,2546,19,0,4,0
4845,1,29,1,0,73,0,2,0
3273,1,11,1,0,26,37,15,0
32714,1,39,2,16764,75,0,16,1
33178,1,40,1,0,77,0,3,0
49771,1,44,1,0,1,0,4,0
31808,1,13,1,5000,21,9,4,0
33270,1,18,1,3000,50,13,2,0
16096,1,46,1,7961,12,0,7,0
8905,1,2,1,0,8,0,12,0
8407,1,41,1,0,23,0,1,0
5013,1,10,1,10653,57,6,47,1
4244,1,20,1,9120,18,1,23,0
15419,1,39,1,4697,20,6,7,0
41124,1,19,1,4000,8,13,3,0
29756,1,34,1,8011,15,0,11,0
32164,1,11,1,4000,9,0,3,0
31980,1,10,1,1496,8,0,5,0
36444,1,43,1,2014,24,0,4,0
16482,2,38,1,4908,41,0,8,0
1115,1,6,1,10000,36,0,9,0
14876,1,11,1,15000,27,14,14,0
6267,1,44,1,0,54,0,10,0
39209,1,6,1,0,25,0,44,0
32427,1,16,1,5065,31,4,6,0
11918,1,35,1,11000,29,0,10,0
23181,2,25,1,7139,21,0,7,0
41354,2,5,1,3000,17,4,2,0
35149,1,6,1,8000,19,2,7,0
30573,2,36,1,5000,61,10,4,0
47807,1,5,1,0,33,0,21,0
45286,1,35,1,3000,18,0,2,0
42791,1,15,1,5472,32,0,13,0
20997,2,26,1,5898,20,14,6,0
34299,1,44,1,3000,20,0,2,0
22049,1,5,1,12606,100,0,12,1
2529,1,43,1,9000,100,3,8,0
30519,1,35,1,5000,26,15,4,0
29541,1,32,1,13000,26,0,12,0
27441,2,39,1,0,15,0,4,0
43855,2,10,1,3682,10,60,26,0
26939,2,15,1,5198,3,0,32,0
2985,1,44,1,8000,5,1,7,0
14774,2,5,1,4000,38,0,3,0
27928,1,10,1,6000,6,0,5,0
22426,2,44,1,0,28,0,8,0
26390,2,42,1,1193,27,18,5,0
42169,2,14,1,2847,29,5,24,0
45903,2,35,1,4000,27,3,3,0
19186,1,25,1,2595,4,19,34,0
18987,1,20,1,0,74,0,10,0
29621,2,11,1,4000,6,0,3,0
20561,2,10,1,4102,100,0,6,0
35150,2,18,1,0,21,0,4,0
24235,2,35,1,9058,22,3,18,0
15434,1,39,1,8815,10,0,15,0
2864,2,38,1,6000,20,5,5,0
23220,1,42,1,7499,32,29,7,0
16663,2,44,1,965,22,0,8,0
15768,2,36,1,0,12,0,9,0
14479,2,13,2,5000,10,2,4,0
9956,1,39,1,6706,2,0,19,0
31403,2,20,1,94,22,0,9,0
21050,1,35,1,2087,63,0,47,0
34970,2,25,1,6000,60,0,5,0
24269,2,13,1,6000,8,0,5,0
23205,1,5,1,0,100,3,8,0
3378,1,44,1,0,9,0,33,0
1600,2,16,2,3564,27,5,5,0
477,2,29,1,9000,12,0,8,0
10799,2,14,1,42,71,0,4,0
8640,2,20,1,2000,13,0,1,0
22143,2,34,1,1398,10,0,3,0
22183,1,5,1,7547,15,6,7,0
9933,1,44,1,1881,12,0,7,0
21047,1,15,1,0,73,0,21,0
45443,2,23,1,0,27,1,5,0
36232,1,36,1,4000,31,29,3,0
43953,1,33,1,10000,11,0,9,0
38327,1,13,1,9359,4,0,11,0
38593,2,32,1,4000,10,44,3,0
17782,1,23,1,7495,6,4,16,0
29876,1,23,1,10420,100,0,15,1
31071,2,35,1,1779,38,0,13,0
22257,2,5,1,0,94,0,9,0
9460,1,33,1,7000,61,10,6,0
10666,1,18,1,1156,68,2,5,0
8332,2,39,1,7000,9,14,6,0
25866,2,35,1,5169,20,0,5,0
48002,2,48,1,6000,28,15,5,0
17555,1,5,1,3000,12,1,2,0
38887,1,43,1,4000,100,2,3,0
28591,2,34,1,0,8,0,2,0
15303,1,39,1,0,5,14,24,0
27981,1,40,1,3000,3,0,2,0
19594,1,15,1,0,4,3,6,0
11840,1,29,1,4000,17,12,3,0
19063,1,39,2,2067,9,0,25,1
26701,2,4,1,0,5,0,15,0
39869,2,4,1,5000,77,8,4,0
18827,1,31,1,8675,34,2,16,0
44783,1,21,1,0,12,0,6,0
13474,1,10,1,0,8,0,8,0
1812,2,44,1,2069,22,9,8,0
5577,1,4,1,2794,75,0,3,0
13605,1,28,1,4638,6,0,27,0
45815,2,10,1,4520,75,0,11,0
19288,1,49,1,53,4,0,4,0
45445,1,4,1,4000,5,0,3,0
2214,2,23,1,4000,47,0,3,0
27631,1,18,1,4000,10,1,3,0
43905,1,42,2,923,20,9,5,0
30732,2,10,1,0,19,6,13,0
21256,2,10,1,7596,11,0,11,0
22983,2,41,1,10000,4,2,9,0
16040,1,49,1,0,41,0,11,0
2673,1,4,1,371,2,0,8,0
29364,1,25,1,0,100,0,20,0
2609,2,14,1,0,27,0,9,0
20497,1,49,1,0,24,7,6,0
47609,1,5,1,0,4,0,3,0
5160,1,48,1,14096,7,5,26,0
39382,1,5,1,4228,7,4,36,0
35577,1,10,1,5007,47,0,9,0
34235,1,5,1,5052,35,19,12,0
32778,1,19,1,0,3,10,5,0
11402,1,24,1,9000,4,0,8,0
10505,2,48,1,6000,9,0,5,0
33527,2,6,1,3576,100,10,12,0
41590,2,10,1,892,67,16,7,0
5755,1,32,1,7639,45,0,28,0
44771,1,36,1,750,100,7,3,0
22012,1,5,1,1958,58,0,11,0
45389,1,31,1,0,20,0,31,0
20938,1,44,1,142,14,3,5,0
21935,1,23,1,15000,5,0,14,0
8035,1,5,1,8000,3,19,7,0
7127,1,44,1,0,6,0,6,0
47616,1,10,1,2000,12,1,1,0
47791,1,48,1,4671,15,0,11,0
46123,2,31,1,8314,27,0,55,0
35847,1,10,1,5000,100,0,4,0
34583,1,46,1,0,28,29,14,0
13083,1,15,1,4000,13,1,3,0
40647,2,5,1,1104,100,0,13,1
21906,2,29,1,3000,10,0,2,0
25239,1,44,2,4000,16,0,3,0
35976,1,10,1,7000,10,13,6,0
6497,2,5,1,0,26,0,11,0
43694,1,43,1,6000,8,8,5,0
33525,1,5,1,1677,8,1,5,0
20702,1,19,1,3000,6,2,2,0
13313,1,5,1,5000,12,2,4,0
10037,2,28,1,9587,4,18,10,0
14165,1,29,1,0,100,0,14,0
31155,1,21,1,2153,44,0,5,0
24949,2,49,1,8602,18,0,8,0
35309,2,5,1,5000,66,2,4,0
47764,1,28,1,0,53,0,26,0
32908,2,25,1,4000,96,0,3,0
45610,1,35,1,4000,13,6,3,0
5254,1,39,1,7177,3,2,18,0
19105,2,10,1,3000,100,0,2,0
32806,2,32,1,6000,6,2,5,0
40517,1,23,1,7539,29,0,9,0
3883,2,44,1,0,16,0,2,0
22989,2,4,1,8000,23,0,7,0
31225,2,44,1,6332,14,0,14,0
3419,1,16,1,7000,26,0,6,0
38930,2,5,1,0,14,4,2,0
23542,1,38,1,3000,15,4,2,0
26355,1,10,1,0,46,0,7,0
19772,1,6,1,2675,100,17,5,1
10190,1,43,1,4758,26,0,6,0
44563,2,5,1,4150,30,0,10,0
44561,1,35,1,2991,6,0,8,0
44945,1,2,1,21000,30,0,20,0
5196,1,28,1,8154,100,0,17,0
37256,1,2,1,5000,68,0,4,0
31611,1,6,1,8262,6,15,10,0
2192,1,6,1,4000,13,0,3,0
31040,1,32,2,3759,8,0,11,0
46777,2,49,1,6064,22,0,12,0
7786,1,5,1,0,49,0,5,0
46173,1,48,1,2000,11,4,1,0
42979,1,44,1,5000,5,0,4,0
48127,1,23,1,0,6,5,16,0
3155,2,44,1,4000,32,2,3,0
22796,2,5,1,13000,6,0,12,0
29896,2,33,1,0,30,0,3,0
16913,1,4,1,0,11,1,12,0
41043,1,6,1,2147,7,0,5,0
42716,1,6,1,9000,22,10,8,0
7442,1,6,1,3000,23,37,2,0
12849,2,44,1,3685,12,3,14,0
12620,1,41,1,6000,57,0,5,0
19747,1,10,1,3385,67,0,10,0
1423,1,44,1,0,95,0,8,0
26895,1,10,1,4000,100,0,3,0
6066,1,38,1,1660,18,0,6,0
37617,1,48,1,249,26,27,16,0
37029,1,15,1,0,14,0,3,0
43198,1,44,1,10521,22,3,17,0
29229,1,18,1,5000,100,0,4,0
29836,2,4,1,7000,6,7,6,0
22686,1,11,1,13143,0,1,13,0
22342,2,7,1,6830,22,0,7,0
45714,2,39,1,0,10,6,6,0
34760,2,13,1,5000,19,0,4,0
5216,2,25,1,768,11,0,9,0
48813,2,29,1,3000,46,0,2,0
44918,1,15,1,3000,4,0,2,0
39365,2,29,1,6676,18,4,25,0
47379,2,43,1,6504,5,6,21,0
2900,2,22,1,0,8,11,3,0
13308,2,44,1,4000,100,0,3,0
18862,1,32,1,4000,8,17,3,0
14161,1,10,1,0,6,0,3,0
15154,2,48,1,0,21,0,4,0
2562,1,24,1,8000,62,2,7,0
7309,2,13,1,9000,25,0,8,1
19224,1,36,1,2000,10,7,1,0
39544,2,39,1,0,16,0,10,0
33681,1,5,1,0,15,12,4,0
39098,2,6,1,0,100,2,6,0
44841,2,9,1,0,59,21,3,0
44615,2,48,1,8000,12,0,7,0
27192,2,13,1,3000,9,2,2,0
17477,1,4,1,4000,100,0,3,0
14804,2,5,1,6000,13,33,5,0
26838,2,35,1,0,12,2,10,0
10263,1,15,1,0,27,0,17,0
44191,1,44,1,8653,8,17,8,0
43279,2,36,1,0,65,0,10,0
30949,2,32,1,4000,10,2,3,0
42990,1,5,1,689,19,0,8,0
19710,2,10,1,0,15,0,11,0
28469,1,4,1,5822,23,0,17,0
544,1,43,1,0,6,0,38,0
23823,1,23,1,7000,19,0,6,0
28067,2,23,1,0,18,0,11,0
34416,1,16,1,3684,64,0,13,0
39628,2,22,1,1054,19,11,15,0
1164,2,41,1,4000,32,0,3,0
29747,2,7,1,0,100,14,5,0
2211,1,24,1,4730,100,0,12,0
23002,2,3,1,0,15,17,6,0
32301,1,32,1,4000,33,0,3,0
46321,2,39,1,5000,11,0,4,0
28828,1,6,1,3000,65,0,2,0
44405,1,18,1,7408,9,1,9,1
18199,1,36,1,3799,6,0,3,0
1902,1,35,1,1401,6,20,5,0
37461,1,2,1,17855,25,0,36,0
17693,1,44,1,6000,8,0,5,0
28201,1,28,1,3715,42,1,7,0
24783,2,36,1,1700,38,0,9,0
28969,1,5,1,2613,47,11,15,0
38889,2,34,1,13000,6,8,12,0
35969,2,23,1,1064,8,0,3,0
30876,2,23,1,0,12,5,3,0
38949,1,46,1,0,55,0,4,0
15360,2,4,1,7000,9,0,6,0
42752,1,5,1,0,27,17,6,0
44470,1,10,1,7655,44,6,10,0
19715,1,5,1,8000,16,0,7,0
11608,1,5,1,9000,5,22,8,0
36168,2,20,1,3337,8,0,10,0
35572,1,10,1,10000,23,3,9,0
30442,1,10,1,0,16,1,4,0
39647,1,39,1,10000,22,0,9,0
45247,1,39,2,7000,14,0,6,0
10435,1,44,1,0,30,1,36,0
45592,2,2,1,5000,64,0,4,0
33541,2,5,1,4000,36,20,3,0
4163,1,15,1,6872,1,0,7,0
24262,1,46,1,0,20,6,12,0
27619,1,28,1,5228,15,28,14,0
17467,1,10,1,12134,23,6,12,0
2442,2,21,1,0,4,0,2,0
6212,2,7,1,3844,22,0,5,0
16369,1,5,1,0,11,0,4,0
6897,1,20,1,1697,21,0,9,0
27591,2,2,2,6000,10,0,5,0
27722,1,48,1,7092,13,0,9,0
6401,1,15,1,3000,3,1,2,0
46283,2,44,1,2426,15,0,4,0
30128,1,6,1,4000,14,0,3,0
19028,1,10,1,4000,14,0,3,0
33822,1,44,1,3856,19,9,5,0
32757,1,10,1,2904,48,0,6,0
47478,1,11,1,16957,39,0,27,1
31633,1,3,1,0,38,0,17,0
18559,2,32,1,5000,5,0,4,0
16626,1,24,1,1575,68,0,3,0
17532,2,5,1,0,7,0,8,0
37648,2,44,1,0,23,0,27,0
33396,1,10,1,0,29,0,18,0
17828,2,15,1,0,28,0,3,0
14428,2,9,1,7000,20,0,6,0
1006,1,39,1,9000,4,0,8,0
5489,1,46,1,3000,7,0,2,0
45616,1,45,1,0,31,8,29,0
17407,1,44,1,7840,4,28,9,0
455,1,45,1,0,40,0,2,0
4245,1,5,1,5000,80,0,4,0
39506,1,32,1,8000,8,0,7,0
43384,1,29,1,0,16,0,3,0
34293,1,29,1,0,100,0,3,0
41414,1,32,2,3000,26,0,2,0
44592,2,44,1,2000,16,6,1,0
31954,1,44,1,6000,100,0,5,0
29981,1,25,1,7643,53,24,12,0
9392,2,43,1,3515,22,8,6,0
22339,2,6,1,1528,10,0,2,0
11709,1,44,1,452,35,2,2,0
12967,1,11,1,5288,42,0,20,0
45665,2,51,1,4000,26,0,3,0
12825,1,11,1,3129,38,1,11,0
29862,1,20,1,1133,7,3,7,0
36408,1,15,1,3784,52,0,11,0
19205,1,25,1,3000,100,0,2,0
7777,2,26,1,0,47,0,6,0
35973,2,5,1,8000,4,0,7,0
46216,2,8,1,6000,100,7,5,0
26543,2,39,1,4798,8,29,7,0
26717,2,43,1,0,4,4,2,0
41854,1,5,1,6836,12,17,9,0
15470,2,5,1,7166,100,19,58,1
27056,1,43,1,3441,52,0,4,0
11063,1,18,1,3391,28,0,9,0
12111,1,36,1,1940,19,15,4,0
14519,1,5,1,8425,9,2,10,0
37533,1,44,1,3517,19,0,3,0
33613,2,11,1,589,19,0,5,0
13434,2,44,1,9331,69,0,12,1
3054,1,16,1,693,36,0,4,0
17453,1,51,1,0,31,0,4,0
27506,2,16,1,12000,10,0,11,0
48931,2,31,1,1023,15,6,4,0
20001,1,41,1,6856,63,4,34,0
39080,1,39,1,3000,22,0,2,0
9274,1,18,1,8000,30,0,7,0
10135,2,11,1,0,5,0,4,0
2983,2,5,1,0,4,0,23,0
31600,2,35,1,5000,100,0,4,0
47438,2,21,1,1571,6,2,9,0
40224,1,5,1,4000,15,4,3,0
5771,2,43,1,6000,6,7,5,0
34871,2,15,1,4000,12,0,3,0
29000,1,5,1,6000,13,7,5,0
16321,2,20,1,15000,9,0,14,0
38545,2,5,1,1987,5,0,10,0
14816,1,29,1,0,18,2,3,0
17963,1,44,1,6000,7,0,5,0
23648,1,24,2,6008,100,0,9,0
8480,1,5,1,4000,86,0,3,0
22896,1,5,1,3000,15,4,2,0
18854,1,29,1,4000,18,17,3,0
39475,1,33,1,13768,65,0,16,1
9354,2,34,1,0,41,0,8,0
25043,1,5,1,5000,3,15,4,0
46016,1,29,1,6000,2,3,5,0
2758,2,25,1,3709,32,8,10,0
12215,2,44,1,6822,41,0,6,0
23492,2,26,1,5000,13,0,4,0
28028,2,6,1,0,13,10,9,0
4129,1,35,1,0,52,0,3,0
30612,1,5,1,6000,51,2,5,0
7916,1,13,1,3000,12,0,2,0
27688,2,28,1,4000,13,0,3,0
25573,1,36,1,391,15,53,3,0
2183,1,23,1,4967,11,0,4,0
29966,1,15,1,5000,28,0,4,0
26217,1,14,1,10085,18,0,60,0
4823,1,11,1,1263,10,0,2,0
2111,1,29,1,8000,22,5,7,0
20932,1,46,1,5000,79,1,4,0
25271,2,16,1,8000,7,10,7,0
177,1,32,1,905,72,0,5,0
5684,1,6,1,3041,18,3,9,0
47938,1,19,1,8529,56,4,26,0
32859,1,23,1,3000,33,0,2,0
28222,2,45,1,0,12,0,6,0
28531,2,32,1,7000,11,10,6,0
15850,2,39,1,0,12,0,12,0
23745,1,35,1,8847,20,6,21,0
43284,2,23,2,11763,17,2,16,0
20614,1,34,1,2675,25,1,3,0
27820,2,35,2,0,48,0,39,0
38873,1,5,1,0,70,5,3,0
27588,2,10,1,0,11,0,2,0
41890,1,2,1,0,29,22,11,0
23873,1,26,1,8600,58,4,17,0
10916,1,15,1,1254,9,0,14,0
22990,2,18,1,9446,19,0,11,0
47402,2,5,1,5000,36,0,4,0
20375,2,44,1,3192,10,4,18,0
24684,2,23,1,8687,22,3,8,0
8054,1,37,1,0,12,0,17,0
1742,2,23,1,0,41,8,3,0
25117,1,15,1,7000,27,57,6,0
24185,1,29,1,10000,63,0,9,1
13632,1,46,1,13000,25,0,12,1
4304,1,45,1,0,3,8,8,0
21988,1,36,1,8000,39,0,7,0
35720,1,44,1,6000,23,0,5,0
23461,1,45,1,2846,10,0,3,0
10445,2,49,1,10277,12,4,27,0
42407,1,3,1,3975,100,0,4,0
15710,1,36,1,10000,59,7,9,0
33010,1,44,1,5796,68,0,6,0
10280,2,15,1,4000,15,8,3,0
20946,1,4,1,12000,71,0,11,1
5654,2,37,1,0,18,0,6,0
4817,2,36,1,2138,3,2,3,0
36891,2,13,1,0,52,20,5,0
39174,2,17,1,0,21,0,35,0
15057,1,25,1,0,2,1,3,0
13944,1,44,1,7000,5,1,6,0
21682,2,16,1,0,20,2,4,0
35500,1,13,1,5000,13,7,4,0
11029,1,46,1,1963,7,0,2,0
4449,1,44,1,5000,31,0,4,0
39839,2,38,1,4000,31,26,3,0
42197,1,36,1,6263,72,8,17,0
32526,2,9,1,1005,16,0,19,0
30353,1,31,1,6000,97,0,5,0
27615,2,33,1,4000,10,0,3,0
20950,1,39,1,4000,12,1,3,0
45485,1,44,1,3000,3,7,2,0
38588,1,35,1,4283,42,15,14,0
17250,1,5,1,0,26,0,5,0
3432,2,35,1,7000,16,6,6,0
46131,2,29,1,4000,10,0,3,0
1793,1,44,1,0,16,0,9,0
4866,2,37,1,5000,7,3,4,0
27416,1,10,1,9000,13,0,8,0
17915,1,21,1,1052,28,0,4,0
37333,1,15,1,0,8,0,1,0
7593,2,6,1,5772,9,0,6,0
47135,1,33,1,6000,9,0,5,0
44991,1,5,1,6000,3,5,5,0
40269,1,19,1,0,10,1,9,0
5170,2,21,1,6783,9,4,7,0
35152,1,44,1,3000,44,0,2,0
46636,1,43,1,2364,25,0,2,0
32958,2,44,1,0,36,0,2,0
40262,2,4,1,12331,20,0,18,0
11808,2,44,1,0,0,0,9,0
42049,1,5,1,7615,11,0,7,0
2711,1,43,1,1693,100,4,6,0
12884,2,21,1,7000,15,0,6,0
46276,1,15,1,0,100,0,5,0
44109,1,5,1,0,11,4,4,0
5228,2,43,1,5000,22,7,4,0
34402,1,15,1,7210,2,0,25,0
46087,2,44,1,5000,28,43,4,0
5187,1,39,1,0,6,0,1,0
13710,1,39,1,991,11,8,19,0
18173,2,11,1,3000,29,0,2,0
39230,1,15,1,7331,1,4,35,0
2580,2,3,1,3000,24,0,2,0
35601,1,5,1,0,17,0,14,0
38533,2,10,1,0,42,0,23,0
29485,2,23,1,8225,25,0,12,0
25443,1,44,1,0,14,4,3,0
46698,2,35,1,6000,17,0,5,0
1585,2,48,1,0,6,0,35,0
47460,1,44,1,0,4,0,2,0
18330,1,21,1,8000,13,0,7,0
8189,1,41,1,4088,8,9,9,0
8932,2,20,1,8000,5,3,7,0
33141,1,24,1,6000,56,0,5,0
21589,2,5,1,0,28,0,3,0
30814,1,11,1,0,7,0,6,0
45261,2,5,1,0,7,1,7,0
4868,1,35,1,0,38,0,1,0
9101,1,22,1,3000,48,0,2,0
21007,2,10,1,1668,9,5,2,0
42996,2,39,1,3000,20,5,2,0
28564,1,5,1,3787,3,0,3,0
41966,1,32,1,5000,3,0,4,0
21029,2,29,1,0,16,0,9,0
21398,1,48,1,8170,63,0,8,0
30759,1,38,1,415,27,7,3,0
26870,1,5,1,17247,14,0,17,1
1705,1,44,1,4257,47,7,4,0
41474,1,5,1,6000,56,0,5,0
49579,1,46,1,16758,45,2,18,0
47743,1,20,1,1912,62,31,3,0
11569,2,29,1,17227,94,3,23,0
31449,1,37,1,0,100,13,8,0
30879,2,10,2,403,28,0,5,0
34155,1,10,1,0,43,7,5,0
8408,2,15,1,4000,27,2,3,0
45877,1,36,1,27000,6,0,26,1
10017,1,8,1,6000,22,24,5,0
11045,1,44,1,9000,8,0,8,0
28438,1,35,1,2534,35,0,4,0
27225,1,43,1,5000,40,1,4,0
25454,2,3,1,2471,23,0,2,0
4422,2,9,1,0,57,4,2,0
1277,1,3,1,0,5,0,7,0
27244,2,44,1,17000,5,0,16,1
331,2,36,1,13544,12,0,15,0
20295,2,36,1,5000,8,0,4,0
2433,1,39,1,8491,1,0,10,0
6348,1,23,1,5951,53,0,75,1
31810,1,5,1,3620,15,3,6,0
23469,1,35,1,0,54,0,4,0
17392,1,44,1,4000,6,0,3,0
36045,2,23,1,4238,36,0,11,0
39581,2,10,1,5404,29,17,11,0
20256,2,21,1,12166,11,0,12,1
26720,2,36,1,6000,3,0,5,0
9726,1,10,1,0,29,0,4,0
42726,1,44,1,6137,47,9,7,0
14846,2,2,1,5936,17,0,41,0
4884,2,5,1,4000,22,8,3,0
40466,1,8,1,7000,46,7,6,0
41337,2,49,1,0,12,0,3,0
9799,1,16,1,4068,8,1,5,0
16430,2,21,1,4000,10,0,3,0
4265,1,16,1,4000,49,0,3,0
28502,1,5,1,0,30,0,6,0
48837,1,25,1,5084,14,0,6,0
19786,1,49,1,0,7,0,12,0
15632,1,24,1,4941,7,1,4,0
11902,2,7,1,5658,21,7,10,0
16113,1,10,1,11000,5,4,10,0
3716,2,43,1,2836,6,1,9,0
43726,1,35,1,3000,65,0,2,0
1181,1,38,1,2751,38,18,16,0
6068,2,5,1,0,62,16,7,0
36254,2,48,1,6000,5,0,5,0
41884,2,29,1,0,53,3,2,0
950,1,44,1,1489,76,2,2,0
36503,2,27,1,5000,8,3,4,0
8201,2,5,1,11000,6,8,10,0
49181,2,49,1,6000,12,5,5,0
48905,2,10,1,406,13,0,11,0
48862,2,20,1,11848,6,0,18,0
42700,2,46,1,14000,61,0,13,1
44391,1,15,1,1157,13,0,10,0
12147,1,35,1,0,40,19,6,0
29209,2,15,1,0,84,0,5,0
37982,1,33,1,8354,33,0,11,0
20970,2,5,1,1002,18,0,4,0
7991,1,5,1,6000,15,0,5,0
4673,2,36,1,532,13,0,5,0
4460,2,5,1,5105,24,16,10,0
25594,1,35,1,4000,14,60,3,0
11114,1,38,1,13000,48,0,12,1
34681,1,10,1,0,63,0,7,0
15869,1,3,1,0,60,0,12,0
31414,2,21,1,3000,12,0,2,0
13621,1,2,1,2127,3,0,3,0
4156,1,48,1,6000,13,18,5,0
27885,1,29,1,7616,13,7,26,0
16930,1,18,1,8000,7,0,7,0
26670,1,5,1,0,4,6,12,0
46227,2,46,1,6753,12,0,37,1
29243,1,5,1,4000,9,7,3,0
27540,1,26,1,0,38,1,5,0
25150,1,29,1,5000,7,0,4,0
20795,1,37,1,8000,1,28,7,0
18685,1,11,1,0,11,11,2,0
44362,2,15,1,6000,4,0,5,0
13327,1,5,1,0,7,0,2,0
34830,1,23,1,2302,51,0,18,0
29953,2,35,1,9000,100,0,8,0
22772,1,41,1,5326,13,0,9,0
16948,1,44,1,0,37,0,26,0
7709,2,5,1,0,16,1,3,0
21156,2,34,1,0,17,0,19,0
2361,2,44,1,4000,20,5,3,0
49376,1,10,1,6000,16,0,5,0
33642,1,29,1,12130,39,4,34,0
34695,1,33,1,0,60,0,37,0
49724,1,41,1,6563,7,2,22,0
36526,1,5,1,4000,9,1,3,0
12007,2,5,1,5000,57,0,4,0
31490,2,24,1,5000,49,0,4,0
39708,1,43,1,0,22,0,13,0
17009,1,33,1,638,20,0,3,0
26176,1,5,1,0,33,5,7,0
30834,2,23,1,3651,33,5,10,0
21445,1,38,1,154,2,1,3,0
43180,1,45,1,2992,23,0,48,0
29988,2,6,1,13000,40,0,12,0
30722,1,5,1,306,1,3,12,0
24788,1,20,1,0,10,10,17,0
44492,1,5,1,16000,24,1,15,0
44779,1,19,1,0,17,0,16,0
32430,2,4,1,4000,22,6,3,0
10990,1,38,1,7031,59,0,19,0
22848,2,35,1,6000,5,3,5,0
6677,1,32,1,6000,16,0,5,0
14529,2,49,1,3000,100,0,2,0
15810,1,29,1,16703,93,0,17,1
3503,1,35,1,4000,16,1,3,0
11949,2,35,1,0,9,3,3,0
11210,1,6,1,9298,60,0,20,1
4109,1,43,1,9807,2,34,9,0
5036,1,36,1,4000,4,3,3,0
43563,2,19,1,4067,19,2,5,0
18273,2,2,1,3808,21,3,3,0
47263,1,21,1,2729,53,0,9,0
2523,2,23,1,3596,7,5,3,0
23167,2,41,1,1816,4,0,20,0
24677,1,49,1,7608,42,0,29,1
38154,2,44,1,8792,11,0,12,0
7169,1,39,1,0,22,35,3,0
12366,2,15,2,0,15,2,10,0
21083,2,44,1,4000,48,21,3,0
43742,1,29,1,7636,16,0,17,0
39136,2,11,1,0,6,0,6,0
33583,1,5,1,6000,4,0,5,0
31703,2,5,1,5000,56,1,4,0
38238,2,35,1,2947,13,0,4,0
22359,1,50,1,9000,43,0,8,0
48247,1,16,1,0,10,0,5,0
5930,1,5,1,1290,13,1,5,0
38283,2,43,1,7366,28,2,10,0
40524,2,13,1,2599,100,0,23,0
14750,1,39,1,3000,14,0,2,0
11035,1,5,1,4994,18,33,6,0
25201,2,44,1,0,100,0,2,0
29459,1,4,1,115,11,3,2,0
1176,2,4,1,3189,34,4,22,0
38938,1,35,1,4000,17,5,3,0
48126,2,43,1,5219,6,0,19,0
47643,1,44,1,9000,11,20,8,0
6050,2,6,1,0,21,8,19,0
35665,1,32,1,996,21,0,11,0
38145,2,5,1,8537,100,0,10,0
33826,1,2,1,2245,15,60,19,0
25387,1,13,1,14000,15,0,13,0
41042,1,29,1,3769,24,0,22,0
24933,1,5,1,4000,67,0,3,0
9764,1,5,1,11000,18,0,10,1
36882,1,39,1,6000,38,1,5,0
3777,1,29,1,7000,13,0,6,0
10004,1,11,1,0,8,4,18,0
13034,2,10,1,3000,70,0,2,0
19664,1,10,1,15000,16,3,14,1
3038,1,43,1,0,13,3,26,0
46902,1,48,1,4052,18,0,12,0
7064,1,23,1,938,3,0,5,0
4234,2,17,1,3000,66,0,2,0
27605,1,12,1,1973,100,14,4,0
19647,1,36,1,0,14,0,6,0
4983,1,19,1,0,25,0,16,0
21177,2,5,1,13352,22,0,16,0
48272,1,26,1,13115,61,6,15,1
470,2,48,1,0,15,0,4,0
12860,1,5,1,408,11,4,5,0
33450,2,39,1,519,17,0,3,0
18379,2,11,1,3719,11,39,24,0
25310,2,36,1,5068,12,1,11,0
24709,1,44,1,0,27,5,6,0
29071,1,29,1,6662,7,0,15,0
4776,1,46,1,5628,42,0,6,0
25025,1,44,1,2945,8,0,3,0
33433,1,11,1,7655,82,16,12,1
17076,1,5,1,0,4,0,12,0
18055,2,41,1,8028,19,14,13,0
11669,1,24,1,5000,19,0,4,0
1098,2,38,1,6196,15,4,6,0
5371,1,32,1,9607,4,0,9,1
39073,1,4,1,0,12,0,16,0
30514,2,19,1,5000,18,1,4,0
1283,1,6,1,11000,55,0,10,0
37581,1,23,1,6000,64,1,5,0
41092,1,5,1,2057,1,45,18,0
12582,2,5,1,0,1,0,6,0
39516,1,44,1,0,3,17,2,0
48075,1,43,1,0,24,13,17,0
15478,2,18,1,0,87,0,2,0
5523,1,23,1,0,7,15,7,0
23812,2,6,1,0,17,0,5,0
48467,2,34,1,0,100,14,8,0
33047,1,39,1,0,68,0,11,0
38196,2,24,1,5000,80,0,4,0
21194,1,5,1,14224,5,0,15,0
45272,2,44,2,8488,11,1,21,0
10742,1,29,1,0,11,0,4,0
48560,2,29,1,845,3,0,6,0
25842,1,5,1,7000,29,0,6,0
43817,1,50,1,651,33,2,10,0
843,1,39,1,0,14,12,3,0
10055,1,6,1,0,13,0,3,0
2060,1,44,1,0,10,0,3,0
6205,1,35,1,8000,22,0,7,0
6176,1,33,1,3000,31,0,2,0
7366,1,4,1,9000,13,6,8,0
38302,2,10,1,0,5,7,3,0
3920,2,5,1,651,23,4,14,0
32634,2,10,1,0,6,0,10,0
12552,2,24,1,0,7,1,2,0
40577,1,23,1,0,15,11,3,0
33749,1,4,1,3536,33,0,4,0
9532,1,5,1,0,15,2,10,0
7221,1,45,1,0,13,0,6,0
21672,2,43,1,4000,33,3,3,0
16782,2,5,1,8000,8,0,7,0
41582,1,15,1,12536,5,0,14,0
49613,2,32,1,2989,2,5,5,0
10390,1,31,1,1164,15,0,13,0
29213,1,15,2,0,89,1,2,0
17177,2,13,1,7000,8,12,6,0
46989,2,46,1,8448,100,6,19,1
47499,1,48,1,6271,3,4,19,0
1711,1,11,1,6000,3,0,5,0
47542,2,15,1,0,90,0,2,0
46408,1,35,1,0,5,0,13,0
26942,2,38,1,4000,100,0,3,0
33612,2,43,1,5069,17,1,15,0
28108,2,35,1,0,1,0,7,0
31399,1,16,1,0,3,0,6,0
46193,1,38,1,6000,41,0,5,0
3169,1,35,1,9000,20,0,8,0
48316,1,35,1,8672,15,0,44,1
25985,1,5,1,4000,33,5,3,0
5047,1,36,1,6000,18,3,5,0
15713,2,16,1,364,40,0,9,0
3211,1,35,1,0,100,0,8,0
45043,1,39,1,3000,57,0,2,0
14086,2,49,1,0,68,0,6,0
14765,1,48,1,2956,25,0,5,0
44103,2,23,1,0,11,0,5,0
19414,2,44,1,4000,23,0,3,0
4349,1,5,1,4000,40,7,3,0
12726,1,35,1,5000,18,0,4,0
34025,1,41,1,12000,5,1,11,0
41114,1,15,1,0,16,0,8,0
37932,1,48,1,4000,17,1,3,0
16254,1,11,1,0,15,0,9,0
42985,1,26,1,5000,5,2,4,0
27292,1,11,1,4000,26,0,3,0
13913,2,34,1,4873,62,15,4,0
26575,1,44,1,948,60,0,5,0
43741,1,5,1,9453,1,9,16,0
15674,2,31,1,0,5,11,3,0
3397,1,32,1,0,86,0,15,0
11071,1,32,1,6000,55,0,5,0
45456,1,23,1,6000,24,0,5,0
9888,1,5,1,1898,8,3,2,0
22904,2,28,1,0,26,18,3,0
16829,1,44,1,7000,9,9,6,0
20252,1,16,1,0,2,0,5,0
43250,1,43,2,0,16,0,10,0
33084,1,10,1,1150,10,0,4,0
48499,2,10,1,2318,32,8,5,0
13248,1,11,2,10359,5,0,22,0
18098,1,1,1,1130,11,0,3,0
20566,1,5,1,3000,28,0,2,0
35975,1,46,1,0,6,3,69,0
32460,2,44,1,5000,31,0,4,0
7273,1,27,1,637,90,5,6,0
18875,1,32,1,3300,7,0,3,0
17625,1,16,1,0,51,0,5,0
37774,1,36,1,5000,2,0,4,0
4830,1,35,1,4000,32,0,3,0
4856,2,6,1,5812,40,1,13,1
33174,1,19,1,5276,9,45,11,0
21213,1,5,1,3836,34,0,12,0
16755,1,35,1,0,20,5,3,0
32892,2,14,1,0,11,0,8,0
27948,1,4,1,3506,44,34,6,0
15336,2,44,1,488,72,0,2,0
46684,1,11,1,0,100,0,5,0
16163,2,35,1,4385,1,12,5,0
24450,2,17,2,1023,21,0,10,0
3571,1,19,1,4325,49,0,11,0
29638,1,4,1,0,46,0,9,0
42040,1,17,1,3216,34,4,3,0
16126,1,44,1,4000,38,2,3,0
7950,1,35,1,3083,63,10,13,0
44805,2,19,1,0,81,0,3,0
34331,1,20,1,4000,59,1,3,0
2494,2,44,1,4000,12,2,3,0
47487,1,39,1,3000,40,7,2,0
13151,1,43,1,4248,8,0,13,0
33199,2,43,1,0,13,0,5,0
17032,2,24,1,6000,63,17,5,0
39394,2,5,1,94,4,0,9,0
47115,1,21,1,6000,30,2,5,0
14596,2,17,1,4071,25,10,29,0
33943,1,39,1,1907,23,0,5,0
15501,2,5,1,6000,34,7,5,0
11166,2,46,1,2648,100,2,34,0
48147,1,31,1,0,11,2,5,0
29646,1,6,1,0,5,0,13,0
36289,1,39,1,0,31,0,5,0
33600,2,44,1,211,100,6,5,0
18443,2,32,1,0,6,0,3,0
6924,2,16,1,1824,6,5,4,0
36512,2,15,1,5515,17,60,6,0
46482,1,45,1,5228,8,3,5,0
8493,1,10,1,10216,23,1,12,0
29051,2,7,1,0,51,4,8,0
19648,1,9,1,15373,66,0,15,1
11475,1,20,1,0,38,0,4,0
25788,2,19,1,53,58,9,17,0
10272,1,39,2,3000,26,0,2,0
19305,1,5,1,4645,12,0,9,0
28154,2,16,2,3000,3,0,2,0
27706,1,10,1,47,7,0,15,0
47009,2,5,1,0,75,1,3,0
37285,1,35,1,3482,10,6,8,0
40352,1,35,2,11463,7,1,13,0
23679,1,11,1,5000,27,0,4,0
1864,1,10,1,1427,10,0,35,0
39935,2,35,1,5000,66,0,4,0
2594,1,5,1,0,10,0,8,0
11038,2,35,1,4000,30,0,3,0
33900,1,43,1,3000,5,3,2,0
4977,1,50,1,15205,41,0,17,1
13633,1,41,1,6590,47,0,6,0
20639,1,44,1,0,23,7,2,0
33648,1,20,1,13605,39,0,23,0
36558,2,44,1,20885,9,0,22,1
22310,1,7,1,4445,29,7,4,0
26377,2,38,1,10000,22,0,9,0
41377,1,16,1,6000,16,1,5,0
28504,1,44,1,0,10,0,3,0
34233,2,16,1,5000,14,0,4,0
3699,1,5,1,4000,45,15,3,0
26140,1,46,1,0,27,0,4,0
42603,1,44,1,3000,12,2,2,0
29491,2,29,1,1471,58,0,13,0
45840,1,12,1,5000,100,38,4,1
14737,1,48,1,7000,27,0,6,0
35956,1,36,1,0,35,0,5,0
3520,2,15,1,0,9,0,20,0
29414,1,5,1,4000,6,0,3,0
43375,2,11,1,0,27,5,18,0
4963,1,5,1,0,24,1,7,0
47216,2,15,1,0,61,0,50,0
17771,1,43,1,4076,22,7,39,0
16072,1,21,1,0,9,8,12,0
45843,1,23,1,3000,32,15,2,0
3886,2,46,1,0,10,0,3,0
21825,2,21,1,4000,28,2,3,0
15725,1,10,1,3000,52,8,2,0
2005,1,35,1,4000,25,38,3,0
6057,1,15,1,491,49,0,8,0
22293,2,13,1,9000,36,7,8,0
3137,2,32,1,0,2,0,3,0
21729,1,44,1,10762,17,9,18,0
13098,2,36,1,0,23,10,9,0
34428,2,5,1,8891,35,0,13,0
44344,1,3,1,8000,19,0,7,0
49722,1,24,1,9177,6,0,15,0
44727,2,38,1,6236,16,0,8,0
4316,1,10,1,0,27,0,1,0
11434,1,20,1,0,22,0,5,0
33239,1,44,1,535,14,0,7,0
47413,2,49,1,6890,14,7,14,0
29367,1,16,1,3000,25,9,2,0
31024,2,29,1,3000,12,0,2,0
17622,1,5,1,7000,9,0,6,0
13353,2,44,1,0,14,1,3,0
25261,2,48,1,4000,3,0,3,0
4806,1,44,1,164,58,0,24,0
45637,1,41,1,0,2,0,15,0
29469,1,15,1,0,19,1,5,0
30897,1,15,1,6987,90,0,26,0
22884,2,49,1,14000,3,14,13,0
42329,2,26,1,0,4,0,15,0
28815,1,50,1,5453,6,0,6,0
34797,2,49,1,3000,37,12,2,0
48681,1,36,1,3000,43,5,2,0
16523,2,44,1,3000,100,5,2,1
34411,1,15,1,0,45,0,9,0
30294,1,5,1,2162,22,0,3,0
16862,1,35,1,0,54,8,5,0
37200,1,44,1,0,25,0,8,0
37715,2,17,1,7405,48,0,24,1
26362,1,46,1,10340,4,2,13,0
23393,2,10,1,0,51,1,2,0
40907,1,16,1,958,52,0,58,1
36274,1,23,1,5000,28,0,4,0
34976,2,23,1,3000,29,0,2,0
48572,2,10,1,5000,63,0,4,0
22637,1,48,1,700,51,0,15,0
38161,1,10,1,4000,7,12,3,0
32791,2,5,1,4000,21,1,3,0
34516,1,44,1,4087,100,1,5,0
342,1,20,1,0,13,0,2,0
28852,2,5,1,0,21,0,7,0
15640,2,5,1,0,9,0,8,0
7482,1,23,1,9444,5,0,15,0
22173,2,16,1,1624,90,2,3,0
16236,2,19,1,0,100,8,2,0
34440,2,18,1,2000,18,2,1,0
9304,2,5,1,0,16,0,2,0
31764,1,44,1,0,2,12,2,0
4409,1,7,1,0,20,0,2,0
15128,1,44,1,5000,36,1,4,0
20466,1,3,1,6676,43,0,7,0
15179,1,18,1,5000,49,1,4,0
16049,2,5,1,0,39,0,2,0
22270,1,23,1,8007,62,29,13,0
48939,1,4,1,0,6,9,17,0
19682,2,44,1,0,15,0,7,0
18684,2,44,1,0,21,0,2,0
35536,2,29,1,3000,7,0,2,0
16108,2,4,1,0,19,6,2,0
13760,1,35,1,6000,11,0,5,0
24494,1,44,1,9000,100,5,8,0
33815,2,26,1,0,22,0,6,0
38797,2,6,1,0,11,0,13,0
9829,1,5,1,14000,25,0,13,0
37811,2,35,1,7000,18,0,6,0
45298,1,44,1,0,6,0,2,0
36297,2,14,1,6000,9,0,5,0
19139,2,29,1,4000,23,0,3,0
28890,1,48,1,5000,13,0,4,0
11430,1,11,1,0,100,4,11,0
8474,1,44,1,3502,11,0,9,0
31429,2,10,1,1878,2,0,4,0
25230,2,25,1,7000,8,0,6,0
48134,2,24,1,0,64,60,2,0
5344,1,35,1,5000,5,0,4,0
6430,1,25,1,6000,7,1,5,0
10099,1,10,1,0,21,0,2,0
32320,1,38,1,2281,100,0,13,0
19892,2,29,1,0,14,11,5,0
7469,1,29,1,0,12,0,3,0
34030,2,44,1,4794,20,2,4,0
38248,2,11,1,0,80,0,7,0
9621,2,15,1,5000,17,3,4,0
24561,1,11,1,3000,22,0,2,0
5298,1,18,1,0,17,32,7,0
10440,1,2,1,3000,63,0,2,0
18111,1,35,1,3000,71,0,2,0
9562,2,35,1,0,12,7,4,0
48361,1,31,1,100,20,0,5,0
7457,1,44,1,1193,13,1,11,0
8664,1,15,1,1648,4,14,8,0
43406,1,10,1,3525,19,1,13,0
13507,1,44,1,0,10,9,3,0
6891,1,26,1,7000,18,14,6,0
46831,1,44,1,0,9,10,4,0
46704,1,47,2,3708,10,10,6,0
39127,1,24,1,17000,97,8,16,1
38473,1,44,2,4000,6,0,3,0
6194,2,33,1,0,41,10,4,0
33181,2,11,1,7895,8,0,8,0
4253,1,29,1,12948,9,0,18,0
15954,1,18,1,20000,6,7,19,1
30521,2,31,2,3000,29,0,2,0
22808,1,23,1,4689,100,4,7,0
21584,2,36,1,3000,29,60,2,0
2419,1,44,1,11000,100,4,10,1
43474,2,1,1,0,77,0,4,0
24110,2,18,1,8000,3,0,7,0
36561,2,39,1,0,26,0,10,0
31406,2,32,1,5930,9,0,33,0
29906,2,36,1,0,100,18,4,0
1955,2,20,1,6000,9,2,5,0
35072,2,44,1,10000,12,0,9,0
45791,2,10,1,4000,12,5,3,0
10658,1,4,1,0,14,0,2,0
3026,2,46,1,7000,7,0,6,0
27392,1,6,1,4456,8,0,18,0
13971,2,45,1,0,5,0,4,0
2117,2,29,1,0,100,0,16,0
44219,2,49,1,0,13,0,3,0
18634,1,16,1,2418,21,0,11,0
7921,1,5,1,0,100,1,20,0
31123,1,44,1,4000,3,6,3,0
7343,2,5,1,0,2,18,6,0
22168,2,36,2,3000,30,1,2,0
14132,1,5,1,7000,28,0,6,0
2869,2,5,1,4000,10,36,3,0
3654,1,5,1,6000,25,0,5,0
21995,1,29,1,7000,66,12,6,0
22372,2,5,1,8105,100,0,9,0
26474,2,5,1,4000,5,0,3,0
9737,1,48,1,7000,91,0,6,1
49794,2,20,1,3379,4,0,16,0
26601,2,24,1,0,20,7,7,0
25542,1,49,1,3000,17,0,2,0
38906,2,11,1,0,29,0,5,0
15086,2,6,1,5439,5,0,7,0
40413,2,19,1,2127,45,0,4,0
18279,1,48,1,6000,3,1,5,0
18290,1,35,1,0,42,0,4,0
2970,1,22,1,3000,26,38,2,0
28557,1,16,1,6904,19,3,7,0
6836,1,28,1,4151,4,0,5,0
45468,1,23,1,5919,72,0,24,0
13580,2,10,1,9568,66,60,21,1
32129,1,25,1,7068,21,5,22,0
23444,1,10,1,0,56,0,2,0
145,2,4,1,5000,9,0,4,0
29707,1,43,1,10746,6,0,43,1
9878,1,24,1,7000,10,9,6,0
17582,2,36,1,7000,12,0,6,0
33252,1,10,1,0,4,39,13,0
16345,1,16,1,6000,3,0,5,0
24104,1,25,1,0,11,0,15,0
47235,1,26,1,0,100,0,2,0
4623,1,16,1,3,7,0,13,0
40553,1,39,1,14000,13,0,13,0
1254,2,41,1,0,11,15,6,0
13076,1,5,1,1526,0,2,11,0
28365,1,29,1,0,77,1,15,0
7144,1,14,1,0,19,0,4,0
17839,2,2,1,5000,100,0,4,0
31493,1,3,1,12127,9,0,12,0
30169,1,4,1,9000,17,0,8,0
41841,1,18,1,6274,5,1,13,0
40085,1,39,1,6229,9,12,9,0
12801,2,12,1,0,16,4,5,0
6195,1,23,1,10000,6,0,9,0
13686,2,4,1,5000,100,5,4,0
23380,1,5,1,2873,13,0,3,0
27064,1,23,1,4342,46,0,6,0
34163,1,5,1,3000,100,0,2,0
45521,1,36,1,17076,5,7,26,1
16543,2,5,1,5000,6,0,4,0
14564,1,5,1,5457,11,0,7,0
26766,1,6,1,0,14,0,2,0
49616,2,15,1,12143,100,2,14,1
10854,1,49,1,2000,58,0,1,0
29181,2,23,1,4000,4,0,3,0
39363,1,5,1,5218,27,0,17,0
38960,2,44,1,4000,13,0,3,0
12372,2,29,1,2153,2,0,5,0
44510,2,32,1,7000,11,0,6,0
28233,2,48,1,0,31,0,3,0
12124,1,18,1,3000,21,6,2,0
17312,2,10,1,0,21,0,16,0
33818,1,36,1,3831,34,26,7,0
3618,2,8,1,4000,32,4,3,0
1122,2,25,1,0,11,2,15,0
48746,1,10,1,4000,30,0,3,0
26186,1,44,1,0,26,0,15,0
31589,1,4,1,5000,79,0,4,0
43814,1,19,1,0,22,0,11,0
24804,1,20,1,13000,14,2,12,0
28453,1,44,1,5000,11,0,4,0
35352,2,5,1,10000,6,0,9,0
32606,2,10,1,0,18,5,20,0
31578,1,29,1,0,8,47,6,0
32898,2,35,1,11632,9,17,16,0
21749,1,48,1,8840,16,30,10,0
10211,2,39,1,10000,20,45,9,0
30479,2,46,1,3335,6,0,3,0
24527,1,9,1,5000,7,0,4,0
39454,1,49,1,0,100,0,6,0
48003,1,2,1,4128,19,0,11,0
21366,2,25,1,1421,47,0,6,0
22816,1,43,1,2000,16,0,1,0
33754,2,29,1,7821,8,0,24,0
41620,2,39,2,4000,26,0,3,0
20331,2,23,1,5000,24,0,4,0
27652,2,5,1,0,20,0,4,0
16034,2,24,1,0,21,3,23,0
45694,1,19,1,8000,22,0,7,0
43868,1,15,1,1123,16,2,23,0
7880,2,4,1,4000,17,0,3,0
2085,1,41,1,3000,2,11,2,0
36921,1,44,1,0,23,0,2,0
12688,2,11,1,6000,39,0,5,0
13322,1,15,1,3000,100,0,2,0
17833,1,43,1,0,26,3,16,0
32611,1,35,1,5777,7,0,24,0
46169,1,23,2,2188,80,0,10,0
45418,2,5,1,3753,33,7,10,0
4036,1,8,1,0,11,25,2,0
23657,1,38,1,0,22,9,2,0
19013,2,17,1,0,32,44,2,0
44034,2,35,1,923,12,0,12,0
400,1,36,1,3000,62,0,2,0
28161,2,35,1,779,95,0,35,0
17437,1,26,1,0,14,0,16,0
41096,1,20,1,14000,6,29,13,0
22495,1,49,1,0,22,0,42,0
30823,1,48,1,4000,55,0,3,0
20051,1,11,1,5000,9,5,4,0
40023,1,29,1,9928,100,4,12,0
12760,1,48,1,10000,12,0,9,0
31167,2,5,1,5592,1,0,33,0
6468,1,48,1,7288,6,3,10,0
32238,1,39,1,0,5,0,7,0
1373,1,15,1,7000,19,0,6,0
38359,2,37,1,5000,64,3,4,0
927,2,5,1,701,34,0,5,0
35818,1,15,1,0,23,0,8,0
10116,2,16,1,0,5,0,7,0
8319,2,39,1,0,22,0,4,0
26073,2,39,1,4000,32,4,3,0
29730,2,32,1,2907,6,0,5,0
9626,1,6,1,0,43,4,17,0
3786,1,35,1,6459,12,1,36,0
20886,2,44,1,0,12,0,6,0
6905,2,35,1,6000,41,3,5,0
6479,2,14,1,0,28,0,8,0
27149,2,35,1,11251,18,41,11,0
33658,2,28,1,10000,16,0,9,0
38900,1,5,1,11000,18,1,10,1
26817,1,44,1,631,41,0,75,0
35547,2,49,1,4127,61,7,7,0
41572,2,2,1,1654,18,0,35,0
24448,1,15,1,7000,33,0,6,0
30246,1,12,1,7985,12,0,25,0
22558,2,9,1,3000,10,0,2,0
45579,1,44,1,0,4,0,6,0
17736,1,10,1,5301,6,0,9,0
25981,2,44,1,0,24,0,7,0
5865,2,13,1,7000,100,11,6,1
6530,1,13,1,5863,9,0,50,0
10537,1,24,1,5000,5,0,4,0
28213,1,11,1,7000,55,0,6,0
7361,2,10,1,5000,28,20,8,0
38903,2,23,1,2588,8,0,2,0
12511,2,10,1,0,11,1,4,0
10454,1,18,1,3000,57,0,2,0
18378,2,19,1,0,13,2,5,0
20738,2,50,1,8032,10,18,9,0
43336,1,44,1,9000,10,0,8,0
8394,1,23,1,8000,28,2,7,0
21103,1,20,1,6000,76,2,5,0
1163,1,35,1,0,45,16,8,0
2532,1,15,1,4000,40,0,3,0
7845,2,43,1,4561,13,0,8,0
26048,1,44,1,8000,12,0,7,0
39017,1,43,1,571,92,0,5,0
41843,1,11,1,1207,10,5,10,0
12703,1,35,1,0,8,4,6,0
33513,1,20,1,2000,26,5,1,0
19803,1,23,1,0,93,0,45,1
5752,2,25,1,3000,63,5,2,0
34356,2,29,1,2093,22,0,9,0
30770,1,36,1,5000,21,7,4,0
36493,1,5,1,5000,42,0,4,0
25058,1,5,1,6134,4,20,12,0
15822,2,13,1,0,22,0,8,0
28284,1,7,1,3000,40,0,2,0
13651,2,48,1,5991,13,0,6,0
40571,2,6,1,0,3,2,2,0
17173,2,39,1,0,27,0,4,0
12284,2,5,1,5477,27,6,12,0
35461,2,50,1,4000,16,24,3,0
34060,1,5,1,3000,44,0,2,0
35236,2,18,1,4238,6,0,12,0
26634,1,15,1,4000,14,1,3,0
24471,2,46,1,4000,94,1,3,0
18416,2,35,1,16000,52,20,15,1
18955,2,36,1,10000,15,0,9,0
37194,2,44,1,5273,8,9,10,0
20719,2,19,1,0,12,7,2,0
37401,2,23,1,0,19,0,13,0
3264,2,11,1,0,15,2,11,0
46180,1,15,1,2305,6,0,2,0
31126,1,24,1,3000,7,19,2,0
42233,1,36,1,4000,18,0,3,0
43714,2,15,1,4000,26,0,3,0
7025,1,14,1,9000,5,6,8,0
17499,1,43,1,0,100,0,17,0
29713,2,6,1,0,10,0,5,0
32788,1,16,1,3000,32,0,2,0
15108,1,49,1,9694,19,0,12,0
2477,2,23,1,7000,31,18,6,0
48078,2,28,1,0,23,0,3,0
11349,1,10,1,6733,44,0,6,0
29035,2,5,1,6000,100,0,5,0
1912,1,11,1,5000,8,0,4,0
27728,2,11,1,0,5,0,16,0
36500,2,16,1,0,20,8,2,0
42094,2,12,1,7000,46,0,6,0
49531,1,25,1,0,26,0,9,0
27312,1,35,1,5000,100,2,4,0
14599,1,19,1,5055,10,3,12,0
12075,1,25,1,5539,38,0,15,0
41321,2,35,1,2097,100,0,5,0
28988,2,16,1,7000,100,0,6,0
2099,1,24,1,9000,5,22,8,0
19534,2,39,1,3000,75,4,2,0
34940,1,11,1,9000,5,0,8,0
8024,2,10,1,0,13,7,10,0
13254,1,44,1,3559,9,0,4,0
1986,2,2,1,5070,15,0,5,0
26012,1,35,2,7000,16,0,6,0
3336,2,35,1,870,34,6,19,0
26621,1,18,1,4000,100,0,3,0
11745,2,48,1,3000,9,22,2,0
18477,2,37,1,6000,45,0,5,0
47612,1,7,1,15000,20,0,14,1
25537,1,44,1,18000,15,0,17,1
20865,2,30,1,3000,100,0,2,0
43447,1,5,1,0,10,6,2,0
8007,1,3,1,4000,13,0,3,0
29077,1,44,1,0,100,24,4,0
43721,1,44,1,0,25,0,13,0
23001,1,33,1,7000,17,3,6,0
28194,1,37,1,4000,8,0,3,0
21513,1,24,1,5177,52,0,5,0
21025,2,5,1,0,100,0,7,0
15295,1,44,1,12000,34,0,11,0
11662,1,23,1,1228,12,0,11,0
31719,1,3,1,11724,49,0,15,0
42116,1,43,1,6000,14,0,5,0
28242,1,41,1,0,52,0,50,0
43152,1,5,1,3000,100,1,2,0
9695,1,5,1,4504,37,0,8,0
25566,1,46,1,3000,100,0,2,0
34445,1,29,1,6000,10,0,5,0
14110,1,5,1,4000,100,0,3,0
12959,2,5,1,8000,14,0,7,0
23315,1,29,1,4000,9,3,3,0
17927,1,13,1,7000,10,0,6,0
20414,2,35,1,3273,9,15,6,0
22459,1,10,1,0,17,0,8,0
44363,1,15,1,5244,8,0,7,0
5677,1,44,1,3000,7,7,2,0
43367,2,21,1,3000,23,5,2,0
33872,2,17,1,2112,8,2,47,0
610,2,46,1,4000,77,1,3,0
30921,1,5,1,7000,15,0,6,0
25260,1,13,1,2792,15,1,37,0
30394,1,35,1,10421,32,0,13,0
38326,1,46,1,4000,3,10,3,0
44289,2,18,1,1725,88,4,7,0
48465,2,35,1,6000,4,12,5,0
9290,2,10,1,0,23,19,3,0
26407,2,13,1,0,36,11,21,0
28059,1,36,2,1707,18,0,7,0
22296,1,24,1,3793,34,0,5,0
22052,2,49,1,8410,22,1,25,0
44452,1,19,1,5090,51,0,7,0
12513,1,4,1,4000,5,28,3,0
48576,2,37,1,0,12,0,6,0
18776,1,3,1,0,35,12,7,0
15715,1,5,1,0,100,0,3,0
7977,2,10,1,6000,20,0,5,0
33176,1,23,1,2080,97,0,16,0
47635,2,48,1,4000,34,0,3,0
8345,2,49,1,7879,39,0,13,0
30590,1,5,1,7000,30,7,6,0
11898,1,43,1,0,4,0,10,0
25496,1,35,1,0,7,7,4,0
22322,2,46,1,0,32,0,3,0
17680,1,48,1,9730,11,2,24,0
12470,1,41,1,4076,82,9,7,0
4658,2,16,1,5000,18,1,4,0
48394,1,29,1,0,20,0,3,0
1688,1,7,1,0,17,0,3,0
22182,1,10,1,3000,14,0,2,0
12792,2,16,1,8000,58,0,7,0
8041,2,36,1,1129,20,3,6,0
31062,2,13,1,0,12,14,22,0
35027,2,49,1,0,35,3,2,0
14830,2,11,1,0,15,0,9,0
38849,2,10,1,4000,49,5,3,0
20063,1,48,1,6088,8,4,13,0
28278,1,35,1,6000,18,0,5,0
34548,2,5,1,0,31,6,10,0
10905,1,35,1,0,27,1,5,0
19221,2,44,1,6000,100,0,5,1
24430,2,10,1,4000,25,2,3,0
47350,2,5,1,0,6,0,4,0
18112,1,3,1,0,100,5,72,1
3542,2,3,1,0,100,7,12,1
25563,1,36,1,85,6,0,20,0
6760,1,49,1,2000,15,12,1,0
33830,2,32,1,198,19,0,4,0
21276,2,3,1,10000,65,0,9,1
38233,1,16,1,10000,22,0,9,0
14351,1,33,1,11173,41,10,21,1
1227,2,25,1,6000,15,2,5,0
9160,1,38,1,4000,3,0,3,0
25666,1,46,1,0,35,1,3,0
20545,1,44,1,5000,4,0,4,0
4120,1,34,1,3000,22,0,2,0
278,1,6,2,4000,100,0,3,0
19037,1,23,1,11000,10,9,10,0
20047,2,36,1,3000,24,21,2,0
38649,1,44,1,14406,12,10,75,1
37313,2,16,1,4772,5,0,8,0
854,2,24,1,10000,31,15,9,0
43087,2,44,1,9000,14,0,8,0
46494,1,44,1,7456,49,1,10,0
19536,1,21,1,0,4,2,8,0
16464,2,49,1,0,3,3,20,0
36747,2,34,2,1046,8,0,2,0
29861,2,23,1,14449,2,0,16,0
885,2,11,1,2966,35,0,5,0
47843,1,46,1,679,12,0,1,0
21462,2,48,1,0,63,38,61,1
9404,2,5,1,824,7,0,8,0
33416,1,10,1,3659,44,0,10,0
40744,1,23,1,916,3,0,3,0
23977,2,15,1,3000,18,0,2,0
28140,2,7,1,1222,6,22,46,0
46079,2,33,1,3000,88,5,2,0
20718,1,48,1,8000,19,2,7,0
27648,2,25,1,3000,44,0,2,0
29971,2,24,1,3000,12,32,2,0
24243,1,40,1,3000,100,0,2,0
3036,1,48,1,8000,21,0,7,0
6977,1,15,1,5000,31,0,4,0
31766,2,16,1,2460,18,8,4,0
23702,1,48,1,1982,40,0,5,0
22078,1,23,1,6000,8,43,5,0
19236,2,44,1,6589,9,0,8,0
19893,1,4,1,3000,22,0,2,0
36415,2,36,1,217,5,0,3,0
43916,2,32,1,6968,22,0,6,0
14698,2,15,1,6000,10,16,5,0
28276,1,8,1,5132,87,0,10,0
49862,1,2,1,58,3,0,24,0
49925,1,24,1,0,79,0,4,0
49960,1,35,1,0,9,0,56,0
10093,1,35,1,0,39,3,17,0
47577,1,15,1,10000,3,0,9,0
34859,2,5,1,8000,7,0,7,0
12806,2,19,1,3000,22,0,2,0
12423,2,11,1,0,9,9,16,0
28729,1,5,1,7298,22,36,10,0
41924,2,5,1,7000,6,0,6,0
28237,1,5,1,4000,12,19,3,0
23311,1,15,1,4000,8,10,3,0
27812,1,5,1,0,28,0,18,0
14712,1,37,1,4000,2,0,3,0
18795,1,25,1,576,26,0,12,0
6889,1,35,1,8000,33,0,7,0
772,2,5,1,0,29,16,3,0
2768,1,35,1,2000,75,0,1,0
33763,1,5,1,5000,24,0,4,0
43247,1,7,1,4957,23,3,8,0
32833,2,10,1,0,14,3,62,0
13063,2,20,1,4000,71,0,3,0
44157,1,11,1,6084,100,30,12,0
34737,2,46,1,0,12,9,4,0
24514,1,21,1,5526,13,4,9,0
46126,2,39,1,4891,38,0,9,0
38235,2,21,1,0,25,12,2,0
25210,2,43,1,7000,20,0,6,0
26935,1,49,1,606,28,0,32,0
21363,1,4,1,0,36,0,8,0
32641,2,37,1,10123,30,0,12,0
46346,2,15,2,5000,17,5,4,0
22573,1,22,1,0,11,4,11,0
31855,2,23,1,6168,47,4,15,0
5224,2,35,1,5000,42,0,4,0
13180,2,2,1,3000,10,0,2,0
17124,1,5,1,0,34,0,2,0
20090,1,48,1,8486,35,0,14,0
5967,1,7,1,4204,100,3,8,0
36448,2,5,1,2237,100,0,2,0
647,2,10,1,0,83,0,26,0
3781,1,46,1,0,14,4,3,0
20232,1,5,1,1412,61,0,3,0
19264,2,10,1,5000,13,0,4,0
24762,2,13,1,0,11,4,2,0
17161,2,23,1,2976,5,3,2,0
30810,1,16,1,0,45,7,36,0
19736,2,36,1,4939,78,17,4,0
47429,1,19,1,0,9,0,4,0
38060,1,5,1,4546,26,4,6,0
430,1,36,1,10166,55,52,13,0
9912,2,35,1,5453,23,0,14,0
4017,2,5,1,0,17,0,4,0
2976,1,10,1,6000,31,0,5,0
22228,1,39,1,0,15,1,75,1
46023,1,34,1,5000,3,3,4,0
31428,2,29,1,0,30,1,7,0
38534,2,5,1,0,8,28,6,0
32234,2,23,1,13000,95,0,12,1
37011,2,17,1,4454,39,0,20,0
18751,1,20,1,0,8,0,11,0
46249,1,13,1,2407,22,0,11,0
8410,1,15,1,3000,12,6,2,0
10407,1,10,1,5000,35,13,4,0
23956,2,35,1,4000,54,0,3,0
23042,1,24,1,3520,4,0,15,0
19834,1,44,1,0,7,0,5,0
48428,1,36,1,2613,20,15,12,0
7269,1,36,1,4000,30,4,3,0
44594,1,21,1,8000,24,10,7,0
1139,1,5,1,0,88,2,10,0
4986,1,39,1,4000,5,0,3,0
2886,2,5,1,1520,9,0,14,0
48414,2,3,1,8000,46,0,7,0
14978,2,48,1,8000,5,0,7,0
38404,1,21,1,201,21,0,8,0
23792,1,15,1,4000,46,0,3,0
10994,2,5,1,858,5,0,18,0
44422,1,16,1,4000,25,5,3,0
26582,2,35,1,1160,15,1,4,0
3121,2,5,1,2950,49,23,12,0
39203,1,21,1,1210,19,2,23,0
37448,2,2,1,0,48,2,2,0
4058,1,21,1,0,16,1,5,0
31986,2,21,1,0,100,0,6,1
49292,2,38,2,0,10,4,7,0
18870,2,8,1,5000,100,0,4,0
27740,1,15,1,2793,5,0,14,0
7071,1,11,2,3000,14,1,2,0
33875,1,49,1,0,13,0,46,0
29559,1,15,1,3445,77,1,10,0
17584,1,24,1,13000,36,0,12,0
43157,1,2,1,0,11,9,16,0
18584,1,5,1,0,19,4,3,0
13459,1,5,1,6000,8,4,5,0
17725,1,4,1,0,11,0,4,0
4570,1,5,1,1161,9,0,4,0
31514,1,36,1,0,29,0,9,0
21497,1,23,1,8000,23,10,7,0
18176,2,32,1,0,39,0,16,0
6330,2,17,1,0,10,2,20,0
14875,2,5,1,7,13,0,11,0
40463,1,35,1,4000,21,0,3,0
47442,2,10,1,8000,49,0,7,0
39231,1,39,1,3000,42,0,2,0
30147,1,35,1,0,19,0,2,0
49347,2,44,1,3000,14,7,2,0
199,2,11,1,3000,5,0,2,0
1449,2,19,1,1595,6,0,2,0
17758,1,9,1,8360,12,5,8,0
44012,2,7,1,3000,4,2,2,0
10269,1,36,1,14210,25,0,15,1
32009,1,35,1,4000,19,0,3,0
20834,2,44,1,8000,4,0,7,0
34627,1,16,1,7000,27,6,6,0
8660,1,5,2,5993,64,5,7,1
10046,1,32,1,0,20,0,7,0
16380,2,48,1,6000,14,3,5,0
17245,2,44,1,11344,32,60,15,0
31571,2,33,1,6000,18,0,5,0
19724,1,5,1,7000,1,4,6,0
40337,2,7,1,4000,32,0,3,0
12619,2,32,1,0,12,13,3,0
5747,1,43,1,0,59,7,75,0
44071,1,5,1,7000,46,0,6,0
43135,1,45,2,8000,18,3,7,0
23576,1,10,1,0,7,0,7,0
47224,2,6,1,9000,24,25,8,0
25327,2,29,1,2345,100,0,2,0
44217,2,18,1,0,21,0,2,0
19820,1,5,1,0,29,0,8,0
47714,1,5,1,5696,35,17,9,0
45674,1,49,1,8000,33,18,7,0
41828,1,5,1,10000,9,7,9,0
3841,1,33,1,13000,4,1,12,0
34966,2,36,1,362,37,0,7,0
5646,1,15,1,0,4,0,5,0
33932,1,44,2,0,71,0,16,0
25316,1,34,1,4000,16,0,3,0
23047,2,48,1,3000,10,2,2,0
9673,2,44,1,3025,3,0,3,0
45834,1,15,1,7000,19,15,6,0
9243,1,5,1,4783,17,0,4,0
35275,2,19,1,4000,9,0,3,0
32447,2,14,1,0,86,0,34,0
682,2,49,1,7000,34,11,6,0
45180,2,39,1,4000,28,2,3,0
46940,1,5,1,3000,17,0,2,0
41769,2,5,1,9985,26,0,17,0
8813,2,16,1,0,6,0,44,0
40265,1,29,1,5692,14,0,5,0
25267,1,35,1,6000,24,0,5,0
49380,1,44,1,4084,12,1,34,0
28592,2,6,1,4000,3,1,3,0
12759,2,10,1,3000,46,0,2,0
8475,1,5,1,557,31,0,20,0
24803,2,19,1,12000,56,0,11,1
13506,1,24,1,5000,35,6,4,0
18216,1,5,1,0,37,0,5,0
44985,1,44,1,3042,19,0,3,0
6225,2,11,1,325,27,0,6,0
33323,1,11,2,10000,29,0,9,0
32157,2,45,1,16000,7,4,15,0
45144,2,6,1,4578,25,0,5,0
10461,1,2,1,0,84,2,4,0
34111,1,10,1,0,8,0,4,0
36901,1,35,1,8000,16,2,7,0
36463,1,5,1,2000,10,0,1,0
586,1,44,1,1707,50,1,8,0
26502,1,7,1,7000,80,0,6,0
39110,2,10,1,6000,10,1,5,0
29317,1,35,1,3486,7,4,10,0
23209,2,47,1,0,87,5,11,0
43786,1,46,1,9019,51,0,37,1
23585,1,24,1,12142,11,0,13,0
47911,2,15,1,0,4,0,4,0
40065,1,10,2,8000,7,0,7,0
7651,2,23,1,5000,27,0,4,0
7585,2,20,2,0,5,0,5,0
40552,1,44,1,0,13,1,19,0
36928,1,29,1,5000,4,2,4,0
13374,2,20,1,12550,16,4,17,0
13485,2,6,1,3000,9,33,2,0
24493,2,11,1,0,7,0,2,0
2464,2,13,1,4000,29,0,3,0
9830,1,5,1,0,15,5,15,0
31685,1,20,1,1903,74,10,4,0
37429,1,29,1,4000,46,0,3,0
20340,1,38,1,0,18,1,15,0
48860,2,44,2,5645,42,0,17,1
44241,2,28,1,5000,36,0,4,0
47408,1,49,1,3839,7,2,8,0
27507,1,35,1,119,89,0,5,0
17553,1,32,1,6366,40,2,14,0
23515,2,20,1,0,49,10,31,0
26007,1,6,1,3356,2,0,33,0
46860,2,32,1,3000,37,0,2,0
29597,2,5,1,2497,37,0,2,0
18047,1,15,1,5000,10,9,4,0
44419,2,16,1,10000,59,1,9,0
31563,2,17,1,678,40,0,3,0
34963,1,35,1,0,32,1,2,0
7056,1,13,1,3000,58,26,2,0
7647,1,4,1,0,61,0,6,0
25771,1,44,1,5996,14,17,14,0
43936,1,46,1,9000,34,25,8,0
27720,2,5,1,6000,7,0,5,0
28449,1,39,1,12377,15,0,17,0
48431,1,43,1,4000,31,3,3,0
24385,2,19,1,0,100,0,7,0
38940,1,35,1,3150,10,0,8,0
36466,2,10,1,4000,44,24,3,0
10928,1,23,1,0,74,7,12,0
42424,2,36,1,14000,100,0,13,1
12895,2,45,1,0,10,5,4,0
41068,2,21,1,2799,95,5,14,0
26107,1,24,1,0,56,2,14,0
45575,2,3,1,4371,10,0,8,0
3291,2,48,1,7882,53,4,19,0
34118,2,11,1,11514,15,0,75,1
11428,1,19,1,800,31,0,4,0
15055,1,31,1,3000,12,0,2,0
19475,1,48,1,9000,50,3,8,0
3495,2,35,1,4000,12,0,3,0
5265,2,4,1,0,6,0,2,0
12378,1,29,1,13000,75,8,12,0
20367,1,22,1,5856,24,0,9,0
45678,1,46,1,8000,20,0,7,0
40830,2,36,1,5000,37,0,4,0
6917,1,29,1,7058,7,1,63,1
18028,2,35,1,2641,13,34,2,0
37746,1,18,1,9000,14,1,8,0
21329,1,49,1,3000,15,9,2,0
20280,2,26,1,4546,41,12,11,0
41886,2,37,1,8000,16,10,7,0
16546,1,7,1,0,62,0,27,0
14068,2,44,1,11093,100,0,15,1
20631,1,41,1,1018,18,0,17,0
21240,1,16,1,4000,54,0,3,0
27153,1,15,1,6102,46,0,12,0
26635,2,36,1,4698,28,0,18,1
10822,1,43,1,0,6,1,7,0
19016,2,39,1,1625,28,1,10,0
14760,1,44,1,3000,11,2,2,0
18120,1,39,1,9092,58,0,17,0
42882,1,37,1,0,10,5,4,0
36208,2,39,1,4301,42,3,32,0
49475,1,35,1,0,45,0,6,0
1825,1,20,1,10155,26,2,17,0
46195,1,9,1,13000,13,33,12,0
25435,1,19,1,0,59,0,15,0
40079,2,49,1,4000,7,0,3,0
8910,2,5,1,2953,45,7,7,0
20854,2,32,1,7000,51,0,6,0
27451,1,6,1,3000,7,0,2,0
31938,1,5,1,0,4,6,3,0
6947,2,46,1,4000,5,0,3,0
9686,2,48,1,3000,7,5,2,0
34335,2,22,1,6259,97,0,33,1
46759,1,44,1,6339,12,0,14,0
28475,1,21,1,2881,54,8,4,0
18669,1,16,1,0,19,5,8,0
37157,2,5,1,6094,8,23,10,0
3565,1,15,1,6000,40,0,5,0
28541,2,24,1,0,26,0,5,0
18050,2,5,1,405,6,0,5,0
28080,2,44,1,1579,11,8,13,0
28533,1,5,1,6000,23,0,5,0
21421,1,5,1,8370,5,8,15,0
323,1,10,1,4000,15,4,3,0
47971,1,7,1,1113,39,3,17,0
19346,1,32,1,6755,42,0,8,0
14805,2,44,1,0,24,9,8,0
45992,1,43,1,3000,20,0,2,0
45620,2,44,1,0,8,0,2,0
49166,2,21,1,8942,22,0,14,0
28280,2,24,1,0,100,0,7,0
38832,2,19,1,13000,10,0,12,0
29277,2,44,1,4000,15,2,3,0
27489,1,44,1,7000,35,1,6,0
43006,1,41,1,4000,23,0,3,0
10497,1,24,1,0,4,5,15,0
42663,1,43,1,0,13,0,7,0
5529,2,35,1,8000,35,0,7,0
35388,1,13,2,4000,13,3,3,0
31209,1,32,1,13906,4,0,18,0
40988,2,5,1,0,17,0,13,0
21333,1,23,1,3000,100,19,2,0
3403,1,5,1,1178,25,11,4,0
7781,1,44,1,0,100,2,3,0
27136,1,5,1,0,26,0,7,0
45930,2,5,1,6000,15,9,5,0
25716,2,39,1,2000,63,0,1,0
22230,2,10,1,7517,32,5,19,0
483,1,44,1,3030,7,0,6,0
28662,1,5,1,488,32,4,4,0
14182,2,35,1,2630,12,0,4,0
39685,1,10,1,6485,8,0,6,0
8791,2,24,1,0,5,15,8,0
38979,1,9,1,2588,10,19,19,0
40402,2,37,1,4000,17,0,3,0
2875,2,5,1,0,16,0,8,0
45436,1,46,1,6625,24,0,11,0
22604,2,35,1,10000,29,17,9,0
37028,1,21,1,0,33,6,3,0
44394,1,14,1,0,12,60,5,0
4216,1,23,1,0,52,1,29,0
33068,1,15,1,7000,11,0,6,0
13592,1,41,1,4000,23,2,3,0
44341,1,7,1,10591,8,2,10,0
38870,1,39,1,12000,35,9,11,1
46869,2,48,1,3752,49,0,13,0
374,2,4,1,4000,44,0,3,0
48582,2,15,1,0,19,0,15,0
39617,1,44,1,4000,11,0,3,0
27089,1,35,1,5000,19,21,4,0
32025,2,24,1,0,24,3,12,0
21635,1,10,1,0,26,0,2,0
4580,2,44,1,4000,3,0,3,0
39393,2,3,1,3000,5,3,2,0
17783,1,23,1,5000,100,0,4,0
40303,1,44,1,4000,20,54,3,0
19517,1,11,1,5921,22,0,13,0
28310,1,26,1,5000,38,24,4,0
12618,1,26,1,4000,58,0,3,0
35499,1,10,1,1587,55,0,13,0
35885,1,23,1,3000,19,5,2,0
31745,1,41,1,3651,9,60,11,0
48721,1,9,2,4000,3,0,3,0
13912,2,5,1,0,8,5,3,0
7095,1,43,2,5000,9,12,4,0
15401,2,43,1,0,30,48,10,0
42130,2,4,1,0,22,0,6,0
29298,2,10,1,5672,5,0,9,0
33130,1,39,1,1223,19,1,6,0
29117,1,10,1,4000,35,19,3,0
7688,1,20,1,8505,58,1,16,0
45115,1,10,1,0,11,15,7,0
63,2,23,1,0,38,0,3,0
25110,2,46,1,0,32,0,6,0
12025,2,5,1,5983,7,0,11,0
37596,2,23,1,0,2,0,15,0
7893,1,19,1,2297,29,0,2,0
20266,2,16,1,0,13,3,20,0
49707,1,36,1,2528,30,0,6,0
47293,2,43,1,5000,20,8,4,0
22682,1,5,1,4000,14,0,3,0
29910,1,19,1,8622,27,2,19,0
2386,1,44,1,0,10,3,14,0
25885,1,35,1,718,77,12,8,0
3185,1,35,1,5933,16,0,13,0
21753,1,10,1,8186,100,0,8,1
8359,1,28,1,4000,5,0,3,0
4996,1,21,1,0,48,60,4,0
19991,1,36,1,3000,100,0,2,0
37219,1,48,1,0,68,0,5,0
45048,2,34,1,3140,31,8,5,0
13735,1,43,1,0,5,0,5,0
6112,1,20,1,999,13,0,5,0
5374,1,5,1,0,4,9,12,0
42275,2,25,1,7650,54,0,17,0
12432,1,29,1,0,7,1,12,0
7919,2,5,1,8455,7,4,15,0
35812,2,19,1,0,7,4,9,0
37631,1,17,1,3000,100,0,2,0
12141,1,5,1,11984,33,7,12,1
39635,2,5,1,353,56,0,7,0
9646,2,48,1,0,13,6,3,0
43842,2,6,1,0,20,4,17,0
36449,1,25,1,0,20,0,3,0
25314,1,15,1,6000,10,0,5,0
46536,2,31,1,2000,10,10,1,0
5305,2,21,1,6581,19,31,6,0
38770,1,11,1,4487,73,0,4,0
22446,2,21,1,931,9,0,4,0
10325,2,15,1,10000,6,0,9,0
37747,1,48,1,13000,5,31,12,1
41365,1,32,1,6330,15,17,10,0
3181,1,19,1,7000,12,0,6,0
29110,1,5,1,0,19,0,4,0
26630,1,41,1,0,56,0,12,0
17021,1,25,1,4000,100,9,3,0
4615,1,44,1,10933,9,0,25,0
30559,2,32,1,6000,53,0,5,0
429,2,46,1,0,64,0,18,0
45145,1,10,1,3936,7,5,14,0
36166,2,11,1,2946,38,4,11,0
46192,1,5,1,3286,4,0,10,0
43339,1,6,1,0,17,0,2,0
21862,1,19,1,4669,9,25,8,0
24212,1,21,1,8000,27,2,7,0
10366,2,32,1,4000,58,0,3,0
39273,2,48,1,2596,15,0,14,0
33413,2,36,1,0,10,0,2,0
20850,1,12,1,8196,65,0,24,0
16843,2,5,1,1988,62,0,3,0
9999,1,43,1,9385,30,0,9,0
23187,2,44,1,15473,100,0,24,1
7498,1,21,1,0,20,0,2,0
5460,1,24,1,8000,29,12,7,0
4574,1,38,1,3000,18,3,2,0
8172,1,4,1,13000,8,12,12,0
33840,2,11,1,3000,67,0,2,0
23589,1,30,1,12000,4,0,11,0
41913,1,28,1,12000,14,0,11,0
7295,1,44,1,13539,16,1,39,0
25914,1,44,1,4000,3,0,3,0
16358,2,17,1,0,7,0,4,0
36330,2,35,2,2244,11,20,4,0
46763,2,44,1,9000,100,1,8,1
13264,2,20,1,4000,21,2,3,0
33511,1,19,1,2997,5,0,2,0
44106,2,4,1,1505,52,0,2,0
11193,1,5,1,0,19,0,3,0
27639,1,23,1,6596,50,0,11,0
35306,2,41,1,3001,8,0,9,0
17715,1,43,1,0,26,3,5,0
32664,1,23,1,0,70,3,6,0
13168,1,10,1,8617,17,0,9,0
25291,1,20,1,6000,16,0,5,0
27402,2,24,1,3378,11,1,12,0
12458,1,38,1,4043,11,0,15,0
2186,2,20,1,1,97,0,4,0
37088,2,5,1,233,17,14,8,0
21359,2,49,1,5000,9,31,4,0
40554,1,44,1,6871,42,46,14,0
25254,2,33,1,0,31,0,11,0
2495,2,50,1,1439,18,60,11,0
11033,1,14,1,5000,20,0,4,0
13612,2,35,1,0,53,0,8,0
26445,1,35,1,5000,12,0,4,0
41258,1,35,1,19486,3,7,38,1
11763,1,5,1,1133,6,0,4,0
5236,1,11,1,7013,48,0,16,0
5764,2,23,1,8000,2,0,7,0
19733,2,16,1,6201,24,0,25,0
39018,2,5,1,0,71,0,2,0
36079,2,5,1,0,55,4,10,0
44768,1,18,1,0,100,1,2,0
28281,1,4,2,0,63,0,4,0
46355,2,24,1,6000,4,1,5,0
42759,2,23,1,0,11,0,2,0
48921,2,23,1,5782,13,2,30,0
47079,1,15,1,8000,13,0,7,0
18152,2,13,1,2852,41,17,28,0
41441,1,46,1,1927,99,0,4,0
18347,2,36,1,5000,100,0,4,1
21523,1,12,1,6000,22,0,5,0
39093,2,15,1,10300,85,1,11,0
29609,1,35,1,6000,37,0,5,0
19137,2,11,1,0,21,1,7,0
9385,1,5,1,696,18,7,4,0
21113,1,15,1,9000,29,2,8,0
43031,1,13,1,0,73,0,5,0
16159,1,41,1,13747,38,1,20,1
24593,1,44,1,5000,4,0,4,0
27462,1,13,1,7210,32,0,11,0
10167,1,31,1,1713,6,0,13,0
34916,1,13,1,10862,11,0,25,0
34138,1,48,1,0,9,0,22,0
31231,1,39,1,0,21,0,6,0
44958,1,13,1,4181,55,1,10,0
3031,2,38,1,0,26,0,5,0
29207,2,35,1,0,23,0,12,0
31461,1,15,1,0,22,2,13,0
40777,2,36,1,0,38,5,8,0
43706,1,9,1,0,15,52,4,0
28615,1,37,1,1464,12,0,4,0
30871,1,20,1,3000,1,0,2,0
9069,1,44,1,8000,4,0,7,0
22922,2,15,1,3710,8,1,4,0
36212,1,44,1,2542,26,0,7,0
30421,1,5,1,21729,8,0,27,1
3228,1,35,1,0,10,3,12,0
44490,1,35,1,9000,7,0,8,0
25420,2,44,1,6000,12,23,5,0
32344,1,5,1,15000,14,2,14,0
30373,1,10,1,10000,27,0,9,1
18380,1,20,1,0,14,3,7,0
35716,1,5,1,3000,31,0,2,0
43932,1,5,1,4992,38,4,17,0
5708,2,11,1,13000,14,7,12,1
49578,1,19,1,677,14,1,50,0
26773,2,4,1,6000,30,26,5,0
37655,1,49,1,0,17,0,12,0
386,1,18,1,3193,29,0,5,0
39191,1,35,1,19786,100,1,39,1
3376,1,5,1,0,24,0,6,0
29725,2,15,1,0,15,6,2,0
18893,2,34,1,4605,6,16,4,0
30062,2,28,1,5000,94,0,4,0
3864,2,24,1,183,6,25,5,0
43116,2,43,1,2069,10,1,5,0
7210,2,22,1,0,24,0,3,0
3367,1,23,1,10000,18,0,9,0
14442,2,34,1,3000,15,0,2,0
15971,1,33,1,3628,55,2,25,0
45343,2,26,1,6526,24,0,9,0
6076,1,5,1,6657,7,0,6,0
32811,1,4,1,1683,100,0,2,0
47849,2,11,1,4712,100,0,6,1
38202,1,44,1,15000,32,33,14,1
32662,2,24,1,1697,3,0,5,0
2096,2,16,1,8000,24,0,7,0
28781,1,36,1,0,11,0,3,0
42963,2,44,1,5000,3,0,4,0
31466,1,4,1,160,23,0,7,0
3759,2,5,1,0,60,0,3,0
30137,1,38,1,0,6,2,3,0
13343,1,51,1,4000,19,7,3,0
37834,2,5,1,7000,18,60,6,0
16919,1,36,1,3000,100,0,2,0
26793,2,35,1,3000,9,0,2,0
28792,2,35,1,5000,26,0,4,0
46386,1,12,1,16000,2,0,15,0
47795,1,34,1,0,100,11,4,0
13675,1,20,1,0,65,0,10,0
19394,2,24,1,7000,100,0,6,1
16766,2,9,1,8114,4,0,12,0
11314,1,7,1,5000,60,0,4,0
46457,1,36,1,0,23,9,2,0
22609,2,24,1,10000,94,7,9,0
8921,2,35,1,4000,53,14,3,0
1282,2,17,1,0,75,4,10,0
46450,1,5,1,1094,47,0,6,0
33864,1,4,1,5000,7,6,4,0
9065,1,39,1,7000,33,0,6,0
39822,1,7,1,3642,40,2,4,0
23078,2,7,1,7000,12,0,6,0
24066,1,5,1,1253,50,0,9,0
915,1,33,1,5000,6,0,4,0
22126,1,5,1,7450,14,0,12,0
23365,1,39,1,4694,17,2,17,0
31432,1,33,1,0,33,0,3,0
26750,1,6,1,0,26,10,12,0
33780,1,44,1,15430,5,0,17,1
41928,1,28,1,18000,25,5,17,1
17472,2,48,1,3000,20,0,2,0
19316,2,35,1,987,100,0,9,0
44429,2,36,1,4000,5,0,3,0
32657,1,15,1,1235,11,0,2,0
36918,1,48,1,0,23,6,20,0
899,1,49,1,11000,18,0,10,0
23559,2,44,1,4000,25,0,3,0
46238,1,20,1,0,40,0,2,0
40171,2,3,1,0,13,6,5,0
23308,1,19,1,0,11,0,5,0
17629,1,7,1,3858,28,0,5,0
17519,1,11,1,6000,30,0,5,0
972,1,32,1,6000,3,3,5,0
35853,2,22,1,0,5,0,7,0
12131,2,36,1,0,100,0,12,0
11462,1,19,1,4000,12,0,3,0
18695,2,5,1,21800,3,2,40,1
44136,2,13,1,4037,20,0,8,0
11049,2,35,1,4000,10,8,3,0
18127,1,46,1,2793,47,0,75,1
6527,2,23,1,20,9,3,9,0
35963,1,5,1,11000,34,0,10,0
2133,2,2,1,7000,18,0,6,0
32291,1,49,1,5000,19,9,4,0
11225,1,32,1,9291,26,0,17,0
49691,1,18,1,7000,12,0,6,0
2373,1,50,1,0,22,42,4,0
19000,1,35,1,8758,6,0,10,0
6485,2,35,1,0,18,9,14,0
18254,1,16,2,5000,13,4,4,0
38924,1,44,1,4387,23,0,26,0
8616,2,29,1,0,4,0,2,0
28323,1,39,1,2508,45,7,17,0
36524,1,10,1,616,51,0,8,0
8579,1,29,2,10770,6,12,15,0
42514,1,9,1,334,17,0,6,0
8021,2,38,1,4000,5,0,3,0
47345,1,13,1,379,13,7,2,0
39101,1,24,1,0,6,0,10,0
38367,1,5,1,0,18,10,5,0
1013,1,49,1,0,49,21,3,0
2248,2,41,1,8000,19,6,7,0
21318,1,48,1,5000,96,12,4,0
44843,1,36,1,2803,39,0,3,0
33284,1,10,1,0,12,0,4,0
37639,1,44,1,0,8,0,5,0
41587,1,23,1,4915,1,0,20,0
49129,2,25,1,3305,11,0,10,0
48363,1,10,1,0,74,0,19,0
44020,1,44,1,9000,8,0,8,0
20496,1,44,1,0,26,0,7,0
5568,1,29,1,13658,47,0,14,1
11833,2,18,1,2903,15,0,18,0
38331,1,44,1,3323,4,3,3,0
32212,2,29,1,2312,34,1,3,0
25616,2,1,1,1699,24,1,9,0
44932,1,11,1,7791,11,0,9,0
232,2,20,1,0,14,0,19,0
38515,2,18,1,12000,9,2,11,0
41664,1,43,1,0,22,0,2,0
5978,2,3,1,8087,18,0,15,0
6649,1,5,1,0,40,0,7,0
40880,2,10,1,4000,3,0,3,0
37519,1,10,1,7000,4,0,6,0
17610,1,5,1,3488,26,7,14,0
28060,2,10,1,0,29,0,6,0
12258,2,2,1,11000,39,0,10,0
23746,1,23,1,1290,14,20,7,0
21357,2,1,2,16041,4,5,20,0
2894,1,15,1,1364,23,2,36,0
24415,1,48,1,6846,21,0,14,0
14230,2,32,1,3080,7,4,4,0
23400,1,5,1,9000,100,0,8,1
2639,2,24,1,13440,5,0,15,0
47262,1,35,1,0,42,0,5,0
10152,2,5,1,4000,2,20,3,0
45311,2,48,1,4712,38,7,75,1
14418,1,44,1,8000,17,0,7,0
39357,2,44,1,0,12,2,13,0
30251,1,16,2,0,9,3,10,0
28593,1,29,1,5000,12,0,4,0
48389,2,11,1,0,17,0,10,0
21211,2,45,1,0,17,0,4,0
42733,2,19,1,0,0,0,6,0
10971,2,36,1,0,26,17,4,0
31538,1,49,1,453,50,1,4,0
26534,1,34,1,6000,59,0,5,0
29312,2,35,1,4592,46,55,14,0
36836,1,10,1,7000,21,0,6,0
5932,2,6,2,2656,17,0,8,0
3805,1,15,1,0,19,0,19,0
30203,1,10,1,3909,13,0,15,0
33212,1,15,1,4000,69,1,3,0
48170,1,20,1,7,13,0,2,0
2981,1,10,1,14000,100,0,13,0
16786,2,10,1,0,68,4,18,0
25498,1,44,1,4000,47,0,3,0
3738,2,28,1,7000,11,2,6,0
31467,1,41,1,0,21,0,5,0
21681,2,38,1,0,12,3,4,0
47030,1,43,1,7142,40,0,9,0
20993,1,19,1,0,8,35,65,0
23410,1,44,1,0,12,2,4,0
4378,1,12,1,8000,5,0,7,0
24848,1,10,1,0,2,5,12,0
45656,2,13,1,617,3,0,22,0
42861,2,39,1,0,2,6,6,0
43942,1,44,1,3000,100,0,2,0
3096,2,29,1,1029,3,0,7,0
36268,1,5,1,13000,48,0,12,0
14278,1,44,1,6635,18,4,10,0
11592,1,23,1,1329,6,1,2,0
44476,2,39,1,0,100,0,7,0
46566,1,39,1,0,1,3,37,0
43711,2,4,1,18000,36,3,17,1
38692,2,3,1,0,32,0,7,0
27025,2,35,1,576,9,5,1,0
38845,2,21,1,5000,9,0,4,0
30142,1,17,1,4629,50,3,6,0
8395,1,17,1,7000,10,0,6,0
4606,2,39,1,5000,29,3,4,0
33052,1,6,1,8000,12,0,7,0
35010,1,39,1,6918,22,0,18,0
16696,1,48,1,4000,2,0,3,0
24588,2,15,1,5000,13,18,4,0
18984,1,7,1,0,21,1,5,0
5716,1,48,1,2871,38,0,9,0
34076,1,18,1,3000,6,0,2,0
41052,2,5,1,0,20,2,2,0
22740,1,35,1,7889,100,0,14,0
32477,1,44,1,7000,100,5,6,0
42199,1,33,1,5000,8,0,4,0
23866,2,32,1,2217,3,5,4,0
48816,1,5,1,0,20,16,2,0
42085,2,35,1,660,31,10,5,0
1877,2,49,1,0,8,1,6,0
7790,2,29,1,3000,13,0,2,0
4306,1,10,1,6000,2,0,5,0
626,2,39,1,9425,1,0,10,0
39756,2,15,1,7000,10,0,6,0
15001,1,21,1,5000,6,8,4,0
15645,1,15,1,4012,21,0,4,0
30603,1,29,1,10358,17,0,14,0
29898,1,19,1,0,16,0,11,0
34420,1,21,1,7823,10,0,9,0
41101,2,10,1,4000,12,0,3,0
14033,1,44,1,0,9,13,6,0
19141,2,10,1,0,22,0,12,0
35631,2,23,1,0,23,4,4,0
48655,2,46,1,0,11,0,7,0
35023,2,21,1,2000,60,2,1,0
46127,2,32,1,0,31,1,27,0
5611,1,6,1,1929,28,0,10,0
39232,2,39,1,2260,13,0,9,0
10645,1,5,2,0,3,2,4,0
49989,1,34,1,0,42,0,5,0
19372,2,23,1,4000,2,0,3,0
35076,2,46,1,1954,43,8,19,0
45172,1,36,1,7000,22,18,6,0
4385,1,5,1,5000,38,0,4,0
14459,1,5,1,4000,19,8,3,0
16477,2,29,1,6601,5,0,7,0
12762,2,39,1,0,59,0,6,0
24555,2,44,1,6429,47,0,11,0
20454,1,44,1,9000,45,0,8,0
481,2,48,1,3000,71,7,2,0
37869,2,11,1,13000,8,0,12,0
42002,1,36,1,3000,4,0,2,0
42704,1,5,1,17214,41,0,30,1
38466,2,44,1,9000,12,0,8,0
12981,1,44,1,7000,24,37,6,0
9734,1,32,1,7000,22,0,6,0
26183,2,21,1,4000,5,0,3,0
28681,2,18,1,0,100,8,8,0
15190,2,24,1,10119,7,5,13,0
45947,1,44,1,0,44,2,8,0
36080,1,44,1,5000,73,0,4,0
31256,1,46,1,6000,36,0,5,0
47127,2,5,1,0,25,0,5,0
26493,1,5,1,5968,22,0,6,0
47923,1,44,1,3000,19,0,2,0
7328,1,32,1,4000,100,0,3,0
274,1,48,1,0,19,0,5,0
29651,2,32,1,0,33,6,2,0
32907,1,20,1,4000,1,6,3,0
15040,1,13,1,1442,8,60,22,0
23849,1,35,1,5423,6,2,9,0
32854,1,38,1,8000,39,11,7,0
15109,1,34,1,2499,100,0,3,0
16160,2,5,1,0,13,3,7,0
42475,1,38,1,4000,11,0,3,0
2175,2,7,1,0,25,0,4,0
43099,2,20,1,9865,19,2,23,0
26678,1,46,1,377,3,12,10,0
20125,1,11,1,6000,100,15,5,0
46575,2,35,1,0,8,0,3,0
38342,2,37,1,14559,69,0,16,0
31064,1,20,1,0,20,14,5,0
4352,2,35,1,532,100,0,7,0
15299,1,25,1,0,15,0,4,0
759,2,5,1,3000,6,4,2,0
25813,1,35,1,7000,14,0,6,0
23973,1,44,1,3000,18,0,2,0
22141,1,15,1,4024,8,0,9,0
7515,2,44,1,1389,6,5,10,0
1819,1,25,1,0,24,4,7,0
13820,2,10,1,10311,9,29,12,0
46526,2,34,1,0,12,0,4,0
42048,1,35,1,7000,100,0,6,0
27012,1,10,1,7000,24,1,6,0
47048,2,5,1,4559,9,9,4,0
14364,2,36,1,8179,6,9,24,0
13905,1,5,1,0,9,0,9,0
36896,2,15,1,4511,16,0,14,0
38798,1,46,1,0,18,0,5,0
44982,1,28,1,0,7,8,3,0
32837,1,11,1,14000,20,5,13,0
44959,2,14,1,0,34,1,4,0
29503,1,23,1,0,38,0,5,0
34119,1,21,1,3000,15,0,2,0
25431,2,25,1,0,19,0,8,0
25377,1,47,1,1116,17,6,19,0
48787,2,24,1,1660,3,0,13,0
40185,1,29,1,6545,30,6,8,0
17594,2,12,1,2041,100,0,7,0
22679,1,29,1,4000,12,1,3,0
15240,1,11,1,8416,20,4,11,0
8405,1,46,1,7000,6,0,6,0
11397,2,35,1,2461,100,0,6,0
38655,1,11,1,4000,36,0,3,0
20501,1,39,1,4538,19,0,10,0
17067,1,16,1,7918,22,8,8,0
48546,1,15,1,19000,11,2,18,1
7802,1,6,1,10000,23,4,9,0
44528,2,24,1,2593,30,0,5,0
46622,1,48,1,4000,19,1,3,0
12231,2,10,1,10000,10,0,9,0
26507,2,49,1,6000,47,0,5,0
40433,1,5,1,4000,34,2,3,0
41027,2,15,1,4000,36,0,3,0
5267,2,17,1,8374,56,1,19,0
35760,2,44,1,398,4,0,5,0
43568,1,18,1,7156,77,0,9,0
352,2,5,1,1407,12,0,2,0
5012,1,23,1,1035,72,7,3,0
6577,2,19,1,2733,50,5,3,0
3223,1,5,1,0,5,2,19,0
1577,2,17,1,4000,31,23,3,0
3662,1,36,1,7710,74,0,10,0
15045,1,12,1,2000,18,0,1,0
16235,1,43,1,11000,3,0,10,0
40297,1,43,1,3535,22,5,22,0
17547,1,15,1,3000,7,6,2,0
22883,1,44,1,6676,9,2,11,0
3540,2,11,1,8899,39,10,9,0
11043,2,50,1,8000,100,0,7,0
21164,1,41,1,0,37,0,3,0
10825,2,29,1,11817,78,3,13,1
26492,2,32,1,0,5,5,3,0
13587,1,43,1,16754,25,0,29,1
31850,1,10,1,0,12,1,42,0
18125,1,49,1,0,18,0,9,0
3605,2,35,1,2057,31,0,17,0
44360,2,6,1,0,53,0,12,0
25609,1,44,1,4000,64,0,3,0
35066,2,20,1,0,48,0,4,0
38939,1,15,1,6000,15,6,5,0
13487,1,45,1,2549,36,17,20,0
49621,1,22,1,10000,23,4,9,0
14749,2,25,1,7945,45,0,17,0
41952,2,3,1,4000,23,0,3,0
37351,1,5,1,7389,4,0,8,0
39609,1,6,1,17000,11,0,16,0
35203,1,5,1,0,90,0,22,0
40379,1,11,1,0,25,0,9,0
46315,2,10,1,3000,74,0,2,0
38374,1,10,1,5000,12,0,4,0
26979,1,23,1,10000,15,0,9,0
33253,2,5,1,6323,67,0,6,0
41290,1,37,1,0,48,4,5,0
44004,1,5,1,3000,33,5,2,0
35416,1,21,1,2862,18,0,30,0
32841,2,12,1,9808,31,0,55,1
6966,1,46,1,19333,44,13,22,1
39301,1,35,1,6000,56,0,5,0
30104,1,5,1,10000,23,6,9,0
6789,1,50,1,5246,42,9,14,0
29667,2,5,1,7054,16,5,9,0
35221,2,38,1,11000,14,0,10,0
18594,2,23,1,0,22,0,4,0
35449,1,5,1,7275,58,0,8,0
6996,1,24,1,10744,23,11,17,0
9166,1,32,1,1264,77,22,12,0
9190,2,10,1,0,66,0,3,0
36616,1,5,1,0,12,16,75,0
43159,1,15,1,3000,48,0,2,0
16781,1,44,1,4000,29,16,3,0
13672,1,5,1,2966,31,6,10,0
49474,2,13,1,19302,2,0,58,1
17420,1,44,1,3000,18,7,2,0
5035,1,5,1,3721,12,0,7,0
2903,1,10,1,3000,11,0,2,0
11477,1,5,1,0,28,0,2,0
2435,2,23,1,8000,80,0,7,0
36501,2,21,1,5943,9,5,5,0
1854,2,35,1,8195,21,3,8,0
19474,1,49,1,1620,37,5,15,0
30046,1,18,1,5080,16,0,8,0
37818,1,36,1,4644,6,0,5,0
3830,1,48,1,7809,25,1,48,0
27075,1,5,1,12000,63,25,11,0
21052,2,10,1,0,7,19,7,0
34500,1,48,1,10788,16,0,19,0
559,2,35,1,5000,25,0,4,0
26896,2,2,1,3000,36,0,2,0
39390,1,5,1,410,51,2,2,0
11839,1,23,1,6966,11,18,28,0
46260,1,10,1,15000,13,0,14,0
23813,1,35,1,6744,4,0,6,0
29540,2,10,1,813,3,0,10,0
9667,2,35,1,6000,21,0,5,0
21112,2,15,1,5000,26,0,4,0
12815,1,23,1,2926,1,9,4,0
40446,1,45,2,7000,14,24,6,0
8436,2,28,1,1147,27,2,6,0
9986,1,28,1,2675,49,8,3,0
12487,1,39,1,1733,94,8,5,0
43562,2,40,1,0,15,0,6,0
104,2,20,1,3858,32,4,22,0
48962,1,43,1,0,5,13,12,0
36814,1,6,1,1722,5,3,7,0
26138,1,5,1,3000,2,3,2,0
33089,1,5,1,5000,19,0,4,0
16342,1,35,1,6676,35,0,10,0
40021,1,41,1,0,3,11,18,0
39722,1,37,1,0,37,0,4,0
14598,2,10,1,3000,100,0,2,0
1481,1,46,1,6000,35,5,5,0
16691,1,44,1,9000,86,0,8,1
19636,2,35,1,8839,37,0,19,0
3793,1,5,1,3000,6,0,2,0
4981,1,20,1,6000,19,2,5,0
19667,1,16,1,4000,100,3,3,0
24641,1,49,1,3000,19,1,2,0
7504,1,46,1,5951,17,60,44,1
12576,2,24,1,3398,10,0,3,0
7123,2,35,1,3333,4,12,9,0
38790,2,44,1,5327,100,0,27,1
1867,1,34,2,0,1,0,6,0
13204,1,29,1,0,11,0,8,0
24082,1,19,1,804,22,1,3,0
33385,2,21,1,0,76,0,7,0
849,1,16,1,0,100,2,8,0
14050,1,18,1,3000,100,10,2,0
47308,2,4,1,3238,7,0,6,0
45634,2,49,1,0,53,22,7,0
8659,2,26,1,5518,7,0,5,0
7516,1,35,1,11337,11,4,14,0
703,1,24,1,9254,8,6,13,0
31987,2,5,1,7354,100,9,7,0
28488,2,34,1,0,16,0,7,0
47472,1,10,1,0,45,0,4,0
42185,1,4,1,4000,44,0,3,0
25605,1,5,1,9555,9,0,18,0
35675,2,5,1,2643,17,0,2,0
4670,1,5,1,4060,14,0,6,0
28049,2,48,1,4740,4,10,12,0
35033,1,16,1,4000,10,0,3,0
18240,1,27,1,0,4,0,25,0
26404,2,33,1,11000,1,0,10,0
11209,2,25,1,4000,30,0,3,0
31334,1,25,1,2660,14,0,4,0
43186,1,15,1,13836,46,13,21,1
48347,2,41,1,3000,13,0,2,0
777,2,11,1,0,7,2,14,0
20772,1,48,1,0,53,0,25,0
33265,1,5,1,7000,34,9,6,0
19215,1,20,1,8000,51,3,7,0
11798,1,11,1,0,10,0,5,0
8666,1,35,1,8486,24,0,13,0
15014,1,13,1,8000,9,0,7,0
14225,1,5,1,5000,63,0,4,0
12869,2,35,1,0,19,0,7,0
15046,1,48,1,7000,64,0,6,0
7837,1,10,1,5000,36,3,4,0
16090,1,18,1,4740,34,0,5,0
48553,1,41,1,0,50,0,4,0
6101,1,24,1,5000,29,0,4,0
2056,2,21,1,0,87,0,3,0
746,2,36,1,4359,100,0,5,0
13237,2,10,1,10000,43,0,9,0
13198,1,36,1,759,9,0,9,0
49958,1,33,1,3000,71,0,2,0
20629,2,5,1,3281,17,0,7,0
2852,1,44,1,0,22,0,4,0
39858,1,11,1,1745,5,0,25,0
20165,2,29,1,3000,7,3,2,0
19151,1,17,1,4000,1,0,3,0
46520,2,5,1,4000,17,0,3,0
10747,2,36,1,7000,14,15,6,0
28151,1,5,1,0,18,0,9,0
3037,2,48,1,9261,30,0,25,0
7461,1,35,1,0,12,0,29,0
24114,2,10,1,6000,21,0,5,0
22643,1,13,1,11000,36,18,10,0
1683,1,6,1,1641,71,2,4,0
4878,2,11,1,10000,29,2,9,0
13724,1,44,1,0,55,2,14,0
10902,1,44,1,12611,13,8,14,0
49636,1,35,1,0,13,2,27,0
21740,2,44,1,7000,58,0,6,0
5429,1,25,1,9000,23,35,8,0
15889,2,20,1,8000,5,0,7,0
29365,1,3,1,7597,24,5,26,0
36450,1,41,1,9000,100,0,8,0
41758,1,4,1,6000,5,0,5,0
7983,1,20,1,3971,16,4,8,0
8181,2,44,1,4000,23,5,3,0
23317,2,15,1,0,9,0,30,0
25892,2,18,1,5000,32,0,4,0
20490,2,46,1,0,29,1,3,0
9607,1,29,1,9045,80,4,11,0
31688,2,25,1,2006,9,0,3,0
20974,2,2,1,7896,9,0,12,0
14961,1,5,1,0,40,35,3,0
4832,1,24,1,10000,24,10,9,0
15881,1,17,1,6000,2,0,5,0
14262,2,27,1,6321,51,1,12,0
34198,1,5,2,12000,55,15,11,1
1001,2,7,1,0,65,0,15,0
13115,1,42,2,7000,9,25,6,0
18873,1,36,1,0,3,0,2,0
30971,2,28,1,4000,62,2,3,0
3987,2,12,1,12710,9,3,20,0
12790,1,44,1,572,26,0,3,0
35643,2,5,1,2115,52,0,6,0
13696,1,44,1,749,2,0,4,0
13476,1,32,1,5000,17,0,4,0
11750,1,15,1,0,42,0,18,0
10593,1,5,1,0,4,0,3,0
36536,1,32,1,7081,5,0,13,0
19272,2,49,1,2969,14,0,19,0
40740,2,49,1,911,70,2,6,0
45397,1,5,2,4000,29,5,3,0
11873,2,35,2,0,6,0,14,0
7479,2,16,1,4973,17,0,5,0
21082,1,39,1,7000,27,1,6,0
13294,2,39,1,7000,16,2,6,0
24024,2,21,1,0,2,13,6,0
23126,1,48,1,14095,31,0,18,1
11661,1,4,1,0,1,0,5,0
38199,2,36,1,11000,1,0,10,0
6751,2,14,1,12318,6,0,36,1
48819,1,45,1,0,5,0,5,0
7917,2,41,1,3287,17,0,4,0
16605,1,49,1,12084,9,0,18,0
5368,1,36,1,16504,79,0,16,1
3445,2,5,1,0,36,1,2,0
8570,1,5,1,0,46,8,3,0
8930,1,5,1,0,1,17,5,0
21908,2,36,1,0,2,0,2,0
3932,1,5,1,1690,29,4,4,0
5349,2,43,1,3525,43,9,6,0
28245,1,6,1,9540,62,0,33,1
32605,1,49,1,4314,100,5,13,0
11536,2,39,1,10777,100,6,15,0
17122,2,50,1,0,7,0,32,0
46474,1,40,1,8000,51,0,7,0
22349,2,10,1,5000,9,20,4,0
26261,1,11,1,6000,13,0,5,0
16136,2,37,1,0,2,0,1,0
10501,2,5,1,6586,51,0,16,0
18234,1,5,1,0,9,6,3,0
13296,1,10,1,0,61,6,2,0
28715,1,44,1,0,11,0,3,0
27661,1,48,1,1170,99,9,3,0
13269,1,35,1,2462,10,0,16,0
47920,1,39,1,6532,5,0,15,0
34429,1,43,1,1721,22,0,7,0
3266,2,21,1,7000,95,0,6,0
45851,2,44,1,1445,36,0,10,0
15005,2,29,1,0,10,0,3,0
22397,2,11,1,0,13,0,4,0
34430,1,36,1,4965,25,1,5,0
24213,1,48,1,557,14,0,5,0
44043,1,23,1,18205,13,0,27,0
6523,1,15,1,6000,76,23,5,1
28633,1,20,1,0,4,0,13,0
47704,2,5,1,0,29,0,5,0
20212,2,32,1,6000,97,8,5,1
31723,1,15,1,6436,21,0,6,0
4895,1,25,1,5457,14,0,17,0
15192,1,44,1,3000,9,0,2,0
18210,2,45,1,0,16,0,3,0
39809,2,44,1,7466,31,0,21,0
30546,1,4,1,973,20,8,3,0
7668,1,40,1,8354,31,0,8,0
28074,1,15,1,7476,20,0,11,0
34015,1,24,1,5000,24,0,4,0
31119,2,13,1,7000,17,0,6,0
461,1,5,1,0,28,2,4,0
28187,2,3,1,5676,18,0,5,0
25681,2,15,1,0,81,0,10,0
11681,1,48,1,6000,10,0,5,0
12948,1,6,1,0,93,0,2,0
14238,1,44,1,3000,100,0,2,0
7687,1,12,1,10000,22,0,9,0
46605,2,15,1,5000,20,0,4,0
23443,2,47,1,4000,11,0,3,0
9932,2,10,1,8000,54,4,7,0
32939,1,46,1,1532,29,54,8,0
28217,2,21,1,3000,14,0,2,0
8455,1,32,1,5000,22,0,4,0
5842,2,3,1,8056,32,13,11,0
13376,2,19,1,3000,65,5,2,0
37380,1,29,1,5000,9,5,4,0
2136,2,46,1,240,15,0,3,0
7818,1,18,1,4221,10,0,5,0
1378,2,3,1,3041,5,0,42,0
10176,1,25,1,2626,19,0,4,0
4690,1,36,1,11860,1,18,16,0
28427,1,34,1,6000,4,0,5,0
46128,1,36,1,3000,35,0,2,0
20185,1,15,1,4002,11,0,6,0
49386,1,33,1,4000,3,14,3,0
40578,2,31,1,6715,54,0,6,0
11814,2,6,1,4712,33,4,12,0
27521,1,25,1,6535,22,0,15,0
42505,1,7,1,1841,100,0,10,0
24354,1,28,1,6000,10,0,5,0
22295,2,2,1,509,10,0,3,0
47725,2,10,1,0,5,0,6,0
31462,2,43,1,1792,36,5,7,0
31870,1,39,1,13685,69,0,30,1
39164,1,15,1,2061,41,0,29,0
47877,2,5,1,0,19,10,7,0
4257,2,21,1,8093,13,0,9,0
5188,1,13,1,13972,4,0,14,0
29761,2,24,1,9628,23,8,32,0
4741,1,48,1,7000,13,18,6,0
47836,2,39,1,2212,7,9,5,0
6014,2,5,1,0,21,0,5,0
16056,1,50,1,8000,67,0,7,0
3701,1,24,1,4692,22,13,5,0
217,2,21,1,804,2,0,7,0
40469,1,35,1,0,35,0,11,0
23895,1,44,1,0,5,1,5,0
30501,1,44,1,0,55,0,8,0
27238,1,44,1,12646,29,0,23,0
13884,1,10,1,11490,12,12,12,0
21548,2,25,1,12890,3,0,33,1
22511,1,6,1,0,12,2,20,0
11036,1,32,1,3000,8,0,2,0
20692,1,29,1,0,4,3,2,0
35721,1,39,1,7000,7,9,6,0
14505,1,41,1,2100,25,8,27,0
7894,2,10,1,0,9,3,2,0
27680,1,5,1,1968,50,5,4,0
5909,1,19,1,0,2,0,4,0
4505,1,7,1,3996,9,0,11,0
9087,2,5,1,0,12,8,7,0
2329,2,21,1,0,43,26,8,0
44442,2,19,1,1300,16,19,28,0
32784,1,32,2,4193,8,0,11,0
47360,1,2,1,2812,100,0,4,0
46675,1,44,1,0,11,0,3,0
15855,1,10,1,3000,100,0,2,0
49480,2,5,1,2473,37,0,5,0
42205,1,5,1,880,8,0,2,0
12958,2,28,1,401,45,9,10,0
35130,1,43,2,6868,16,3,7,0
15147,1,18,1,1262,17,0,4,0
31308,2,10,1,0,18,12,28,0
7415,2,25,1,0,22,5,75,1
6309,1,44,1,5614,63,0,18,0
27368,1,32,1,6469,4,0,18,0
9847,2,16,1,0,51,13,2,0
13371,1,4,1,5047,5,10,15,0
45334,1,39,1,0,3,10,9,0
33177,1,44,1,4000,57,0,3,0
32130,1,44,1,0,29,0,7,0
17213,2,43,1,0,14,0,5,0
24295,1,23,1,5000,33,0,4,0
13745,1,43,1,0,47,0,6,0
2437,1,20,1,0,34,0,8,0
22106,1,15,1,13000,41,0,12,1
47786,1,13,1,4000,17,0,3,0
34895,2,49,1,4424,31,10,5,0
20411,2,20,1,2072,15,0,3,0
32237,1,32,1,8949,42,4,19,0
30913,1,44,1,5188,75,0,6,0
48464,1,6,1,3022,13,2,6,0
32885,2,44,1,0,10,5,16,0
42110,2,35,1,4587,100,7,6,0
39510,1,5,1,4681,38,0,7,0
41122,1,39,1,4000,9,0,3,0
29711,1,4,1,7400,40,0,30,0
33117,2,11,1,10460,100,1,23,1
9350,2,12,1,0,24,1,4,0
20841,1,36,1,0,46,3,4,0
40354,1,36,1,0,6,5,4,0
17240,1,41,1,0,26,15,9,0
48606,1,39,1,1678,5,0,5,0
16177,1,5,1,0,28,1,7,0
12832,1,37,1,6000,92,0,5,0
38589,1,5,1,0,5,0,4,0
48801,1,7,1,7000,12,2,6,0
45872,1,49,1,5243,36,3,46,0
48922,1,43,1,0,68,8,6,0
7201,2,5,1,3395,79,2,6,0
36990,2,10,1,8000,5,0,7,0
45963,1,44,1,4000,88,1,3,0
891,1,5,1,1085,7,1,9,0
48015,1,29,1,0,7,0,15,0
7891,2,14,1,5000,24,19,4,0
20400,2,44,2,0,7,0,2,0
16228,1,39,1,0,4,4,16,0
5688,2,49,1,4000,64,1,3,0
31163,2,32,1,8000,15,11,7,0
43029,2,29,1,2726,35,4,8,0
48149,1,21,1,9148,2,0,24,0
45402,1,5,1,5000,6,0,4,0
41757,2,48,1,5000,13,15,4,0
8529,1,43,1,4000,55,6,3,0
40909,1,39,1,5000,35,0,4,0
652,2,29,1,5000,53,3,4,0
13907,2,44,1,0,7,2,35,0
23232,1,18,1,2000,4,0,1,0
23344,2,39,1,3548,14,0,3,0
27498,2,4,1,0,13,0,3,0
5011,1,5,1,5000,13,19,4,0
18149,2,5,1,3877,3,0,51,0
36688,2,25,1,12000,18,26,11,0
28577,1,43,1,5000,16,5,4,0
34714,2,35,1,0,24,0,5,0
33392,1,2,1,0,37,0,16,0
49768,1,3,1,0,35,0,3,0
46160,1,45,1,60,16,0,3,0
35268,2,5,1,5000,16,0,4,0
2555,1,18,1,3000,5,15,2,0
3715,1,5,1,8900,15,4,8,0
16564,1,27,1,3499,50,0,3,0
24881,2,15,2,2000,62,0,1,0
21280,1,5,1,2990,4,4,8,0
38942,1,15,1,563,32,2,6,0
12388,1,15,1,6000,3,0,5,0
33417,1,43,1,5000,21,30,4,0
11809,1,16,1,2542,16,0,3,0
25954,1,5,1,8000,16,0,7,0
19322,1,32,1,7000,9,0,6,0
43437,1,11,1,7444,12,0,12,0
26429,2,15,1,6000,21,9,5,0
34883,1,35,1,8770,2,17,9,0
10010,2,16,1,5000,54,0,4,0
27091,1,48,1,6000,18,3,5,0
9126,1,44,1,6286,2,1,25,0
37456,1,36,1,4000,9,0,3,0
48233,1,44,1,0,86,6,4,0
29214,2,16,1,5000,23,0,4,0
8518,1,36,1,3000,11,0,2,0
17714,1,35,1,5131,12,0,10,0
22947,1,48,1,0,6,0,7,0
37539,1,47,1,19000,44,33,18,1
8275,2,5,1,9000,22,6,8,0
34449,1,2,1,3000,34,0,2,0
48377,1,2,1,4000,14,0,3,0
49914,2,11,1,9000,19,0,8,0
30339,1,5,1,8000,11,15,7,0
29619,2,15,1,4000,9,6,3,0
4827,1,15,1,15000,9,0,14,0
32086,1,3,1,4139,41,0,24,0
10172,2,10,1,12000,20,3,11,1
10784,1,44,1,4000,40,0,3,0
17691,2,43,1,1999,30,3,18,0
45905,2,44,1,1864,17,1,3,0
39304,1,34,1,3000,26,6,2,0
33544,2,39,1,3254,16,0,16,0
21675,1,5,1,0,21,0,5,0
15220,2,32,1,5588,27,0,11,0
7512,1,21,1,6000,20,0,5,0
19435,2,13,1,0,7,0,7,0
22923,1,46,1,16000,6,2,15,0
38110,2,23,1,4000,3,1,3,0
46999,1,33,1,7000,46,0,6,0
40521,1,5,1,5000,100,0,4,1
36347,1,36,1,9000,27,0,8,0
2515,1,23,2,6000,8,0,5,0
19719,2,11,1,1871,8,1,13,0
42954,1,5,1,3302,9,0,5,0
17142,1,46,1,0,54,0,7,0
35992,2,24,1,3502,16,0,10,0
7678,1,2,1,0,25,9,15,0
8443,2,35,1,6000,100,1,5,0
48274,2,7,1,5459,9,7,11,0
43494,1,44,1,7000,19,1,6,0
48640,1,48,2,0,28,3,6,0
43503,1,2,1,11000,38,0,10,0
13792,1,4,1,0,25,0,3,0
8618,1,9,1,0,19,16,6,0
4249,2,11,1,0,13,0,5,0
21721,1,43,1,5000,24,0,4,0
26309,1,1,1,4891,3,13,5,0
2516,1,35,1,7000,13,0,6,0
2727,2,1,1,6000,39,0,5,0
49877,1,44,1,7000,37,2,6,0
22551,1,15,1,0,8,0,13,0
25562,2,48,1,5713,68,0,5,0
46564,2,44,1,0,15,3,16,0
6586,1,15,1,12000,1,0,11,0
40733,1,45,1,3000,30,24,2,0
24852,1,6,1,6000,46,0,5,0
29429,1,39,1,3653,9,21,6,0
31804,2,29,1,12377,48,0,16,1
43731,1,44,1,1160,79,0,5,0
25705,1,5,1,6023,9,0,7,0
30343,2,35,1,0,58,0,7,0
21074,2,5,1,27,21,6,2,0
16813,1,29,1,10374,22,8,22,0
46205,1,39,1,756,35,0,12,0
32292,1,49,1,1403,30,1,24,0
35506,2,35,1,519,34,0,3,0
29984,2,2,1,2103,38,1,16,0
35084,2,21,1,7000,9,60,6,0
14286,1,41,1,3000,31,0,2,0
31624,1,46,1,7188,17,3,33,0
37327,2,36,1,0,10,0,3,0
6794,1,41,1,2002,39,0,4,0
2901,1,23,1,0,49,0,5,0
9744,1,46,1,4000,5,5,3,0
15838,1,35,1,0,24,1,15,0
42212,2,44,1,4262,100,3,12,0
4705,1,13,1,4000,4,0,3,0
27326,1,44,1,331,5,8,22,0
29520,2,15,1,1091,42,5,10,0
12525,2,15,1,8000,7,17,7,0
937,1,28,1,8000,19,0,7,0
38818,1,5,1,8412,7,0,14,0
40299,2,37,1,4000,2,5,3,0
30143,2,25,1,103,10,0,6,0
32194,1,5,1,13335,15,6,14,0
40975,1,40,1,0,7,60,12,0
5749,1,23,1,3000,74,0,2,0
21049,2,44,1,2194,16,0,2,0
21974,2,5,1,10279,20,0,37,1
14555,2,4,1,0,44,6,9,0
20563,1,19,1,0,63,0,8,0
48809,1,6,1,2323,15,3,12,0
27160,1,15,1,3000,77,0,2,0
31828,1,32,1,11000,15,0,10,0
12623,2,21,1,6000,21,50,5,0
5922,1,44,1,4000,25,5,3,0
1721,2,37,1,0,63,0,2,0
582,1,3,1,6000,33,0,5,0
24466,1,15,1,4000,9,0,3,0
6144,2,39,1,3532,3,0,6,0
47121,2,5,1,5000,22,37,4,0
12663,1,46,1,0,4,0,5,0
6362,1,36,1,1304,13,0,18,0
42202,1,3,1,6000,4,0,5,0
34562,2,13,1,0,20,0,8,0
29124,2,5,1,0,36,0,5,0
20306,2,38,1,4799,13,0,4,0
34089,1,10,1,7000,31,3,6,0
10255,1,48,1,6000,9,0,5,0
46736,1,5,1,0,80,2,30,0
28682,2,19,1,3000,37,0,2,0
46607,1,36,1,0,22,0,2,0
7500,2,10,1,0,10,0,4,0
24976,1,10,1,0,71,33,2,0
16001,1,6,1,4000,15,5,3,0
40863,1,10,1,9231,28,0,15,0
23014,1,11,1,15540,49,0,26,1
771,1,41,1,0,100,2,21,0
4092,2,23,1,6000,9,3,5,0
47649,1,23,1,5000,41,12,4,0
30054,2,39,1,1881,61,3,2,0
48859,2,35,1,4829,6,0,8,0
19581,1,19,1,11264,1,1,17,0
30108,1,44,1,5000,37,2,4,0
42971,1,29,1,5974,83,0,5,0
43110,2,46,1,5123,9,2,8,0
35981,1,10,1,12818,31,0,13,1
16314,1,23,1,11000,32,0,10,0
38043,1,32,1,596,22,8,3,0
45023,1,23,1,0,11,0,11,0
14357,1,21,1,4621,10,0,5,0
298,1,24,1,5000,13,0,4,0
33785,2,49,1,8000,13,0,7,0
34174,1,43,1,4000,34,41,3,0
23495,1,48,1,0,100,9,3,0
43720,1,44,1,2860,22,0,3,0
40397,2,19,1,0,49,3,3,0
21601,1,15,1,9785,19,6,35,1
12396,1,46,1,4868,3,4,6,0
34846,2,44,2,0,9,0,8,0
13996,2,41,1,7000,31,0,6,0
45700,1,10,1,0,31,0,5,0
1279,2,6,1,12000,30,5,11,0
42636,1,26,1,5000,22,0,4,0
4725,1,44,1,0,7,0,5,0
32826,2,10,1,0,5,2,4,0
26813,2,7,1,5812,60,0,13,0
20223,2,7,1,3000,40,0,2,0
42965,2,10,2,5934,38,0,6,0
27614,1,19,1,0,39,1,3,0
19362,2,5,1,8602,44,0,11,0
18371,1,26,1,4126,5,6,4,0
46232,1,13,1,3000,100,0,2,0
45630,1,35,1,0,4,0,9,0
37761,1,37,1,14000,6,8,13,0
43167,2,16,1,5000,11,0,4,0
28122,1,24,1,4000,3,31,3,0
3309,1,10,1,1588,100,54,2,0
17682,2,10,1,230,13,24,5,0
29103,1,39,1,0,35,6,2,0
12105,1,20,1,4006,15,0,23,0
17487,2,28,1,4945,16,0,16,0
38604,2,44,1,0,18,11,10,0
38486,1,11,1,6000,51,4,5,0
34692,2,3,1,5520,4,0,6,0
14062,2,35,1,4000,14,0,3,0
31027,2,36,1,5021,5,9,7,0
9926,1,33,1,4000,16,0,3,0
3402,1,35,1,5000,9,0,4,0
43024,1,41,1,1529,59,8,5,0
15297,2,39,1,0,34,0,64,0
18675,2,48,1,0,6,7,15,0
47624,1,36,1,4000,12,0,3,0
23615,1,19,1,3000,65,0,2,0
26363,1,44,1,1754,53,1,10,0
37637,2,17,1,1017,9,0,15,0
30888,2,6,1,9490,15,0,11,0
46316,1,19,1,3000,13,0,2,0
9382,1,34,1,0,19,1,4,0
22703,1,35,1,3314,59,0,5,0
43633,1,39,1,8000,7,1,7,0
27562,2,11,1,4575,74,0,10,0
33625,1,5,1,3282,100,0,3,0
47597,1,6,1,8000,16,26,7,0
21936,2,6,1,5000,14,0,4,0
18170,1,16,1,0,100,0,3,0
29420,2,35,1,3768,82,2,15,1
36617,1,4,1,0,5,2,19,0
10594,1,46,1,5000,9,0,4,0
37424,1,5,1,0,97,8,2,0
16675,1,19,1,6000,41,0,5,0
21394,1,23,1,0,52,0,4,0
44423,2,44,1,0,23,0,4,0
6294,1,15,1,7000,20,0,6,0
37182,1,30,1,6000,24,20,5,0
18588,2,45,1,0,18,0,5,0
3426,1,5,1,7000,19,0,6,0
3231,1,39,1,0,76,0,4,0
41879,1,5,1,1844,4,2,5,0
14464,2,35,1,3000,57,0,2,0
15354,1,10,1,0,18,0,4,0
42731,2,24,1,0,29,5,25,0
17787,1,36,1,1206,58,0,6,0
46331,1,19,1,2952,22,0,2,0
16393,1,33,1,2922,1,12,11,0
16853,2,10,1,0,17,0,9,0
34835,1,4,1,0,43,0,20,0
32530,1,24,1,4000,54,0,3,0
43524,2,23,1,4000,38,0,3,0
41558,2,44,1,12000,33,8,11,0
16582,1,13,1,5000,11,3,4,0
17556,1,2,1,3273,5,9,5,0
30230,1,43,1,0,22,3,3,0
4131,2,5,1,3738,100,4,15,1
38307,1,21,1,0,21,19,5,0
26809,2,11,1,13000,12,0,12,0
37062,2,12,1,1620,7,0,3,0
17363,2,48,1,18000,16,3,17,1
48398,2,15,1,5607,3,0,5,0
1078,1,5,1,5006,25,0,6,0
47207,1,35,1,4000,60,16,3,0
41034,1,18,1,0,10,0,6,0
5502,1,49,1,6000,5,0,5,0
4414,1,46,1,2432,28,0,3,0
23803,2,16,1,10000,13,4,9,0
34529,1,5,1,7931,21,0,21,0
21245,2,26,1,1967,18,0,3,0
3001,1,2,1,7197,6,0,24,0
39704,1,25,1,2264,6,3,2,0
47445,1,39,1,110,27,1,1,0
4760,1,6,1,3000,3,2,2,0
49277,2,36,1,4478,51,0,14,0
44283,2,13,1,5000,100,0,4,0
16540,1,23,1,8144,16,0,8,0
43801,2,5,1,4383,31,0,11,0
25152,2,13,1,3000,4,0,2,0
8323,1,5,1,2000,51,7,1,0
38151,1,17,1,0,72,0,7,0
47905,1,13,1,3000,63,0,2,0
14947,2,20,1,5045,53,0,6,0
48621,1,44,1,4507,58,5,10,0
43423,2,5,1,0,46,31,11,0
9469,1,19,1,0,18,1,13,0
5309,2,45,1,9000,27,1,8,0
24989,1,6,1,0,44,0,6,0
34483,1,19,1,8000,8,0,7,0
31681,2,48,1,958,38,0,2,0
4476,2,11,1,2582,37,4,42,0
23091,2,26,1,5000,30,0,4,0
12262,1,5,1,18000,28,0,17,1
2418,2,31,1,0,20,2,13,0
10215,1,44,1,4000,6,30,3,0
42120,1,46,1,6000,25,5,5,0
6986,1,5,1,0,7,0,7,0
4121,2,21,1,13311,8,4,13,0
34897,1,46,2,3957,23,17,6,0
26496,1,10,1,372,23,0,13,0
49745,1,1,1,0,33,3,2,0
5795,1,15,1,5916,7,0,7,0
32818,1,5,1,3648,12,0,5,0
38895,1,35,1,7162,97,0,7,0
24906,2,11,1,7000,58,5,6,0
10164,1,10,1,8065,1,0,9,0
2830,1,23,1,8561,17,0,18,0
46557,2,10,1,6518,4,6,10,0
37520,1,6,1,1373,32,0,10,0
13827,1,18,1,2546,28,2,8,0
30761,1,44,1,10000,23,0,9,0
32272,1,39,1,1709,44,0,9,0
23116,2,15,1,0,17,1,4,0
22684,1,35,1,7523,9,7,12,0
28908,2,49,1,620,99,1,6,0
442,1,16,2,10000,4,0,9,0
35277,1,43,1,0,20,0,7,0
38709,2,14,1,3000,2,1,2,0
34544,1,39,1,6000,5,11,5,0
15365,2,21,1,8715,16,4,12,0
33649,2,16,1,6000,2,0,5,0
196,2,11,1,2812,66,0,3,0
2706,1,36,1,6000,15,0,5,0
16461,1,25,1,11000,2,0,10,0
42390,1,44,1,4000,13,21,3,0
32668,2,21,1,0,13,0,10,0
31903,1,26,1,8088,8,11,24,0
24320,1,24,1,3000,10,3,2,0
27516,2,10,1,10000,71,13,9,0
39163,1,5,1,2074,22,4,3,0
16915,2,5,1,0,5,60,6,0
40618,2,25,1,1463,8,0,8,0
44156,1,36,1,597,14,3,2,0
32385,2,36,1,7000,12,0,6,0
29602,2,5,1,3000,72,0,2,0
34542,2,48,1,0,8,7,5,0
6654,1,35,1,0,4,0,6,0
46469,1,3,1,3000,25,17,2,0
1471,1,21,1,1822,12,0,7,0
10908,2,35,1,10000,49,43,9,1
41442,1,23,1,516,11,0,6,0
43322,2,20,1,12613,9,2,13,1
6393,2,13,1,7000,9,5,6,0
28954,2,20,1,8000,19,3,7,0
16657,2,50,1,3000,53,0,2,0
17923,1,5,1,0,24,0,2,0
19589,1,13,1,4180,5,0,19,0
32632,1,29,1,3000,16,1,2,0
22898,1,20,1,0,8,1,6,0
6341,1,15,1,0,18,10,7,0
23906,1,38,1,0,36,10,13,0
38423,2,18,1,0,2,1,3,0
18917,2,36,1,9000,41,0,8,0
25896,1,25,1,10000,10,4,9,0
12956,1,36,1,4000,26,1,3,0
29066,1,44,1,7000,23,3,6,0
45252,2,43,1,7381,11,4,9,0
35183,1,43,1,166,5,0,11,0
31471,2,48,1,3000,6,0,2,0
1158,1,5,1,1831,64,13,6,0
18108,1,10,1,9120,28,0,18,1
28859,2,48,1,7000,80,0,6,0
16052,2,10,1,7000,29,0,6,0
17288,2,39,2,0,10,1,8,0
29983,1,33,1,4000,4,0,3,0
579,1,11,1,2322,29,0,10,0
5693,2,10,1,2556,28,0,2,0
25473,1,39,1,5082,16,0,20,0
40200,1,4,1,0,7,0,14,0
8961,2,3,1,6000,7,1,5,0
3859,2,48,1,4000,24,0,3,0
32562,2,35,1,1543,38,36,4,0
38793,1,7,2,5000,100,0,4,0
8446,2,35,1,5000,20,0,4,0
7773,2,5,1,851,27,0,27,0
10870,1,32,1,651,62,0,4,0
46361,2,5,1,0,14,1,2,0
48807,1,51,1,2296,20,13,6,0
29175,1,39,1,0,8,0,4,0
41829,2,5,1,3000,100,2,2,0
29274,2,39,1,5000,9,0,4,0
16740,1,48,1,0,12,2,7,0
43133,2,16,1,9721,56,0,9,0
26969,1,24,1,0,100,0,56,0
21536,1,35,1,11198,17,0,20,0
30282,1,50,1,213,33,0,27,0
29014,2,16,1,10463,8,0,15,0
43841,2,21,1,6206,28,0,8,0
48723,2,2,2,5570,30,0,6,0
32478,1,44,1,5944,8,0,6,0
15042,2,5,1,0,3,1,8,0
2741,2,39,1,3000,13,0,2,0
48418,1,29,1,0,18,4,5,0
6129,1,5,1,6304,17,0,18,0
11576,2,39,1,3000,24,9,2,0
26971,2,33,1,1796,22,7,15,0
48529,2,41,1,3344,6,0,7,0
25632,1,35,2,0,27,0,11,0
4035,2,13,1,4000,29,1,3,0
16730,2,8,1,11960,12,32,13,0
26042,1,24,1,5000,8,4,4,0
42859,2,11,1,4658,46,1,14,0
41755,1,2,1,0,23,0,6,0
29996,2,31,1,3741,4,0,4,0
19793,1,10,1,4000,35,0,3,0
40179,2,19,1,0,63,0,11,0
20211,2,35,1,6000,7,1,5,0
13965,1,44,1,0,20,0,5,0
27920,1,21,1,959,6,1,4,0
18138,1,15,1,4000,26,0,3,0
30114,2,35,1,3000,100,0,2,0
37768,1,50,1,3292,10,24,3,0
49317,1,44,1,0,27,4,3,0
24250,2,5,1,0,3,8,2,0
17354,1,4,1,4688,19,2,10,0
2082,1,43,1,304,18,0,2,0
41682,2,11,1,0,19,0,3,0
43417,2,5,1,5000,34,7,4,0
30366,1,4,1,0,4,0,13,0
41712,2,9,1,1508,22,32,12,0
40156,1,11,1,17573,26,0,23,1
42811,1,5,1,3000,4,0,2,0
30365,1,2,1,5000,22,0,4,0
42193,1,32,1,0,6,0,16,0
6851,1,35,1,0,100,0,28,0
12066,2,36,1,0,9,4,8,0
11221,2,47,1,0,60,0,2,0
15945,1,44,1,0,20,4,18,0
524,2,23,1,0,100,0,5,0
38824,2,35,1,5000,12,0,4,0
40946,1,5,1,8000,17,17,7,0
35690,2,2,1,8000,9,0,7,0
30838,1,45,1,8707,8,0,15,0
11988,1,2,1,4000,96,10,3,0
38203,2,10,1,0,5,2,20,0
38004,1,18,1,11000,13,0,10,0
18481,1,41,1,0,12,3,22,0
44014,1,18,1,0,13,0,5,0
30037,1,13,1,4988,20,0,5,0
46036,2,5,1,4000,9,0,3,0
36925,1,21,1,0,57,0,11,0
29625,1,5,1,5372,40,0,6,0
30694,1,21,1,5000,37,0,4,0
36551,1,23,1,0,14,0,4,0
24994,1,41,1,5000,33,0,4,0
47110,1,37,1,10024,6,1,17,0
23987,2,32,1,0,12,0,9,0
3069,2,23,1,0,2,0,12,0
40643,1,29,1,0,8,0,4,0
40699,1,41,1,17338,10,3,17,0
23264,2,10,1,13000,12,3,12,0
44117,2,14,1,0,29,0,15,0
33422,1,3,1,6000,49,6,5,0
38748,1,3,1,0,2,0,26,0
27450,1,5,1,4000,10,0,3,0
5397,1,19,1,6000,100,0,5,0
19169,1,15,1,5938,9,40,29,0
3760,2,37,1,0,100,0,4,0
15704,2,46,1,0,19,2,5,0
18830,1,11,1,0,25,0,4,0
43812,1,5,1,0,35,3,8,0
19225,2,32,1,10000,30,4,9,0
25163,2,20,1,10440,15,0,10,0
29248,2,5,1,2000,16,0,1,0
5492,1,45,1,1684,3,0,6,0
49788,1,12,1,0,100,0,2,0
30974,2,18,1,4436,48,28,11,0
48782,2,44,2,4000,22,4,3,0
17197,1,25,1,0,52,0,5,0
36609,2,15,1,4000,12,0,3,0
47879,1,48,1,5000,16,5,4,0
25285,1,10,1,0,8,0,5,0
23075,2,13,1,2000,7,4,1,0
42738,1,25,1,3797,30,0,4,0
10743,1,44,1,4000,11,0,3,0
30602,1,29,1,8071,8,0,10,0
38276,1,46,1,2715,28,2,3,0
32739,1,7,1,7259,7,0,60,1
44094,2,10,1,2202,39,2,11,0
41105,1,5,1,6962,24,2,13,0
1183,1,46,1,10044,29,4,19,0
34648,1,44,1,10000,2,49,9,0
12241,2,43,1,8000,24,0,7,0
21565,2,23,1,0,24,1,14,0
48812,1,16,1,1945,0,1,2,0
38783,1,5,1,5024,10,0,17,0
41809,2,27,1,0,26,11,5,0
17096,1,49,1,1770,9,1,5,0
30583,1,2,1,8887,8,11,14,0
16750,1,49,1,12320,9,0,17,0
27753,1,5,1,6000,12,0,5,0
16777,1,35,1,3158,6,0,13,0
5712,2,21,1,0,11,0,3,0
36441,1,37,1,330,29,0,6,0
48138,1,35,1,0,12,0,8,0
6202,1,44,1,4000,35,13,3,0
31966,1,15,1,14,10,0,4,0
42773,2,44,1,0,100,7,7,0
3462,2,16,1,0,4,0,5,0
22961,1,29,1,1054,2,0,1,0
33521,2,48,1,5000,22,1,4,0
32339,2,35,1,3296,13,0,3,0
41591,1,37,1,5973,35,0,13,0
35239,2,10,1,3000,3,0,2,0
2528,2,36,1,802,21,0,3,0
18882,1,5,1,0,39,0,19,0
1485,1,43,1,12943,37,0,12,0
29709,2,28,1,3720,5,0,3,0
3271,1,5,1,8000,98,1,7,0
3611,1,19,1,0,5,7,4,0
11847,1,46,1,7000,100,0,6,0
24067,1,20,1,4000,2,0,3,0
8761,2,46,1,5000,100,0,4,1
35553,2,48,1,1591,100,6,3,0
10370,2,35,1,4904,23,0,9,0
2465,1,15,1,50,11,1,5,0
48583,2,9,1,3000,22,0,2,0
28500,1,31,1,5439,44,35,19,0
22040,1,28,1,0,40,2,5,0
42172,2,23,1,3468,42,36,3,0
35907,2,29,1,15366,12,0,15,0
9390,1,5,1,7598,46,1,8,0
28176,1,41,1,0,18,2,16,0
46340,1,10,1,0,28,4,5,0
11164,2,46,1,1784,17,0,33,0
48267,1,10,1,2433,4,0,2,0
46901,2,41,1,6000,20,5,5,0
10759,2,41,1,3000,46,2,2,0
45755,1,35,1,6000,5,3,5,0
37079,2,10,1,10018,44,0,14,1
23503,1,18,1,0,36,1,6,0
38333,2,21,1,406,13,0,14,0
38058,1,33,1,0,14,0,8,0
42244,2,5,1,0,64,11,12,0
28618,1,17,1,2135,81,0,4,0
37795,2,46,1,0,24,0,10,0
5565,1,4,1,0,6,28,7,0
5908,2,38,1,4315,20,0,4,0
31305,2,2,1,0,9,0,18,0
23182,2,13,1,10341,12,6,14,0
37740,1,10,1,4000,23,25,3,0
41691,1,46,1,2851,11,0,8,0
23373,1,36,1,6000,80,18,5,0
33790,1,46,1,6000,68,0,5,0
7443,1,2,1,2315,20,0,9,0
7475,2,43,1,5637,58,0,12,0
24964,2,39,1,1749,43,41,39,0
41066,1,39,1,2866,1,0,17,0
49172,1,43,1,5000,55,4,4,0
35528,2,23,1,815,4,48,12,0
20377,1,49,1,4346,22,10,25,0
46011,1,24,1,4000,22,6,3,0
41548,2,21,1,4732,46,0,12,1
26459,2,8,1,0,76,0,7,0
20874,2,2,1,16021,3,6,17,0
20484,1,44,1,4000,7,2,3,0
23499,1,3,1,3772,16,0,4,0
641,1,24,1,6000,9,0,5,0
44856,1,2,1,0,100,0,12,0
14762,1,23,1,0,49,0,5,0
10446,1,10,1,0,100,25,9,0
44158,1,20,1,10000,100,6,9,0
2876,1,11,1,8000,54,0,7,0
47178,2,16,1,0,39,0,4,0
31532,1,5,1,3000,19,3,2,0
25679,1,35,1,0,2,0,9,0
9849,2,2,1,0,6,0,8,0
10599,1,15,1,5000,17,0,4,0
4525,2,14,1,9311,100,0,12,1
46201,1,49,1,3595,20,0,8,0
48140,1,10,1,7000,18,0,6,0
6516,2,20,1,4000,16,6,3,0
25695,2,32,1,4916,39,8,27,0
1509,2,5,1,11532,25,15,40,1
42358,1,48,1,0,26,0,5,0
12286,1,46,1,4243,26,1,20,0
11016,2,29,1,4298,24,1,6,0
46616,2,5,1,1041,19,0,6,0
27601,1,44,1,168,17,21,17,0
40772,2,34,1,10000,13,0,9,0
46865,1,40,1,4000,6,0,3,0
29802,1,25,1,0,43,0,3,0
18876,1,21,1,3000,18,4,2,0
12794,2,16,1,4000,36,20,3,0
5740,1,18,2,3929,3,3,3,0
737,2,20,1,996,53,0,9,0
3608,1,48,1,3840,7,7,5,0
25430,1,6,1,17026,17,17,20,1
30966,1,16,1,0,10,1,75,1
19707,1,18,1,5824,15,24,36,0
19971,1,14,1,3000,46,3,2,0
17458,1,15,1,7000,3,14,6,0
24793,1,49,1,410,35,0,6,0
46484,2,30,1,12658,13,0,36,0
49632,1,36,1,3000,22,0,2,0
25084,2,26,1,0,48,0,4,0
2625,2,44,1,10022,10,60,19,0
6955,2,5,1,2250,12,0,4,0
28740,2,23,1,0,18,0,3,0
27657,2,48,1,2597,81,0,7,0
20368,1,36,1,6000,16,18,5,0
23478,1,6,1,5690,77,1,6,0
27624,2,29,1,0,8,0,5,0
19340,1,10,1,4303,6,0,4,0
21493,2,4,1,5858,54,0,9,0
37083,1,48,1,998,17,0,3,0
37058,1,44,1,0,60,6,2,0
11547,1,10,1,0,17,3,7,0
13096,1,10,1,3136,4,8,4,0
42858,1,5,1,4000,92,8,3,0
29729,1,44,1,0,4,0,4,0
9988,2,19,1,0,10,0,10,0
8478,1,43,1,0,6,1,8,0
30170,2,5,1,0,13,0,9,0
18973,1,35,1,11000,12,0,10,0
39471,1,23,1,0,1,0,4,0
10735,2,21,1,11344,15,3,75,1
2212,1,39,1,4000,1,0,3,0
38742,2,11,1,889,56,2,4,0
25388,2,21,1,0,11,20,4,0
27452,2,2,1,9000,6,9,8,0
31211,2,10,1,5350,27,0,9,0
32078,1,32,1,0,100,54,4,0
18305,2,46,1,3000,99,4,2,0
36451,1,5,1,0,30,0,11,0
13671,2,5,1,778,17,0,9,0
8194,2,35,1,14000,25,1,13,0
3289,1,50,1,0,28,3,32,0
47083,1,29,1,4000,56,12,3,0
31430,1,29,1,0,52,0,11,0
48364,2,5,1,3199,68,11,4,0
31993,2,35,1,7000,11,13,6,0
36437,1,23,1,4000,50,0,3,0
21629,2,25,1,1456,7,0,17,0
38021,1,5,1,1040,100,0,8,0
26165,1,13,1,0,62,7,7,0
12533,1,21,1,0,29,0,7,0
408,1,39,1,5530,12,1,11,0
48608,2,46,1,1036,14,4,8,0
26367,1,5,1,0,8,0,4,0
10744,1,22,1,2282,12,35,3,0
33090,1,24,1,2727,37,0,3,0
10158,1,15,1,5346,60,4,5,0
17165,1,5,1,0,34,8,8,0
43184,2,24,1,4000,36,0,3,0
2916,2,23,1,749,8,5,9,0
27176,1,32,1,2000,11,0,1,0
17898,1,44,1,4000,3,0,3,0
22473,2,11,1,3000,7,3,2,0
5229,2,14,1,19250,37,0,25,1
44791,1,31,1,5018,30,2,17,0
344,1,10,1,7000,8,8,6,0
49311,1,18,1,13470,89,6,16,0
48980,2,16,1,4000,9,11,3,0
14585,1,6,1,39,16,3,7,0
20217,2,32,1,5000,14,0,4,0
23414,2,11,1,12760,20,0,47,1
37274,2,39,1,4000,8,27,3,0
47947,2,16,1,7000,4,2,6,0
42106,2,24,1,0,28,0,11,0
7238,1,46,1,9000,19,2,8,0
31867,1,44,1,320,10,0,2,0
39266,1,6,1,6000,37,0,5,0
45052,1,5,1,0,13,0,2,0
47975,2,5,1,0,7,0,42,0
27394,1,10,1,11896,26,0,59,0
22777,1,20,1,11000,39,0,10,0
17378,1,37,1,0,17,8,26,0
26295,1,2,1,3000,29,35,2,0
7252,1,19,1,5000,4,2,4,0
25225,2,29,1,3847,25,0,31,0
26541,1,49,1,4851,83,0,5,0
7432,1,20,1,4000,6,2,3,0
1049,1,4,1,3000,44,0,2,0
44160,2,44,1,17460,13,9,75,1
9119,2,11,1,0,9,0,4,0
32805,2,32,1,4000,3,0,3,0
45950,2,3,1,6152,24,2,10,0
34108,1,7,1,0,100,0,20,0
19722,2,36,1,14428,21,0,23,0
38371,1,15,1,6000,56,2,5,0
42960,2,44,1,3000,19,1,2,0
12557,2,15,1,2670,10,0,2,0
36317,1,38,1,5000,8,1,4,0
27205,1,32,1,13994,44,0,15,0
39090,1,9,1,0,26,0,3,0
8192,2,5,1,0,5,1,28,0
14280,1,29,1,4000,14,0,3,0
38464,1,23,1,2000,83,2,1,0
7673,1,41,1,3502,47,0,4,0
26392,1,14,1,9000,44,6,8,0
39901,2,35,1,4000,14,23,3,0
36779,2,36,1,0,18,0,3,0
43653,1,41,1,1141,7,0,2,0
17760,1,44,1,5000,14,11,4,0
48384,2,10,1,8000,19,0,7,0
863,2,17,2,0,14,0,8,0
19262,1,11,1,6000,70,35,5,0
45076,1,32,1,4945,12,0,4,0
19558,2,49,1,0,100,0,3,0
23429,1,5,1,5000,8,0,4,0
19273,1,46,2,12364,19,0,17,0
40677,2,23,1,8000,100,41,7,0
5569,1,5,1,5216,56,4,9,0
19285,1,10,1,561,28,11,5,0
17875,2,36,1,3000,40,3,2,0
3162,1,5,1,766,21,0,4,0
24546,1,43,1,4003,15,0,6,0
49218,1,5,1,0,100,1,3,0
31792,1,11,1,8000,15,0,7,0
1132,1,2,1,4821,55,5,9,0
24565,2,25,1,0,9,0,22,0
31149,1,39,1,8644,22,3,8,0
31492,1,37,1,8632,2,1,8,0
37517,1,15,1,3855,26,0,7,0
43064,1,20,1,0,37,0,5,0
9402,1,43,1,5000,48,0,4,0
35420,1,39,1,5517,3,0,6,0
7341,1,24,1,6049,17,3,6,0
24870,1,3,1,7000,38,0,6,0
48944,2,39,1,8613,28,27,11,0
27525,1,44,1,6000,57,3,5,0
28196,1,39,1,4000,9,10,3,0
15952,1,11,1,0,21,0,15,0
25031,1,23,1,2973,38,0,23,0
23401,2,5,1,0,5,7,8,0
22731,1,37,1,7596,8,0,10,0
29416,1,13,1,0,3,0,17,0
39274,1,25,1,0,50,0,6,0
49189,1,28,1,44,33,0,3,0
34884,1,10,1,2598,18,9,47,0
18968,1,20,1,0,20,0,7,0
47711,2,37,1,5000,10,0,4,0
31661,1,46,1,5000,100,12,4,0
26754,1,5,1,6708,100,38,6,0
36418,2,23,1,1596,17,4,17,0
40653,1,5,1,436,23,0,24,0
2743,1,29,1,4000,10,2,3,0
3050,1,44,1,0,9,0,3,0
50,2,5,1,10826,4,0,20,0
39860,1,43,1,0,5,0,6,0
8746,1,14,1,0,22,0,10,0
4746,1,43,1,16953,17,3,16,0
9195,1,39,1,12996,13,0,19,0
7614,1,10,1,4000,98,0,3,0
46148,1,35,1,0,100,0,9,0
20016,1,49,1,0,44,4,5,0
44979,2,44,1,0,4,12,9,0
15171,2,39,1,0,8,2,5,0
17973,2,29,1,468,50,0,3,0
22513,1,7,1,9799,31,0,24,0
24394,1,39,1,0,14,25,12,0
28355,2,44,2,6000,100,1,5,0
7004,1,15,1,1691,41,0,44,0
35264,1,35,1,134,43,19,5,0
39996,1,5,1,8000,5,11,7,0
174,1,48,1,5626,100,0,7,1
19902,1,39,1,1150,6,0,6,0
46794,1,24,1,4000,43,0,3,0
13014,1,48,1,0,55,0,10,0
34514,1,10,1,0,90,0,9,0
15801,2,5,1,3462,35,0,5,0
45751,2,41,1,7000,43,0,6,0
420,1,34,1,0,19,0,3,0
16296,1,44,1,1907,9,0,3,0
29308,1,16,1,2202,20,0,15,0
22178,1,11,1,3359,4,11,24,0
16752,1,10,1,0,8,9,3,0
18699,1,21,1,8000,9,0,7,0
39388,2,12,1,8370,26,0,8,0
32977,1,35,1,0,3,15,3,0
5837,2,49,1,6000,5,1,5,0
39625,2,38,1,9000,17,19,8,0
30505,1,21,1,8993,100,0,15,0
40916,2,29,1,4220,21,0,5,0
40654,2,10,1,4000,4,0,3,0
24106,1,38,1,1393,3,0,7,0
30535,1,6,1,4277,100,9,7,0
28397,2,35,1,0,12,2,17,0
3244,1,46,1,1022,4,0,2,0
801,1,34,1,0,30,2,4,0
34941,1,35,1,0,5,2,3,0
40232,1,10,1,8000,11,0,7,0
10414,2,39,1,0,7,0,5,0
17972,1,41,1,5000,35,0,4,0
44277,2,11,1,0,14,11,4,0
42494,1,36,1,5000,70,0,4,0
23554,1,23,1,4000,100,1,3,0
32692,2,10,1,0,51,0,4,0
43114,1,26,1,4000,100,2,3,0
10946,2,29,1,1488,28,4,13,0
19823,2,16,1,3825,100,0,11,1
44730,1,10,1,6975,10,0,29,0
38934,2,5,1,0,100,0,12,0
17228,2,4,1,7766,14,2,9,0
26566,1,10,1,4000,58,9,3,0
7561,2,2,1,5786,21,5,12,0
41020,1,11,1,5000,4,0,4,0
3664,1,39,1,10000,8,0,9,0
28957,2,36,1,3495,22,3,5,0
40155,1,38,1,0,11,0,9,0
41553,1,11,1,44,13,2,25,0
6366,2,10,1,0,55,0,4,0
3708,1,16,1,0,66,0,26,0
35386,1,35,1,4000,100,2,3,0
27613,2,36,1,5000,5,0,4,0
14218,1,49,1,5000,8,15,4,0
72,1,2,1,5000,35,8,4,0
4281,1,44,1,4646,22,3,22,0
3556,2,4,1,0,59,0,9,0
8469,1,4,1,6000,5,11,5,0
44321,2,49,1,0,36,0,13,0
21921,1,20,1,4000,41,26,3,0
9599,2,21,1,3684,23,7,3,0
33699,1,10,1,3000,18,0,2,0
11015,1,5,1,5690,13,0,11,0
28714,2,35,1,4620,32,3,22,0
46974,2,5,1,0,7,11,4,0
29679,2,3,1,4231,11,0,26,0
45564,2,5,1,1148,17,0,3,0
31179,1,5,1,0,6,0,16,0
21610,2,32,1,6000,4,0,5,0
25409,2,15,1,0,50,0,4,0
43345,1,15,1,9402,52,0,19,0
49197,2,29,1,7000,38,0,6,0
26734,1,5,1,0,100,0,14,0
48429,1,23,1,116,8,14,8,0
18687,2,2,1,0,8,0,5,0
16650,2,44,1,9367,100,5,35,1
24776,1,2,1,18000,7,0,17,0
24570,2,37,1,0,4,2,3,0
42826,1,24,1,0,100,26,2,0
25404,2,15,1,5461,4,9,36,0
24603,2,5,1,0,64,0,8,0
49698,2,7,1,0,41,0,6,0
13848,2,32,1,0,20,1,67,0
49247,1,18,1,8000,8,2,7,0
42943,2,46,1,5309,23,33,26,0
39968,1,17,1,4000,48,0,3,0
28981,1,15,1,2000,4,0,1,0
2800,2,21,1,3738,2,0,5,0
30335,1,39,1,8000,7,0,7,0
5276,1,24,1,7000,19,2,6,0
10821,1,16,1,0,2,40,18,0
31366,2,5,1,0,44,0,2,0
24809,2,44,1,0,11,20,6,0
44597,1,49,1,3000,8,0,2,0
21155,1,39,1,4000,4,7,3,0
45055,1,10,1,1542,6,2,12,0
21132,1,46,1,4000,32,1,3,0
11602,1,39,1,1969,24,3,9,0
3789,1,10,1,7000,29,0,6,0
22893,1,47,1,6442,54,0,6,0
33902,1,16,1,8000,15,0,7,0
13619,1,20,1,1852,20,15,4,0
26684,1,26,1,0,44,0,3,0
46297,1,25,1,6000,13,11,5,0
18497,2,33,1,0,85,22,3,0
48626,1,2,1,11000,16,0,10,0
36288,2,29,1,3000,54,7,2,0
45452,1,10,1,6000,5,0,5,0
29834,1,5,1,0,11,2,7,0
1669,2,39,1,7000,22,2,6,0
8248,1,35,1,10000,35,0,9,0
23293,1,41,1,3000,9,0,2,0
15799,1,17,1,9342,8,0,41,0
31329,2,5,1,3000,14,0,2,0
21044,2,7,1,7402,15,0,7,0
29168,1,45,1,3000,3,0,2,0
48246,2,25,1,5000,5,0,4,0
34523,2,46,1,12000,28,7,11,1
32504,2,43,1,6206,7,0,6,0
33000,1,35,1,7000,5,2,6,0
49896,2,10,1,4276,2,0,4,0
26877,1,24,1,2884,16,2,3,0
14500,1,44,1,0,6,2,5,0
36252,1,44,1,0,15,0,12,0
29575,1,5,1,2343,11,30,4,0
39974,1,32,1,0,13,4,4,0
22953,2,44,1,11246,49,0,15,0
44579,2,39,1,5000,41,0,4,0
3487,1,35,1,4000,33,0,3,0
48173,1,11,1,2162,10,0,2,0
48697,1,9,1,0,6,0,37,0
20706,1,32,1,0,3,0,10,0
355,1,10,1,2882,20,5,7,0
7853,1,5,1,0,9,0,9,0
40566,1,36,1,6000,12,0,5,0
10065,1,7,2,0,87,0,18,0
30769,1,10,1,8291,3,20,14,0
46183,2,47,1,1209,44,0,4,0
30622,2,44,1,4000,14,3,3,0
25407,2,17,1,5111,14,2,40,0
17105,1,2,1,4000,65,0,3,0
10477,1,18,1,5000,10,0,4,0
38295,1,44,1,102,90,0,35,0
40255,2,32,1,0,18,0,7,0
7380,1,29,1,1931,49,0,41,0
19497,2,19,1,6000,100,0,5,0
39589,2,7,1,6000,61,0,5,0
48063,2,11,1,0,37,8,6,0
48296,1,15,1,0,4,0,17,0
22265,2,18,2,0,7,0,38,0
37822,1,5,1,15000,11,5,14,0
44339,1,5,1,0,100,11,14,1
2653,1,23,1,0,49,1,2,0
36787,2,43,1,0,62,0,5,0
32691,2,21,1,0,15,2,7,0
39700,1,43,1,0,35,0,9,0
49032,1,5,1,8000,4,7,7,0
14170,2,5,1,1979,9,0,11,0
9401,2,28,1,11564,8,0,14,0
38878,1,5,1,0,67,0,16,0
22780,1,29,1,4000,57,8,3,0
29904,1,5,1,0,4,0,4,0
21297,1,16,1,13000,9,0,12,0
28774,1,45,1,0,22,1,8,0
5046,2,4,1,10457,16,0,11,0
25599,1,48,1,6000,1,2,5,0
15159,1,5,1,7000,13,0,6,0
42213,1,24,1,7000,29,2,6,0
27620,2,25,2,9196,62,0,10,0
38003,2,46,1,17401,25,0,28,1
22655,2,18,1,0,28,4,8,0
24318,1,23,1,3168,9,2,8,0
38926,2,15,1,10699,38,39,10,0
11730,2,39,1,7374,83,0,10,0
36600,2,24,1,6000,4,0,5,0
37316,1,5,1,8000,5,0,7,0
40984,2,38,1,5000,26,0,4,0
26823,1,5,1,10000,100,2,9,1
44655,1,6,1,7764,10,0,9,0
28581,1,14,1,0,5,0,3,0
34977,1,39,1,0,11,10,11,0
22652,1,5,1,2306,40,0,20,0
41113,1,29,1,9000,44,0,8,0
19152,2,6,1,6000,17,7,5,0
41978,1,39,1,4000,44,0,3,0
2001,2,5,1,10000,57,0,9,1
18220,1,44,1,7271,37,26,75,1
36113,1,21,1,2516,21,5,2,0
46235,2,44,1,7182,17,0,17,0
29245,1,44,1,5000,13,0,4,0
25674,1,35,1,0,9,15,10,0
41397,1,5,1,0,11,1,3,0
14403,1,11,1,0,11,0,15,0
45850,2,45,1,0,10,6,3,0
21378,2,44,1,2476,24,2,4,0
21539,1,18,1,0,22,4,14,0
9037,2,35,1,0,5,4,6,0
44532,2,44,1,2876,4,7,2,0
15076,1,39,1,3000,18,8,2,0
26331,1,35,2,4000,31,10,3,0
9987,1,4,1,4307,46,15,10,0
49732,1,5,2,8000,4,6,7,0
19500,1,44,1,0,19,8,10,0
41633,1,44,1,6055,83,0,6,0
38806,2,11,1,3959,7,29,51,1
34614,1,26,1,9000,34,0,8,0
42776,1,35,1,377,11,10,8,0
6269,1,35,1,0,38,0,34,0
34192,1,23,1,0,27,3,16,0
15208,1,3,1,4251,52,35,4,0
46264,1,23,1,2000,61,0,1,0
38382,2,37,1,6000,27,0,5,0
6568,1,36,1,10833,11,0,10,0
12995,1,5,1,8000,1,0,7,0
35407,2,49,1,0,10,6,2,0
45302,2,48,1,0,71,0,3,0
27250,1,3,1,9799,7,6,11,0
49645,1,5,1,0,54,13,12,0
37084,1,50,1,0,25,5,12,0
14129,1,10,1,5682,45,0,6,0
22017,1,10,1,9000,76,0,8,1
5090,2,39,1,6560,28,0,12,0
26769,1,48,1,71,4,0,11,0
7616,2,25,1,8484,45,0,9,0
32448,1,41,1,11082,100,4,13,1
43833,2,39,1,0,66,0,13,0
15287,1,5,1,5000,38,0,4,0
40805,1,43,1,8000,89,4,7,0
24785,2,38,1,1920,13,0,2,0
26358,1,5,1,805,2,0,4,0
13291,1,17,1,4000,80,0,3,0
15135,1,45,1,8000,9,0,7,0
11828,1,24,1,0,36,1,3,0
14404,1,12,1,5000,12,0,4,0
33493,2,37,1,413,100,0,6,0
9255,1,19,1,9000,29,10,8,0
37766,2,25,1,4716,52,0,24,1
1488,2,5,1,0,59,3,5,0
22899,2,37,1,3000,27,1,2,0
23328,2,5,1,9524,23,6,10,0
21420,1,20,1,3000,87,5,2,0
29046,1,35,1,8172,10,4,10,0
4337,1,10,1,4764,13,2,6,0
26315,2,6,1,9000,18,0,8,0
15453,1,5,1,0,52,0,3,0
22533,1,39,1,0,12,12,2,0
15158,2,38,1,7000,50,0,6,0
17991,2,15,1,6000,9,21,5,0
48345,2,37,1,0,4,0,8,0
35317,2,29,1,0,27,0,6,0
29157,2,32,1,0,32,8,21,0
12363,1,37,1,7545,31,0,20,0
10260,2,35,1,6723,15,0,6,0
33012,2,5,1,1046,81,8,5,0
13701,1,24,1,6000,21,0,5,0
45948,2,29,1,9529,13,1,16,0
37453,1,24,1,6129,6,7,6,0
1704,1,43,2,3562,22,0,11,0
11328,1,5,1,4102,14,0,23,0
16732,2,17,1,0,33,34,4,0
3995,1,50,1,5000,70,0,4,0
25486,1,26,1,2212,89,0,13,0
5266,1,41,1,4000,82,1,3,0
7744,1,6,1,6457,24,7,17,0
3913,2,44,1,6529,6,3,7,0
38491,1,10,1,584,10,0,2,0
7985,1,33,1,3000,25,8,2,0
15530,2,41,1,0,11,5,8,0
931,2,44,1,5000,5,0,4,0
39239,2,35,1,2180,8,0,4,0
13890,2,44,1,6413,12,0,6,0
37008,1,27,1,2252,7,5,15,0
30386,1,36,1,5000,7,0,4,0
45238,2,15,1,63,12,0,7,0
862,1,12,1,0,100,60,5,0
40816,2,5,1,0,34,0,8,0
13001,2,10,1,0,27,9,4,0
32421,1,44,1,1707,15,0,24,0
1595,1,15,1,0,31,43,9,0
10240,1,35,2,9774,77,7,21,1
32879,1,11,1,4000,33,4,3,0
19488,2,5,1,6161,8,0,13,0
21843,2,37,1,12339,33,12,12,0
41172,2,41,1,11000,5,12,10,0
5976,2,10,1,8168,27,0,13,0
29289,1,32,1,5000,29,4,4,0
46381,1,23,1,0,6,6,4,0
24462,2,5,1,4000,35,0,3,0
36302,2,33,1,2549,14,0,15,0
11276,2,20,1,3000,20,0,2,0
44649,2,4,1,11509,34,0,41,1
25643,1,49,1,7490,16,0,7,0
26324,1,50,1,8000,28,3,7,0
42087,2,44,1,4992,23,0,28,0
25883,1,48,1,4000,10,0,3,0
11598,1,46,1,4000,31,0,3,0
14578,1,15,1,0,22,0,10,0
49205,1,26,1,937,42,5,3,0
26365,1,33,1,3000,37,15,2,0
18502,1,38,1,3000,6,0,2,0
45268,1,20,1,6766,40,0,6,0
14496,1,10,1,0,3,0,4,0
29569,2,36,1,11338,24,0,44,1
43608,1,3,1,4000,7,22,3,0
23703,1,34,1,0,10,0,6,0
19393,2,24,1,7854,13,0,15,0
38552,1,15,1,0,69,0,7,0
10815,2,11,1,4000,68,0,3,0
32142,1,29,1,4000,8,0,3,0
8870,1,11,1,2249,13,0,2,0
226,1,44,1,0,4,0,6,0
17396,1,2,1,3549,6,27,8,0
34082,1,5,1,921,100,0,5,0
42031,1,39,1,3775,35,0,3,0
19889,2,43,1,0,29,0,26,0
19396,1,36,1,0,42,0,4,0
20635,1,35,1,0,4,16,6,0
37422,1,45,1,2496,21,0,14,0
2762,2,4,1,0,23,1,9,0
33480,2,46,1,0,1,10,7,0
10927,2,11,1,3053,33,2,9,0
46031,2,44,1,4000,51,0,3,0
4539,1,15,1,5173,27,0,24,0
41715,1,36,1,12978,9,0,24,0
19513,1,16,1,6000,4,0,5,0
39212,1,18,1,6000,14,13,5,0
29267,2,10,1,0,46,34,3,0
45846,1,41,1,3000,13,0,2,0
39439,1,11,1,0,61,0,23,0
44432,1,39,2,0,43,0,5,0
22523,1,21,1,2804,47,0,4,0
21657,1,44,1,452,13,10,3,0
49585,1,10,1,0,9,8,5,0
14460,2,17,1,0,11,0,5,0
14410,1,50,1,0,54,0,8,0
33228,2,5,1,15000,39,60,14,1
7213,1,23,1,6000,79,0,5,0
14581,2,15,1,7000,41,0,6,0
14837,2,35,1,0,55,3,14,0
40779,2,32,1,4611,41,3,17,0
23970,2,43,1,0,42,16,4,1
16275,2,21,1,5000,33,7,4,0
37446,2,49,1,15000,21,0,14,0
29639,1,10,1,5843,19,1,29,0
1398,1,18,1,11000,100,0,10,0
46411,1,32,1,5000,78,15,4,0
45750,1,35,1,5000,13,0,4,0
15953,1,4,1,1529,3,17,5,0
19821,1,22,1,0,7,4,25,0
38360,1,44,1,9000,25,0,8,0
17310,1,31,1,0,15,0,25,0
16600,2,10,1,6363,24,3,17,0
46342,1,25,1,3000,5,0,2,0
1247,2,23,1,3793,17,0,7,0
16031,1,21,1,0,24,0,4,0
26645,2,13,1,4000,24,1,3,0
45567,2,49,1,1189,46,3,2,0
27675,2,39,1,6000,6,0,5,0
20959,1,10,1,7445,2,0,10,0
43025,2,25,1,4000,19,3,3,0
33714,2,23,1,7493,2,0,8,0
6940,2,5,1,4000,14,0,3,0
45127,2,10,1,13562,100,0,21,1
13925,1,38,1,14100,10,2,16,0
3242,1,11,1,7000,40,3,6,0
11151,1,17,2,4000,26,34,3,0
48320,2,51,1,2000,17,3,1,0
19672,1,22,1,5000,15,7,4,0
1414,1,5,1,0,45,19,13,0
28283,1,11,1,3000,9,9,2,0
41013,2,29,1,83,28,5,6,0
34241,1,19,1,9000,11,2,8,0
29576,2,39,1,8000,23,0,7,0
41271,2,44,1,913,8,0,4,0
8258,1,4,1,3000,21,4,2,0
26853,2,35,1,4106,18,0,5,0
8881,2,4,1,3000,4,4,2,0
22079,2,44,1,3013,23,0,4,0
47731,1,20,1,0,49,4,6,0
19350,1,35,1,9000,7,8,8,0
32182,1,35,1,671,5,3,63,0
16955,1,44,1,6000,3,0,5,0
39247,2,5,1,0,17,0,11,0
1622,1,23,1,0,6,0,4,0
47757,1,21,1,0,61,0,12,0
45676,1,11,1,4000,1,0,3,0
2405,1,19,1,0,5,0,13,0
30797,1,17,1,5311,15,2,9,0
37587,1,29,1,12000,8,1,11,0
23318,1,44,1,0,18,0,3,0
12831,2,36,1,6000,13,0,5,0
33558,1,44,1,6287,37,9,7,0
29558,2,15,1,3000,45,4,2,0
43987,1,44,1,0,100,0,3,0
27894,1,24,1,9620,10,3,14,0
5295,2,24,1,8000,14,0,7,0
24914,1,48,1,816,42,0,4,0
34660,2,36,1,8952,25,0,21,0
1785,1,18,1,4000,14,4,3,0
39886,1,46,1,9974,19,0,24,0
17567,2,25,1,7000,10,0,6,0
16063,2,49,1,10000,89,0,9,1
48446,1,34,1,6000,8,0,5,0
20383,1,29,1,0,46,4,3,0
40878,1,11,1,0,25,0,10,0
18058,2,35,1,0,17,0,5,0
19067,2,34,1,3042,20,0,4,0
20526,2,49,1,10000,44,1,9,0
5848,1,44,2,0,85,0,6,0
18623,1,7,1,2951,18,5,13,0
45474,1,43,1,3000,11,4,2,0
31761,1,21,1,21554,4,9,22,1
5212,2,44,1,6270,8,4,23,0
25731,2,11,1,1185,9,0,5,0
6374,2,14,1,5000,13,2,4,0
30198,1,23,1,6000,31,0,5,0
23946,1,5,1,3000,36,10,2,0
36935,1,37,1,3000,17,2,2,0
34848,2,41,1,4895,15,4,11,0
15293,1,36,1,4000,61,0,3,0
1852,1,37,2,2728,4,0,16,0
18433,2,44,1,10000,79,1,9,1
28971,1,15,1,4673,65,1,32,1
17040,1,5,1,4000,17,1,3,0
6688,2,36,1,0,100,0,8,0
40939,1,7,1,1514,92,0,7,0
42182,2,44,1,603,9,0,2,0
25253,1,23,1,1489,20,4,7,0
18842,1,35,1,1407,98,0,6,0
15807,1,15,1,0,3,0,2,0
4182,1,10,1,9784,40,0,42,1
13863,1,38,1,0,61,0,11,0
20190,1,41,1,4004,13,0,5,0
8785,2,44,1,0,33,0,75,1
3706,1,43,1,0,2,5,3,0
24446,1,5,2,7181,2,4,26,0
37772,1,20,1,7000,100,14,6,0
5159,1,44,1,5900,100,0,5,0
29837,1,43,1,16040,12,1,28,1
6130,1,46,1,2373,12,19,5,0
11030,1,24,1,7787,3,0,12,0
47339,1,32,1,1431,16,0,19,0
36030,1,4,1,10000,19,5,9,0
33447,1,38,1,3000,16,0,2,0
4117,1,15,1,2411,28,0,16,0
11757,2,36,1,4000,8,0,3,0
27124,2,21,1,6000,15,22,5,0
5370,1,27,1,5000,54,0,4,0
15979,1,19,2,4311,5,0,8,0
9135,1,23,1,0,17,0,11,0
11062,1,7,1,2405,53,26,6,0
4551,1,23,1,10000,12,0,9,0
35859,1,6,1,0,9,0,24,0
46857,1,25,1,8725,14,1,9,0
43901,1,20,1,13578,64,0,13,0
17578,2,6,1,1324,23,0,56,0
2747,2,10,1,4000,19,7,3,0
21851,1,5,1,0,17,0,5,0
25748,2,43,1,4000,8,0,3,0
6073,1,5,1,1182,44,0,2,0
23921,2,21,1,6312,77,4,17,1
12934,1,36,1,4455,27,0,9,0
36181,2,43,1,0,18,56,2,0
34381,2,6,1,4551,32,0,5,0
28997,1,5,1,10452,1,4,13,0
38261,1,20,1,4113,17,3,5,0
513,1,36,1,0,5,0,7,0
16135,2,6,1,9108,24,35,10,0
35634,2,5,1,5000,44,0,4,0
8089,1,10,1,8000,76,56,7,0
36093,1,5,1,5372,27,1,6,0
31392,2,10,1,0,87,0,68,1
33043,2,11,1,1308,100,0,14,0
34309,2,24,1,3000,1,0,2,0
12628,1,35,1,6000,9,0,5,0
1977,2,3,1,3000,53,15,2,0
7338,2,10,1,0,72,0,2,0
42453,1,23,2,0,30,0,4,0
22972,1,15,1,0,35,0,6,0
37308,1,39,1,0,33,0,3,0
44972,1,13,1,7653,30,24,8,0
5217,2,49,1,0,51,0,18,0
23623,2,43,1,5000,3,0,4,0
41400,1,44,1,0,100,2,13,0
20311,1,35,1,6491,4,1,11,0
658,1,5,1,2102,22,0,6,0
35038,1,48,1,0,14,3,7,0
44828,1,42,1,0,18,0,6,0
15944,2,36,1,7000,9,2,6,0
42014,2,44,1,0,16,0,5,0
28058,1,4,1,3443,24,0,26,0
21872,2,24,1,6000,59,53,5,0
7028,1,29,1,3000,25,0,2,0
49786,1,11,1,4000,6,17,3,0
30813,1,23,1,4000,17,0,3,0
35602,1,49,1,0,6,2,2,0
21547,1,5,1,0,38,0,5,0
14795,1,39,1,13000,23,25,12,1
45054,1,39,1,2000,100,0,1,0
3900,1,39,1,2706,8,0,27,0
29369,2,5,1,0,94,0,10,0
15626,2,44,1,0,20,10,18,0
46649,1,16,1,11000,14,7,10,0
10285,1,35,1,0,5,0,22,0
25874,2,35,1,7000,10,0,6,0
18720,1,44,1,390,72,0,7,0
14949,1,6,1,4000,19,0,3,0
38344,2,5,1,5000,11,0,4,0
31304,1,43,1,5031,43,0,7,0
6543,1,41,1,604,18,0,75,0
42691,2,12,2,7608,41,6,7,0
5877,2,44,1,12000,31,0,11,1
49325,1,29,1,2572,28,4,4,0
15603,1,44,1,1973,6,3,13,0
23358,1,48,1,6000,20,4,5,0
46343,1,44,2,3523,11,0,9,0
19128,1,5,1,3000,14,6,2,0
34792,1,29,1,4000,46,16,3,0
36360,2,39,1,2438,15,7,4,0
18144,1,39,1,19490,91,0,31,1
317,1,16,1,10000,5,0,9,0
730,1,32,1,6000,36,0,5,0
45883,2,25,1,5000,85,3,4,0
6216,1,11,1,437,53,23,2,0
17299,1,29,1,7350,12,0,11,0
1842,2,10,1,10274,27,0,11,0
2387,1,51,1,0,69,0,7,0
21346,2,45,1,3000,3,0,2,0
22115,2,44,1,3000,87,0,2,0
43746,1,35,1,0,15,0,22,0
5467,1,15,1,3873,10,4,22,0
38366,1,32,1,3000,18,8,2,0
46720,1,10,1,4312,27,7,4,0
5541,1,44,1,6000,14,0,5,0
23563,2,33,1,0,13,0,12,0
23013,1,11,1,8000,72,8,7,0
32742,1,20,1,10133,29,10,20,0
14164,2,15,1,10000,45,0,9,0
9063,2,48,1,0,26,10,4,0
28698,2,36,1,13413,7,0,26,0
18491,1,36,1,8000,61,0,7,1
14826,1,20,1,2644,52,0,4,0
49828,1,23,1,4000,12,16,3,0
15680,1,10,1,3000,9,0,2,0
7933,1,15,1,4000,40,0,3,0
38881,2,35,1,8000,5,0,7,0
3003,2,6,1,7000,15,0,6,0
31444,2,44,1,5022,32,0,11,0
6263,1,36,1,0,18,13,7,0
3954,1,28,1,2708,43,12,20,0
45135,2,15,1,0,100,0,20,0
33479,2,17,1,3904,17,0,3,0
18554,1,4,1,0,13,0,6,0
24224,1,21,2,7000,50,0,6,0
32042,2,32,1,5635,15,0,10,0
26219,2,5,1,2514,9,13,4,0
14633,1,7,1,0,72,0,10,0
17091,1,46,1,3000,14,0,2,0
34427,1,5,1,0,25,4,4,0
9377,2,5,1,0,60,15,5,0
17781,1,19,1,6000,89,0,5,1
10437,1,48,1,2817,13,0,3,0
7569,1,23,1,6000,12,0,5,0
23550,1,32,1,0,50,0,9,0
1459,1,35,1,1569,10,5,2,0
42297,2,17,1,0,15,5,9,0
34366,1,43,1,5760,7,3,11,0
29309,1,44,1,3632,8,20,23,0
4846,1,5,1,0,25,0,2,0
41961,2,29,1,24094,18,8,31,1
38153,1,48,1,0,33,0,3,0
24381,1,21,1,11216,51,0,11,1
38922,1,10,1,5679,21,0,8,0
26539,2,2,1,5754,27,0,8,0
5937,2,11,1,7000,5,0,6,0
7674,2,36,1,5000,45,2,4,0
40437,1,5,2,0,13,1,7,0
35495,1,23,1,0,2,7,9,0
39592,2,44,1,10000,57,0,9,0
14175,1,15,1,7000,7,9,6,0
40382,1,44,1,9352,48,0,13,0
23138,2,44,1,7000,31,2,6,0
29629,2,35,1,0,10,13,3,0
32309,1,6,1,0,5,6,2,0
30872,2,44,1,7000,20,0,6,0
28093,2,36,1,0,84,31,10,0
32485,2,44,1,0,12,23,3,0
32813,1,19,1,0,8,13,14,0
25155,1,5,1,15000,27,23,14,0
10154,2,28,1,0,77,0,4,0
25867,1,2,1,4000,22,2,3,0
15444,1,10,1,4000,10,0,3,0
14193,1,29,1,0,72,5,25,0
13718,1,15,1,4000,60,0,3,0
17349,1,11,1,9000,7,2,8,0
6421,1,36,1,3000,19,1,2,0
38691,1,26,1,3000,70,4,2,0
47431,2,16,1,10391,100,8,17,0
34115,1,37,1,0,50,1,9,0
817,1,40,1,3000,27,1,2,0
13864,1,23,1,7000,13,5,6,0
49437,2,43,2,0,63,0,2,0
10588,1,5,1,5503,19,7,5,0
49498,1,7,1,8000,45,2,7,0
26518,1,26,1,2711,62,1,6,0
5246,1,31,1,2157,13,0,2,0
38332,1,15,1,5000,19,0,4,0
48333,2,44,1,3496,6,0,8,0
14927,1,24,1,1691,8,0,6,0
49066,1,35,1,17969,20,0,17,0
37865,2,49,1,0,15,6,2,0
23347,1,44,1,0,15,51,19,0
27037,1,5,1,5000,35,0,4,0
40419,1,25,1,10000,28,0,9,1
28962,2,28,1,0,82,0,2,0
23035,2,39,1,4000,8,0,3,0
17325,1,25,1,5170,78,0,8,0
44928,1,23,1,5000,13,0,4,0
18247,1,44,2,110,19,2,3,0
21404,1,5,1,10000,60,0,9,0
47288,2,35,1,9289,100,5,12,1
14711,2,16,1,4000,16,1,3,0
6368,2,38,1,0,78,0,3,0
48396,1,6,1,0,77,5,18,0
42364,1,39,1,2424,100,0,24,0
40889,1,44,1,4000,81,32,3,0
31707,2,23,1,5000,38,0,4,0
3379,2,38,1,0,4,0,19,0
39488,1,15,1,0,8,8,12,0
13703,1,2,1,9000,21,0,8,0
16884,1,41,1,10721,34,0,10,0
9657,2,35,1,3000,34,0,2,0
40355,2,36,2,0,72,0,5,0
31379,2,26,1,0,100,0,6,0
28459,1,43,1,14341,3,0,14,0
28447,1,15,1,5442,4,0,20,0
26890,1,35,1,6000,3,10,5,0
20716,2,48,1,2443,8,0,11,0
40605,1,46,1,782,6,2,34,0
45282,2,2,1,8000,41,43,7,0
32112,1,15,1,7203,6,60,11,0
34349,2,5,1,6000,11,7,5,0
15205,2,41,1,4079,31,0,12,0
6893,2,5,1,7961,14,0,7,0
22135,1,10,1,4196,21,0,6,0
44142,2,23,1,3538,29,12,9,0
3029,1,5,1,0,19,0,6,0
16298,1,49,1,4000,37,0,3,0
32722,1,35,1,8000,12,13,7,0
25135,1,47,1,13000,55,0,12,0
9056,2,39,1,0,22,2,8,0
34886,2,39,1,0,15,0,6,0
16229,2,5,1,0,8,5,7,0
11282,1,26,1,4000,27,0,3,0
25574,2,3,2,7000,100,0,6,1
36502,1,3,1,10827,28,0,11,0
48211,2,18,1,8000,2,11,7,0
43418,1,36,1,0,39,0,6,0
46465,1,35,1,2817,9,0,3,0
16704,1,39,1,7737,100,0,36,1
32459,1,49,1,5000,12,0,4,0
6162,2,7,1,8000,7,0,7,0
42992,1,20,1,6000,100,7,5,1
19307,1,4,1,1537,8,0,3,0
48552,1,46,1,0,34,0,6,0
40378,1,39,1,13963,20,0,18,0
39954,1,9,1,10000,100,0,9,0
4989,2,15,1,0,10,1,4,0
19076,1,43,1,4000,27,4,3,0
20183,1,43,2,3000,29,0,2,0
38820,1,24,1,0,48,0,6,0
19433,1,39,1,7768,19,0,7,0
36919,1,5,1,3600,52,0,5,0
19483,2,46,1,0,5,0,2,0
39059,1,37,1,0,24,0,18,0
39447,2,36,1,0,23,0,3,0
22157,1,39,1,0,9,1,7,0
37812,2,4,1,8208,9,0,14,0
12291,2,23,1,3000,11,2,2,0
36129,2,29,1,0,16,0,4,0
2297,1,32,1,5650,9,0,5,0
3832,2,44,1,427,26,0,5,0
33223,1,29,1,1339,7,0,8,0
11495,1,29,2,0,20,0,18,0
20791,1,35,1,0,7,1,8,0
44316,2,5,2,3000,66,0,2,1
38885,1,5,1,5000,8,0,4,0
3435,2,16,2,3000,8,16,2,0
38208,2,39,1,14000,12,2,13,0
3078,1,29,1,0,40,0,7,0
1108,2,10,1,12660,39,0,19,0
16656,1,38,1,0,41,3,41,0
45227,2,23,1,4000,36,0,3,0
25831,1,44,1,4788,27,0,15,0
21504,1,14,1,4000,3,0,3,0
46861,1,44,1,0,3,2,3,0
2147,1,10,1,0,100,3,11,0
36815,1,23,1,12000,14,0,11,0
25284,2,39,1,4000,66,0,3,0
27041,1,6,1,9466,39,0,19,0
46779,1,7,1,2078,100,0,9,0
45190,2,13,1,3284,5,2,7,0
18146,2,15,1,4000,8,2,3,0
27708,2,39,1,7139,42,0,26,0
46652,1,11,1,0,19,4,7,0
7763,1,16,1,6579,60,2,8,0
29633,1,36,1,7000,28,2,6,0
8146,2,15,1,10000,6,0,9,0
40440,1,23,1,3293,22,4,6,0
13040,1,44,1,4000,16,0,3,0
34038,1,44,1,8000,30,0,7,0
36291,2,36,1,4227,23,0,5,0
27908,1,20,1,3000,12,0,2,0
24657,1,11,1,0,13,0,1,0
16994,2,39,1,1109,18,8,48,0
5346,2,10,1,0,2,7,10,0
5166,1,37,1,6000,3,5,5,0
34826,2,24,1,5000,7,0,4,0
1676,2,5,1,2272,19,0,6,0
31690,2,32,1,0,6,1,2,0
4147,1,5,1,4000,7,26,3,0
31936,1,19,1,4469,43,0,5,0
18394,1,32,1,0,7,0,10,0
4708,1,20,1,2097,67,0,3,0
2586,2,39,1,2748,19,0,2,0
28118,1,5,1,0,100,6,10,1
42180,1,46,1,3000,18,0,2,0
31619,1,7,1,4736,17,60,7,0
35764,1,41,1,6000,13,0,5,0
22582,2,10,1,8730,55,0,8,0
13836,1,46,2,5000,19,0,4,0
12045,1,23,1,0,77,0,2,0
30768,1,10,1,6000,6,3,5,0
7129,1,44,1,3268,14,6,4,0
22784,1,44,1,4000,23,0,3,0
23251,1,17,1,7245,42,0,8,0
23886,1,18,1,0,6,2,23,0
40094,2,44,1,5065,43,9,5,0
31012,2,5,1,0,34,0,3,0
12083,2,4,1,0,45,0,9,0
7787,2,11,1,8632,45,10,24,0
5730,2,35,1,2281,9,0,8,0
13964,1,37,1,0,3,0,13,0
49262,1,44,1,18725,9,5,28,1
5122,1,35,1,6000,44,0,5,0
10340,2,35,1,7000,29,1,6,0
2821,1,18,1,13689,49,0,22,1
32608,1,5,2,0,11,0,9,0
1035,1,35,1,0,8,2,12,0
234,1,44,1,5000,17,0,4,0
20697,2,48,1,3243,4,0,3,0
45287,1,39,1,2335,100,0,2,0
29065,1,20,1,5071,22,0,7,0
16382,2,5,1,7341,21,49,29,0
36642,1,10,1,0,44,0,30,0
11934,1,24,1,0,34,0,4,0
49558,1,11,1,3000,27,0,7,0
1320,1,11,1,10516,43,0,14,0
19422,1,35,1,372,2,2,57,0
14195,1,44,1,19000,6,0,18,1
27212,1,39,1,0,27,0,21,0
23944,2,42,1,7000,26,17,6,0
30571,2,49,1,231,30,3,7,0
24192,2,44,1,0,38,2,11,0
42796,1,15,1,16000,27,19,15,1
23408,1,32,1,5000,9,0,4,0
757,1,11,1,7203,3,0,9,0
27670,2,11,1,3528,8,0,9,0
5554,1,10,1,9000,99,0,8,0
33457,2,48,1,6245,100,3,23,1
41064,2,5,2,2147,32,0,5,0
18338,1,3,1,6633,28,2,10,0
5043,1,3,1,0,7,0,8,0
20136,2,44,1,0,14,14,26,0
6492,1,48,1,11576,100,0,16,1
18130,2,11,2,6560,64,0,10,0
30129,1,46,1,4000,6,0,3,0
38904,1,49,1,3000,37,0,2,0
14130,1,51,1,6202,15,23,14,0
28148,2,20,1,0,44,17,6,0
6690,2,7,1,6000,6,0,5,0
9694,1,32,1,2556,100,1,5,0
39653,2,35,1,3000,12,0,2,0
812,2,10,1,0,19,0,6,0
28625,1,2,1,0,36,0,5,0
27746,1,18,1,1945,93,4,10,0
23714,1,1,1,5000,15,0,4,0
13505,1,21,1,5953,12,0,8,0
13798,1,6,1,0,42,4,2,0
33257,1,29,1,0,11,4,6,0
9721,2,5,1,0,100,11,7,1
44137,1,36,1,0,20,7,51,0
8318,2,46,1,0,45,3,4,0
36326,1,5,1,0,19,0,6,0
48422,1,35,1,9000,26,0,8,0
39928,1,39,1,7034,17,0,26,0
2631,1,4,1,4000,5,0,3,0
18015,2,41,1,4000,55,0,3,0
24532,1,25,1,0,38,4,9,0
8678,1,5,1,0,34,0,3,0
1619,2,16,1,7000,14,0,6,0
21724,1,25,1,4000,18,0,3,0
20565,1,4,1,4752,8,0,4,0
16172,1,44,1,9111,79,0,16,0
8490,2,15,1,0,6,0,11,0
16339,1,32,1,7838,5,0,11,0
5456,1,5,1,0,44,0,7,0
35814,1,5,1,0,19,4,11,0
48472,2,15,1,4815,11,0,5,0
22751,2,38,1,0,27,14,7,0
7832,1,48,1,7000,30,7,6,0
16695,1,15,1,0,32,0,5,0
23468,1,35,1,0,13,17,2,0
5628,2,21,1,0,4,0,7,0
4223,1,39,1,3000,26,3,2,0
35610,2,44,1,741,21,0,4,0
21131,1,25,1,3709,9,0,7,0
18857,1,11,1,9263,15,0,13,0
42679,1,44,1,0,32,9,5,0
10640,2,49,1,0,15,8,2,0
10614,1,47,1,4244,5,3,4,0
45810,2,35,2,0,23,0,15,0
18479,1,48,1,7334,6,0,9,0
5763,2,21,1,6000,59,0,5,0
26690,1,10,1,7000,26,0,6,0
44533,1,29,1,0,37,29,3,0
45318,2,10,1,5000,69,0,4,0
44237,1,11,1,7433,32,0,7,0
17597,2,35,1,2144,20,0,9,0
45088,1,11,1,0,6,0,17,0
40911,2,33,1,1332,27,0,32,0
22039,2,10,1,13151,29,0,20,0
23255,1,35,1,3000,16,0,2,0
45134,2,3,1,4000,7,3,3,0
27772,1,24,1,14899,100,13,44,1
10277,1,36,1,15712,18,5,31,1
10242,1,44,1,3000,21,3,2,0
211,2,44,1,336,14,0,2,0
28977,2,35,1,9000,51,5,8,0
39436,1,44,1,5956,54,28,37,1
43448,2,11,1,236,7,0,8,0
43062,1,49,1,0,49,3,6,0
36051,1,10,1,5000,37,0,4,0
13688,2,28,1,3509,7,1,13,0
26072,1,25,1,6044,42,0,9,0
3023,1,44,1,5000,20,0,4,0
4111,2,20,1,5000,19,0,4,0
19012,2,22,1,12756,3,0,13,0
15839,1,11,1,6000,13,0,5,0
46040,1,19,1,10000,25,6,9,0
6757,2,5,1,0,41,0,2,0
18807,2,5,1,0,11,0,7,0
32677,1,24,1,1798,16,0,10,0
42727,2,17,1,0,10,0,5,0
11066,1,35,1,4000,18,0,3,0
17180,1,35,1,4000,12,0,3,0
27738,2,5,1,8855,95,8,33,1
24457,1,21,1,8000,10,18,7,0
36005,1,10,1,3000,24,0,2,0
36083,1,28,1,11338,24,0,12,0
41991,2,17,1,5521,86,13,8,0
14412,1,19,1,3000,62,0,2,0
8531,2,35,1,0,67,7,36,1
33307,1,44,1,0,11,0,2,0
23784,1,11,1,6180,17,0,34,0
14338,1,19,1,1331,7,0,4,0
22955,2,16,2,3892,6,0,24,0
36824,1,26,1,0,2,7,21,0
11451,2,5,1,0,15,0,3,0
7259,2,4,1,0,14,0,2,0
42765,2,13,1,0,12,0,9,0
49142,2,10,2,2749,100,23,5,0
18604,2,21,1,9000,20,0,8,0
3032,1,29,1,6000,2,2,5,0
46318,2,39,1,4207,37,2,7,0
7230,1,14,1,0,25,0,13,0
117,2,13,1,5000,32,7,4,0
9247,2,39,1,0,11,1,11,0
19476,2,5,1,3000,31,9,2,0
18810,2,8,1,0,17,9,12,0
24557,1,38,1,0,11,0,6,0
3796,1,11,1,7000,10,1,6,0
46266,2,5,1,0,24,19,5,0
47403,2,43,1,887,10,0,3,0
12415,1,17,1,0,7,1,11,0
5880,1,44,1,6809,12,12,8,0
13397,2,11,1,7000,7,0,6,0
30393,2,3,1,10000,9,0,9,0
38492,2,5,1,4000,56,15,3,0
6803,2,4,1,4146,38,0,5,0
25305,1,7,1,11000,5,4,10,0
34698,2,19,1,0,16,0,7,0
8587,1,44,1,3000,6,0,2,0
45079,1,36,1,16356,18,1,17,0
48408,1,6,1,0,68,0,3,0
5626,1,5,2,4657,9,5,10,0
10343,1,17,1,1965,10,0,4,0
15696,1,38,1,1033,35,0,3,0
17259,1,37,1,14618,27,0,15,0
34825,2,36,2,0,51,4,4,0
39720,1,29,1,1203,11,2,22,0
47285,2,44,1,7346,4,24,10,0
35250,1,39,1,5000,15,0,4,0
5921,1,29,1,1604,1,0,11,0
14626,1,10,1,4000,7,9,3,0
16114,1,34,1,13762,12,2,15,1
7267,1,23,1,4813,7,0,7,0
36755,1,5,1,0,26,0,3,0
14983,1,44,1,4746,5,49,5,0
76,2,17,1,0,2,1,47,0
35251,1,20,1,0,68,3,75,1
26831,1,10,1,3461,6,3,4,0
44840,2,36,1,1454,47,25,8,0
1125,1,49,1,130,33,0,2,0
25982,1,39,1,0,26,0,5,0
42315,2,21,1,5000,22,0,4,0
16455,1,20,1,0,18,10,8,0
45756,1,44,1,5000,16,5,4,0
6428,1,20,1,15793,7,5,20,0
27935,1,23,1,0,2,0,8,0
30844,2,27,1,3000,6,0,2,0
30082,1,28,1,7722,8,1,10,0
15007,1,32,1,13000,12,1,12,0
34083,1,4,1,10105,88,6,11,1
40403,1,41,1,5350,34,0,12,0
47395,1,5,1,0,79,0,15,0
28704,1,35,1,3875,7,29,16,0
35849,2,41,1,6000,78,1,5,0
47721,2,44,1,836,21,0,7,0
29396,2,5,1,0,26,0,4,0
14580,1,16,1,11000,46,0,10,0
17901,1,23,1,5000,20,23,4,0
195,1,43,1,5879,4,31,17,0
48183,1,15,1,0,27,0,15,0
30800,1,39,1,7610,53,0,21,0
19220,1,5,1,0,48,5,2,0
46099,1,34,1,8347,59,0,19,0
2814,1,36,1,3000,15,0,2,0
20371,1,43,1,1233,13,0,9,0
6538,2,46,1,869,15,6,29,0
2665,2,49,1,4995,100,0,11,1
22857,2,29,1,0,16,60,21,0
11618,1,15,1,1639,14,1,2,0
2953,2,35,1,2484,7,0,5,0
45702,2,21,1,4000,72,0,3,0
12059,2,32,1,6000,100,20,5,0
29339,1,44,1,9385,100,0,39,1
45491,1,6,1,11000,24,2,10,0
26379,2,2,1,2776,4,15,5,0
27862,2,14,1,2140,100,15,5,0
10534,1,28,1,0,74,0,10,0
15459,1,23,1,5000,23,0,4,0
49677,1,46,1,5145,100,0,8,0
45505,2,29,1,3000,29,0,2,0
43502,1,36,1,3948,21,9,7,0
34624,2,49,1,7000,8,3,6,0
5505,2,29,1,5429,14,4,7,0
16257,1,5,1,0,57,0,5,0
9238,1,38,1,0,3,0,27,0
45503,1,29,1,0,5,0,5,0
7951,1,44,1,5000,26,1,4,0
13684,1,35,1,3976,35,0,4,0
15633,1,14,1,0,4,0,6,0
26307,2,35,1,1661,21,0,7,0
22072,2,5,1,3657,80,0,8,0
36753,1,5,1,8000,53,15,7,0
48321,2,39,1,5530,30,0,9,0
29279,1,38,1,5091,74,0,21,0
1632,2,35,1,4000,16,7,3,0
6109,2,45,1,5000,32,0,4,0
24340,1,6,1,9282,1,20,40,1
15815,2,5,2,1238,65,9,8,0
24384,1,24,1,0,10,0,4,0
26608,2,10,1,0,3,0,5,0
840,2,5,1,4000,3,0,3,0
11476,1,2,1,0,8,0,12,0
20627,2,4,1,3188,100,0,3,0
8280,2,36,1,0,63,10,2,0
30634,2,5,1,0,28,0,4,0
49341,1,5,1,0,10,5,2,0
42845,1,5,1,0,19,0,11,0
31545,1,49,1,174,5,3,5,0
29501,2,10,1,10149,12,3,13,0
47763,2,6,1,8953,19,0,8,0
8876,2,33,1,0,24,14,2,0
43098,1,11,1,7687,56,0,9,0
30915,2,36,1,12857,42,1,56,0
5686,1,5,1,2000,7,3,1,0
5734,2,10,1,0,9,3,7,0
30293,1,31,1,8000,4,0,7,0
11301,2,15,1,0,21,1,6,0
5599,1,17,1,0,22,11,6,0
2518,1,5,1,0,57,0,20,0
25780,1,11,1,2392,72,0,6,0
19826,1,44,1,4425,3,19,14,0
35670,1,23,1,16163,18,1,74,1
47049,1,27,1,8000,9,0,7,0
18332,1,10,1,7000,3,15,6,0
1847,1,49,1,493,14,0,53,0
18503,1,24,1,6000,23,0,5,0
20218,1,26,1,5369,4,1,15,0
40293,1,29,1,1042,40,2,6,0
34984,1,19,1,5829,9,0,6,0
27971,2,32,1,9000,13,3,8,0
28360,2,19,1,523,21,0,4,0
17902,1,5,1,0,87,0,14,0
27088,1,19,1,0,14,0,7,0
12441,1,40,2,7000,29,0,6,1
12595,1,12,1,4000,17,3,3,0
3198,2,46,1,3000,20,0,2,0
2866,2,44,1,0,14,22,6,0
23312,1,5,1,4000,62,0,3,0
19742,1,41,1,0,6,0,4,0
9453,1,20,1,0,5,37,26,0
34237,1,36,1,1988,3,0,6,0
1737,1,26,1,3000,13,0,2,0
45116,1,43,1,3000,13,0,2,0
28335,2,18,1,0,10,25,4,0
11758,1,29,1,0,7,0,6,0
34581,1,39,1,2442,2,0,6,0
7030,2,39,1,0,15,2,7,0
23579,1,48,1,4504,14,0,7,0
10860,1,41,1,262,12,1,21,0
38469,1,41,1,2418,82,0,6,0
16373,2,49,1,6000,36,0,5,0
14055,1,39,1,6896,12,0,15,0
38565,2,33,1,3327,48,0,3,0
34914,1,10,1,11348,8,0,37,0
49085,1,6,2,2000,100,0,1,1
1931,1,35,1,4398,12,16,4,0
46499,2,32,1,12700,9,0,24,0
1127,1,13,1,7060,17,0,7,0
14234,1,29,1,8000,20,0,7,0
44701,2,32,1,3442,14,2,13,0
30322,2,44,1,0,29,0,6,0
42698,2,10,1,0,17,10,5,0
7480,2,6,1,12000,28,0,11,0
29037,1,23,1,1833,2,0,25,0
12590,1,23,1,10323,18,21,75,1
44511,1,27,1,9000,12,0,8,0
13589,2,49,1,788,36,0,5,0
17307,2,10,1,8000,6,0,7,0
2889,2,25,1,0,66,0,3,0
46394,1,44,1,10274,16,0,10,0
22035,2,32,1,240,4,0,4,0
20138,2,12,1,4000,3,56,3,0
36455,1,25,1,5000,20,6,4,0
8878,1,44,1,3987,7,0,8,0
30443,2,15,1,342,10,0,7,0
29916,2,44,1,0,16,0,7,0
48716,1,24,1,0,58,0,6,0
36948,1,39,1,7000,4,0,6,0
8669,2,44,1,4000,100,2,3,0
31395,2,44,1,2740,29,0,2,0
41420,1,11,1,0,14,10,7,0
10241,1,7,1,4000,57,1,3,0
7597,1,18,1,3000,33,12,2,0
43331,2,26,2,790,7,0,7,0
8871,1,5,1,5000,100,0,4,1
7801,1,25,1,3000,23,7,2,0
21000,1,44,1,7829,42,3,13,0
13036,1,10,1,5510,6,24,6,0
19850,2,36,1,2118,4,29,25,0
5201,1,26,1,6000,28,0,5,0
38427,1,35,1,0,44,1,5,0
45464,1,19,2,0,39,0,7,0
33670,2,41,1,4000,96,0,3,1
40489,2,2,1,0,74,0,6,0
13161,1,38,1,0,10,7,3,0
5663,1,5,1,0,30,7,2,0
44311,2,44,1,13439,56,0,75,1
34268,1,44,1,6187,30,0,6,0
7956,1,39,1,1597,60,0,3,0
12969,1,39,1,0,23,1,4,0
49697,1,11,1,5434,84,0,6,0
42656,2,10,1,7911,14,0,8,0
30692,2,10,1,0,11,6,24,0
62,1,43,1,3000,32,0,2,0
33595,1,30,1,7000,3,0,6,0
12910,1,44,1,0,10,0,8,0
27718,2,29,1,8000,56,1,7,0
10828,2,45,1,5000,93,0,4,1
26232,1,36,1,10000,100,0,9,1
7780,1,5,1,0,5,0,3,0
40066,2,48,1,4703,6,11,10,0
10203,1,15,1,4331,71,7,5,0
1809,1,45,1,4000,7,0,3,0
37578,2,39,1,1943,58,0,2,0
42764,1,10,1,12280,37,0,12,0
22282,1,16,1,0,49,0,4,0
31943,1,36,1,5000,3,0,4,0
41615,1,15,1,0,40,17,11,0
10425,2,46,1,6077,15,0,46,1
13615,2,44,1,0,7,2,14,0
27270,2,10,1,4000,10,0,3,0
8421,1,46,1,0,26,15,3,0
33891,1,5,1,3078,27,8,7,0
32672,1,15,1,4000,6,19,3,0
10633,1,16,1,6726,15,1,13,0
30903,2,5,1,5000,62,0,4,0
3490,2,17,1,597,10,1,20,0
45941,1,46,1,5000,23,0,4,0
13959,1,38,1,6000,16,5,5,0
12204,1,5,1,0,10,0,3,0
28965,1,49,1,0,23,0,5,0
25287,1,45,1,0,26,0,13,0
9187,1,35,1,1291,12,0,4,0
17151,1,44,1,7000,15,4,6,0
43190,1,12,1,4391,18,0,14,0
15651,1,44,1,0,6,0,6,0
6659,1,46,1,6776,100,0,8,0
28375,2,27,1,4665,7,0,5,0
23880,2,10,1,2082,30,13,5,0
45459,1,5,1,1356,16,0,5,0
35088,1,49,1,0,23,17,6,0
41988,1,25,1,5000,80,0,4,0
32267,2,48,1,5517,14,0,9,0
42974,1,49,1,3000,40,6,2,0
1573,1,15,1,0,8,22,5,0
32570,1,5,1,0,7,5,5,0
35280,1,18,1,4000,27,0,3,0
46452,1,22,1,0,3,5,6,0
16125,2,5,1,3000,100,1,2,1
13432,1,46,1,0,29,3,4,0
6180,1,5,1,2201,3,2,6,0
32680,2,24,1,0,11,10,5,0
940,2,7,1,7276,11,7,14,0
29189,2,21,1,0,45,0,7,0
34756,2,48,1,4000,36,0,3,0
49312,1,5,1,4000,11,0,3,0
8826,1,6,1,1672,7,0,54,0
31073,1,10,1,1167,20,25,15,0
35211,2,5,1,0,4,0,4,0
15256,2,48,1,10415,14,2,19,1
42005,1,5,1,301,21,38,3,0
22854,1,25,1,0,16,0,20,0
46719,1,26,1,0,6,0,3,0
3461,1,29,1,0,12,0,10,0
49940,1,19,1,4000,26,0,3,0
6833,1,11,1,0,10,0,5,0
33011,2,3,1,5000,4,2,4,0
11307,1,33,1,5320,11,0,28,0
48620,2,17,1,9000,64,0,8,0
36074,2,15,1,0,11,0,8,0
28456,2,2,1,5239,8,0,18,0
27964,1,39,1,0,6,0,23,0
34855,2,44,1,303,80,15,3,0
35413,1,44,1,0,16,0,5,0
27701,2,19,1,0,5,0,18,0
38262,2,39,1,0,31,0,5,0
41280,1,5,1,4904,64,0,4,0
49226,2,11,1,7000,11,0,6,0
3022,2,29,2,3000,23,0,2,0
3221,2,31,1,4000,9,0,3,0
17938,1,17,1,0,100,0,3,0
23713,2,32,1,7049,12,0,10,0
151,1,29,1,673,9,25,2,0
12614,1,32,2,13000,2,24,12,0
18555,1,20,1,5000,20,0,4,0
35928,2,36,1,4472,15,0,30,0
31351,1,35,1,5000,2,0,4,0
46959,1,14,1,3135,36,0,5,0
42917,1,23,1,0,4,0,3,0
4679,2,29,1,0,25,0,2,0
31151,1,2,1,0,7,10,3,0
48473,1,16,1,2000,10,7,1,0
9732,1,20,1,7498,38,33,26,0
36353,2,35,1,10000,9,0,9,0
42835,1,46,1,0,31,4,7,0
26349,1,29,1,3000,27,6,2,0
29574,2,32,1,7000,30,0,6,0
45330,1,16,1,0,37,0,6,0
3930,2,18,1,11967,11,0,11,0
18456,1,6,1,0,53,0,38,0
19452,1,10,1,0,100,9,15,0
3299,1,23,1,5191,34,0,9,0
40427,2,20,1,0,12,0,6,0
43439,2,20,1,0,10,0,3,0
1490,2,36,1,7564,44,1,30,0
34591,1,9,1,0,39,0,5,0
28460,1,21,1,10680,14,15,13,0
31612,1,5,1,0,6,2,4,0
46539,1,44,1,0,26,7,7,0
21751,1,48,1,2826,25,0,2,0
10882,2,32,1,0,12,8,49,0
14674,2,44,1,5000,69,29,4,0
8479,1,12,1,0,53,1,3,0
27546,2,46,1,5483,85,0,7,1
33255,1,12,1,4913,2,0,5,0
32424,1,4,1,0,27,25,3,0
36419,1,9,1,7000,62,0,6,0
31166,1,5,1,4000,5,21,3,0
37801,1,29,1,3000,35,0,2,0
20533,2,17,1,4000,85,0,3,0
33937,2,38,1,5080,5,13,6,0
22469,1,46,1,0,36,0,5,0
20917,1,10,1,1872,5,0,14,0
46458,1,21,1,0,18,0,9,0
47694,1,23,1,0,10,1,14,0
284,2,49,1,0,30,16,3,0
9411,2,36,1,16689,100,13,17,1
5071,2,36,1,282,4,16,3,0
45663,2,4,2,3000,36,7,2,0
40846,1,35,1,1911,79,2,5,0
23543,2,5,2,6000,14,0,5,0
3634,2,48,1,5056,8,1,6,0
30495,1,10,1,4000,28,0,3,0
35043,1,44,1,8656,20,0,11,0
28959,1,46,1,6000,100,0,5,1
46492,2,4,1,0,15,2,9,0
9502,1,15,1,4000,43,0,3,0
8643,1,5,1,3330,6,0,3,0
37787,2,4,1,14566,19,11,30,1
34862,1,16,1,8278,11,1,10,0
12089,2,39,1,1266,51,1,10,0
33904,1,32,1,0,20,2,2,0
9012,1,5,1,0,17,15,3,0
16383,2,43,1,1166,3,36,3,0
4037,1,21,1,6000,10,0,5,0
6805,1,4,1,5000,26,0,4,0
46393,2,23,1,750,13,0,20,0
4610,1,45,1,0,4,11,16,0
48877,1,24,1,4000,10,0,3,0
31258,1,5,1,3000,1,0,2,0
587,1,11,1,4000,7,0,3,0
34496,2,25,1,0,3,0,10,0
31733,2,41,1,5000,100,7,4,0
3790,2,36,1,5000,100,0,4,0
47186,1,20,1,7000,9,0,6,0
1698,2,44,1,4000,8,9,3,0
42441,1,35,1,3740,78,0,60,1
33729,1,5,1,4185,4,0,9,0
48481,1,22,1,6000,43,3,5,0
30690,1,37,1,0,10,10,13,0
36692,1,39,1,0,54,4,6,0
49991,2,7,1,0,18,35,5,0
22133,2,48,1,0,22,0,8,0
7599,2,19,1,0,7,6,5,0
38400,1,48,1,0,100,10,49,1
36522,2,44,1,17000,16,0,16,0
45536,2,36,1,3000,37,0,2,0
12011,2,29,1,7000,82,0,6,0
11011,1,30,1,3085,6,1,3,0
27888,1,13,1,3498,33,8,35,0
16165,1,38,1,7000,24,0,6,0
17550,1,44,1,9000,1,43,8,0
16410,1,10,1,0,50,0,2,0
15732,2,35,1,4000,10,0,3,0
41674,2,19,1,5800,27,0,8,0
5991,2,5,1,5000,42,0,4,0
43891,1,5,1,15000,5,0,14,0
35692,1,20,1,1135,25,0,9,0
25941,1,23,1,13000,23,1,12,0
18850,2,48,1,0,23,2,5,0
6975,1,35,1,0,4,0,9,0
17320,1,44,1,0,2,0,7,0
10090,1,11,1,1715,22,0,8,0
43035,1,11,1,0,8,1,6,0
8239,2,27,1,0,15,2,3,0
36343,1,5,1,0,12,0,5,0
3505,1,44,1,12531,5,0,38,0
36286,1,5,1,7000,24,7,6,0
44130,2,21,1,8000,17,4,7,0
8962,1,44,1,8984,14,0,12,0
5330,1,5,1,9000,7,0,8,0
43092,1,5,2,0,8,0,13,0
44455,2,15,1,3000,8,0,2,0
27393,1,34,1,217,66,6,4,0
40296,2,24,1,9000,16,0,8,0
6661,1,28,1,2860,29,0,9,0
22762,1,11,1,0,30,0,6,0
21431,2,35,1,4000,5,3,3,0
9285,1,6,1,0,20,1,2,0
7290,1,32,1,0,11,0,5,0
45320,1,33,1,10135,17,23,29,0
36251,2,1,1,5000,21,0,4,0
3190,2,49,1,3799,14,7,5,0
37043,1,13,1,260,17,0,3,0
46573,1,11,1,4907,15,0,8,0
47824,2,44,1,7000,2,0,6,0
29950,2,46,1,2869,58,60,10,0
5261,1,5,1,4383,38,0,5,0
16158,2,32,1,2932,27,0,9,0
44712,1,37,1,4000,37,1,3,0
16116,1,44,1,6000,27,0,5,0
22023,1,39,1,10654,27,0,11,1
2266,2,35,1,8000,4,0,7,0
47344,2,17,1,11000,55,0,10,0
35303,1,35,1,3000,9,0,2,0
32435,1,19,1,5000,12,4,4,0
6753,1,45,1,8000,1,6,7,0
10802,2,2,1,4000,19,0,3,0
31587,2,39,1,5000,9,0,4,0
13934,1,44,1,1946,80,7,15,0
29142,1,5,1,11746,19,0,11,0
8782,1,44,1,12000,13,9,11,0
15212,2,32,1,0,10,0,8,0
25851,1,23,1,5000,56,2,4,0
24836,2,5,2,0,6,0,21,0
38858,2,13,1,13733,21,0,75,1
11266,1,16,1,2394,34,0,4,0
29659,2,44,1,698,13,8,2,0
30482,1,10,1,5000,76,0,4,0
34393,2,49,1,0,67,0,9,0
34177,2,18,1,3000,14,0,2,0
35245,1,11,1,0,6,2,7,0
6200,2,19,1,5000,9,0,4,0
18509,1,46,1,0,2,1,10,0
6888,1,2,1,12602,32,0,33,1
28986,2,5,1,5550,54,10,5,0
19102,2,44,1,3631,46,1,7,0
31457,1,41,1,0,16,0,3,0
15122,1,16,1,0,15,0,3,0
12142,1,5,1,0,86,4,5,0
21550,2,48,1,8000,39,7,7,1
13070,2,51,1,11250,14,1,11,0
24995,2,5,1,7445,39,1,10,0
36639,1,23,1,5000,11,0,4,0
42271,2,10,1,194,78,12,13,0
48932,2,10,2,3065,23,3,22,1
45738,1,16,1,0,63,3,6,0
23142,2,10,1,15000,16,0,14,0
9268,1,37,1,0,18,1,14,0
17300,1,5,1,3000,38,0,2,0
42536,2,35,1,5000,100,8,4,1
43656,1,35,1,0,37,0,24,0
19387,1,35,1,8427,15,0,27,0
24182,2,44,1,6000,40,5,5,0
21111,2,4,1,0,1,20,3,0
28192,2,23,1,2947,66,16,7,0
42741,1,25,1,2933,51,0,3,0
30225,1,5,1,3198,11,0,8,0
23272,1,23,1,5000,44,2,4,0
2583,1,43,1,7000,39,9,6,0
12904,2,11,1,0,11,5,3,0
23862,2,41,1,0,3,16,11,0
31944,1,31,1,0,5,0,5,0
48328,1,21,1,6000,19,0,5,0
11864,1,43,1,5000,9,4,4,0
35911,2,37,1,0,47,0,2,0
25265,1,29,1,9000,52,0,8,0
41827,1,37,1,6000,35,6,5,0
6922,1,43,1,2000,16,2,1,0
42060,1,46,1,1850,9,1,10,0
26546,1,16,1,5080,96,3,21,0
38595,1,4,1,3680,8,0,4,0
25083,2,37,1,8103,90,8,12,1
42711,1,20,1,0,10,27,27,0
30406,1,23,1,4000,29,0,3,0
21096,1,10,1,7000,23,0,6,0
39724,1,23,1,3000,11,2,2,0
21641,1,36,1,3000,21,4,2,0
7113,2,5,1,8000,35,0,7,0
43712,2,15,1,3000,6,17,2,0
36677,1,18,2,6718,20,0,6,0
46806,1,5,1,0,9,0,2,0
37629,1,48,1,4000,17,1,3,0
31995,1,7,1,5000,62,0,4,0
35832,2,11,1,693,23,0,4,0
27984,2,27,1,8000,30,0,7,0
27369,1,22,1,0,36,0,6,0
39707,2,5,1,11500,55,10,11,1
8972,1,24,1,13518,14,7,22,1
48551,2,15,1,5626,9,1,5,0
30711,2,7,1,6000,9,0,5,0
27311,1,35,1,4000,4,0,3,0
36698,2,48,1,0,24,0,5,0
18737,1,21,1,0,27,0,6,0
1535,1,15,1,6000,28,50,5,0
24297,1,35,1,0,6,0,10,0
14713,2,44,1,5000,34,0,4,0
35689,1,44,1,3974,98,2,7,0
18770,1,16,1,6000,16,0,5,0
29763,1,39,1,2920,11,5,12,0
40161,1,34,1,8000,44,2,7,0
33905,2,49,1,0,70,1,12,0
8547,2,44,1,3000,100,16,2,0
43972,1,11,1,2284,62,0,4,0
19327,1,15,1,6000,9,0,5,0
32467,1,2,1,5000,17,3,4,0
19496,1,10,1,5000,13,0,4,0
37024,1,43,1,0,29,0,4,0
1140,2,36,1,7992,100,0,48,1
37415,1,10,1,4000,8,2,3,0
34474,2,21,1,3000,9,8,2,0
22676,1,23,1,4505,86,0,39,0
12506,1,5,1,5000,100,0,4,0
45057,1,15,1,4000,25,0,3,0
3619,1,28,1,6000,40,0,5,0
39607,1,15,1,11000,7,3,10,0
34858,1,39,1,7000,14,0,6,0
49111,1,15,1,5000,20,0,4,0
7325,1,24,1,0,11,3,17,0
963,2,10,1,0,23,0,14,0
35314,1,26,1,0,10,0,3,0
30516,1,9,1,5000,41,0,4,0
25549,1,44,2,0,20,4,15,0
10836,1,44,1,6538,11,0,8,0
1976,1,21,1,7000,17,6,6,0
14766,1,5,1,0,44,0,31,0
48449,1,29,1,5000,37,42,4,0
37971,1,20,1,11000,9,0,10,0
39242,1,32,1,9000,22,7,8,0
40230,1,29,1,7775,12,0,10,0
41497,2,32,1,7000,41,0,6,0
40357,1,36,1,3000,17,27,2,0
8058,1,21,1,6287,19,0,10,0
45876,1,32,1,0,3,3,3,0
28207,2,46,1,0,100,0,10,0
34180,2,43,1,4000,33,4,3,0
24958,1,18,1,3836,26,0,5,0
26351,2,45,1,17000,17,0,16,1
5056,1,5,1,0,18,0,2,0
20587,1,5,1,3000,13,0,2,0
2679,1,18,1,10583,4,0,16,0
46057,1,36,1,10610,10,2,10,0
30289,2,48,1,0,32,0,3,0
20469,2,11,1,0,8,0,2,0
24518,1,48,1,0,4,0,9,0
49858,2,48,1,11000,77,0,10,0
24770,2,10,1,14000,4,0,13,0
2763,1,10,1,5000,14,2,4,0
12404,2,10,1,2875,8,0,4,0
13250,1,36,1,6705,10,0,14,0
40384,2,43,1,10612,81,0,16,0
21532,1,24,1,0,54,3,3,0
45684,1,33,2,0,6,6,2,0
39611,1,11,1,8000,100,26,7,1
42351,1,6,1,12000,8,0,11,0
32049,1,24,1,4000,53,14,3,0
6382,2,4,1,0,63,0,12,0
42415,1,5,1,3000,100,0,2,1
18093,1,44,1,0,11,17,17,0
38865,1,4,1,0,4,3,7,0
31000,1,35,1,5485,9,0,16,0
9989,2,46,1,0,22,1,2,0
42098,1,44,1,7517,11,1,55,0
33510,1,45,1,0,37,0,4,0
18436,1,4,2,7000,100,5,6,1
44220,1,15,1,0,57,3,6,0
17504,1,39,1,1455,16,0,5,0
41736,1,11,1,0,33,0,3,0
1418,1,5,1,1745,4,0,4,0
47551,1,44,1,6000,100,22,5,1
29843,1,4,1,5000,59,14,4,0
10312,1,11,1,9000,11,0,8,0
37557,2,2,1,6004,40,0,6,0
20848,1,23,1,0,43,7,14,0
19965,1,48,1,616,56,0,6,0
17854,2,15,2,0,19,0,4,0
29462,1,25,1,0,34,31,9,0
30542,1,21,1,3000,100,2,2,0
22778,1,25,1,6000,28,0,5,0
22634,2,11,1,5758,12,0,24,1
33485,2,26,1,8000,34,0,7,0
1487,1,10,1,5000,40,1,4,0
27336,1,11,1,0,29,0,11,0
30089,1,5,1,4000,22,0,3,0
2112,1,44,1,0,12,0,3,0
43717,1,35,2,4001,17,0,10,0
25056,1,10,1,0,18,0,68,1
13652,2,11,1,7000,9,0,6,0
11887,1,4,1,14000,10,0,13,0
13910,2,29,1,5000,8,4,4,0
3132,2,33,1,8428,56,11,12,1
19700,2,11,1,0,16,13,3,0
914,2,5,1,5000,40,2,4,0
31141,2,44,1,5000,4,0,4,0
23348,1,35,1,0,25,3,10,0
37753,1,32,1,7006,10,0,7,0
27877,1,33,1,6000,6,0,5,0
33487,1,10,2,6000,14,0,5,0
12430,1,29,1,6000,16,3,5,0
31452,2,15,1,2000,47,0,1,0
20893,2,37,1,4000,100,3,3,0
42006,1,10,1,5000,50,1,4,0
41386,1,44,1,7000,40,2,6,0
16431,1,48,1,3811,30,0,4,0
44226,1,5,1,8000,22,0,7,0
29265,2,45,1,14133,24,3,21,0
4083,1,17,1,11610,14,0,24,0
1332,1,11,1,7000,26,5,6,0
46095,1,43,1,9000,2,0,8,0
14544,1,26,1,12130,16,0,20,0
34491,1,48,1,0,7,0,3,0
44946,1,37,1,3000,100,1,2,0
49026,2,48,1,4000,14,3,3,0
13923,2,5,1,0,10,0,2,0
49027,2,42,1,6000,31,13,5,0
41941,1,24,1,4000,21,0,3,0
10531,1,35,1,3000,8,0,2,0
32957,1,10,1,8967,100,0,13,1
41288,1,2,1,5000,4,1,4,0
19003,1,44,1,5000,2,3,4,0
33029,1,5,1,0,25,5,13,0
11666,2,19,1,9025,66,0,15,0
30208,1,41,1,6000,73,0,5,0
17123,1,4,1,3666,25,0,5,0
43223,1,44,1,0,15,0,6,0
39778,1,21,1,0,3,4,3,0
36790,1,1,1,0,43,4,5,0
29825,2,17,1,4521,6,0,5,0
13368,2,5,1,0,51,60,3,0
4200,1,44,1,7000,100,0,6,0
28909,2,33,1,3320,20,0,9,0
41644,2,35,1,128,21,10,4,0
13607,1,5,1,0,51,3,7,0
18238,2,5,1,5361,30,0,29,0
24652,2,6,1,0,23,3,5,0
30880,1,5,1,5000,9,0,4,0
38416,1,46,1,16251,11,13,52,1
36582,1,10,1,0,12,0,3,0
17395,1,5,1,5000,17,0,4,0
18145,1,1,1,4000,17,3,3,0
9729,1,18,1,3000,30,14,2,0
30039,1,16,1,4000,53,17,3,0
35608,1,44,1,0,14,8,7,0
30640,1,5,1,1376,47,0,8,0
10348,2,44,1,5000,88,0,4,0
44046,2,5,1,5800,15,0,20,0
30468,2,36,1,6000,37,1,5,0
28043,2,25,1,3076,66,0,3,0
40978,2,11,1,4254,24,5,5,0
19146,1,9,1,4000,12,20,3,0
46326,1,44,1,4000,3,0,3,0
17164,2,23,1,11340,25,22,15,0
14146,1,39,1,1076,6,0,7,0
29131,1,49,1,5000,49,0,4,0
631,2,5,1,4000,11,0,3,0
6822,1,44,1,6000,3,8,5,0
2277,1,5,1,1580,47,0,4,0
14565,2,20,1,3000,14,16,2,0
21563,1,32,1,6000,12,6,5,0
40157,2,44,1,3719,16,0,18,0
44129,1,29,1,2275,55,13,17,0
4273,1,10,1,9153,7,0,16,0
7,1,3,1,2000,41,0,1,0
2146,1,5,1,9000,10,2,8,0
38974,1,15,1,1303,19,1,4,0
44231,1,7,2,2677,59,0,4,0
42714,1,32,1,7000,6,0,6,0
1700,1,19,1,0,28,2,4,0
39969,1,41,1,11894,76,0,23,1
38078,1,17,1,4000,27,0,3,0
39525,2,11,1,2158,38,3,15,0
44666,2,44,1,0,15,15,7,0
35433,2,6,1,2649,100,0,34,0
23252,2,5,1,5000,19,0,4,0
27667,1,5,1,3226,4,9,6,0
15551,1,29,1,3327,7,9,7,0
44078,1,36,1,3000,14,8,2,0
21957,1,17,1,6000,15,0,5,0
33727,1,18,1,0,18,1,9,0
15672,2,21,1,17637,18,8,17,1
48106,1,5,1,2014,35,5,3,0
7133,2,32,1,6000,40,0,5,0
26992,2,48,2,5000,18,21,4,0
40306,2,10,1,5000,11,0,4,0
28051,1,5,1,3519,3,0,4,0
3456,2,20,1,4000,80,5,3,0
20513,2,18,1,0,5,1,2,0
2736,1,36,1,6000,7,0,5,0
19720,2,10,1,7000,32,9,6,0
33138,1,43,1,0,5,3,16,0
39220,2,23,1,0,100,0,6,0
3215,2,26,1,4000,16,0,3,0
46554,2,29,1,3338,17,0,4,0
7639,1,20,1,0,84,18,4,0
30743,2,47,1,0,31,0,4,0
17689,2,44,1,3000,13,0,2,0
47204,2,46,1,8000,17,1,7,0
16659,1,5,1,8000,16,6,7,0
1722,1,19,1,1408,100,7,11,0
38513,1,23,1,10000,100,60,9,1
6434,1,34,1,5000,16,0,4,0
27061,2,36,1,0,14,6,3,0
26727,1,10,1,238,5,0,2,0
18755,1,10,1,1275,4,19,3,0
20278,2,10,1,0,32,3,12,0
32379,2,36,1,0,56,0,21,0
2095,1,44,1,3000,4,0,2,0
22030,1,36,1,0,14,60,19,0
14939,1,20,1,5794,4,0,5,0
6030,1,5,2,0,2,0,19,0
1865,2,5,1,1310,20,7,2,0
8351,1,43,1,0,100,7,3,0
47282,1,47,1,2759,35,0,16,0
30206,2,19,1,4000,12,0,3,0
24050,1,4,1,0,7,1,3,0
6995,1,11,1,2220,6,0,21,0
24030,2,29,2,10621,100,2,10,1
27296,2,44,1,4000,5,49,3,0
14936,2,5,1,4000,34,0,3,0
6133,1,36,1,4000,59,11,3,0
22646,1,3,1,4000,3,0,3,0
1403,1,35,1,8000,10,19,7,0
537,2,5,1,4000,5,6,3,0
5823,1,15,1,0,12,0,2,0
6349,1,11,1,12002,2,2,28,0
48292,2,11,1,0,6,0,4,0
48713,1,37,1,12000,5,0,11,0
8544,2,5,1,2309,46,0,18,0
19999,2,35,1,4954,8,1,17,0
38048,2,24,1,3000,11,11,2,0
7545,1,4,1,6871,23,6,24,0
1994,1,44,1,3027,12,0,7,0
32539,1,35,1,0,22,0,3,0
26411,1,44,1,0,58,2,8,0
41146,2,5,1,3000,24,7,2,0
6779,1,33,1,2348,21,4,2,0
5378,1,20,1,0,33,0,2,0
2400,2,15,1,952,1,18,5,0
43610,2,32,1,4594,23,5,4,0
32147,2,28,2,0,31,1,2,0
25878,1,16,1,5000,5,3,4,0
7101,1,32,1,4000,14,0,3,0
26736,1,35,1,3000,16,0,2,0
23423,1,29,1,983,12,0,3,0
39663,2,35,1,10000,100,20,9,1
37223,1,46,1,9500,100,0,14,0
49507,2,25,1,7597,11,0,17,0
6157,2,23,1,13906,7,0,18,0
2299,2,23,1,4000,21,0,3,0
25669,1,50,1,5726,57,0,7,0
27094,2,44,1,4000,60,0,3,0
6047,1,16,1,9588,86,11,19,0
36550,1,23,1,4000,16,2,3,0
26281,1,44,1,427,17,0,2,0
4266,1,5,1,3121,60,3,13,0
39384,1,5,1,3090,15,10,8,0
13543,1,39,1,5000,2,0,4,0
38804,1,6,1,0,20,0,13,0
4166,1,19,1,1553,21,0,4,0
26064,1,5,1,4000,100,0,3,0
10630,1,20,1,4000,54,9,3,0
37174,1,29,1,5000,80,33,4,1
1957,2,29,2,0,16,0,5,0
16672,2,46,1,2997,12,0,2,0
34036,1,23,1,10000,6,2,9,0
28417,1,10,1,3000,60,0,2,0
1732,2,29,1,4000,53,0,3,0
25765,1,44,1,0,61,0,5,0
31641,1,21,1,0,100,0,13,0
7782,2,3,1,0,74,15,2,0
19962,1,35,1,2002,25,1,4,0
32534,1,44,1,0,45,0,34,0
19194,2,44,1,0,10,0,11,0
18961,1,29,1,10586,56,0,13,1
35364,2,16,1,5000,6,2,4,0
38319,1,10,1,5000,1,14,4,0
23752,2,5,1,0,15,0,4,0
30259,1,49,1,7210,6,6,15,0
8114,1,35,2,9207,27,6,9,0
48563,1,25,1,4801,14,0,4,0
10792,1,5,1,4000,15,3,3,0
32835,1,5,1,0,19,0,1,0
25057,2,24,1,0,8,1,7,0
41777,1,46,1,3000,4,2,2,0
31982,2,5,1,7738,56,0,7,0
8195,1,44,1,5162,12,21,9,0
33192,1,5,1,2829,2,0,4,0
14382,1,5,1,5000,15,0,4,0
40921,1,11,1,7099,44,27,11,1
7235,2,36,1,9472,26,20,15,0
26989,2,44,1,9274,42,0,37,1
10070,1,19,1,9819,14,0,9,0
32281,1,15,1,0,8,1,11,0
35075,1,36,1,4000,100,0,3,0
34185,1,5,1,3000,22,6,2,0
29580,1,35,1,0,36,0,4,0
42111,1,28,1,13000,23,0,12,0
31145,2,44,1,9061,14,7,13,0
1167,2,10,1,1919,100,60,8,1
49835,2,45,1,0,8,0,5,0
35301,2,45,1,0,100,0,5,0
37354,1,23,1,0,6,4,2,0
48204,2,5,1,0,0,11,2,0
47543,1,24,1,2205,13,0,13,0
29854,1,37,1,8000,94,0,7,0
37188,2,49,1,5000,26,0,4,0
32391,1,31,1,0,73,0,7,0
17272,1,10,1,0,39,0,10,0
22931,2,35,1,4317,17,0,7,0
44195,2,39,1,3473,19,0,5,0
36809,2,25,1,1257,28,13,8,0
26795,2,28,1,14000,6,0,13,1
2270,1,10,1,0,9,0,56,0
23692,1,7,1,8000,10,12,7,0
28538,1,11,1,0,100,14,5,0
2446,1,40,1,11403,5,0,13,0
23183,1,25,1,4000,47,2,3,0
24070,1,10,1,4000,76,0,3,0
21848,1,24,2,4000,33,0,3,0
24758,2,5,1,9468,93,3,17,1
17984,1,5,1,0,86,0,4,0
19304,1,43,1,7386,68,0,16,0
18277,1,25,1,3000,7,0,2,0
47516,1,7,1,0,1,0,3,0
5408,1,4,1,4,25,0,10,0
2349,2,35,1,0,25,27,6,0
26361,1,5,1,3000,29,0,2,0
45209,1,42,1,6035,10,8,75,1
16508,1,6,1,0,48,0,2,0
33746,1,5,1,3484,16,0,11,0
27990,1,5,1,4000,3,0,3,0
32366,1,5,2,6000,14,0,5,0
9225,1,18,1,0,15,0,35,0
8371,1,4,1,3000,21,0,2,0
46801,1,5,1,5000,73,0,4,0
39142,2,29,1,0,18,0,15,0
9770,1,5,1,3000,11,0,2,0
31272,1,48,1,2988,4,7,4,0
9556,1,6,1,0,47,2,5,0
33646,2,39,1,4000,16,0,3,0
35138,1,11,1,0,5,0,10,0
22861,1,35,1,9000,10,0,8,0
7896,2,2,1,4000,12,0,3,0
34964,2,5,1,4000,54,3,3,0
38174,2,36,1,0,11,3,4,0
1789,1,5,1,3610,56,12,18,0
26477,2,16,1,2786,23,2,17,0
32996,1,5,1,2247,36,0,2,0
893,2,32,1,7000,8,0,6,0
14721,2,36,1,3992,100,0,9,0
31572,2,5,1,3064,28,7,44,1
6736,1,28,1,85,100,2,4,0
38671,2,23,1,0,20,0,4,0
18431,1,44,1,11513,11,28,12,0
18538,1,46,1,4454,16,2,8,0
431,2,29,1,4289,54,0,4,0
25628,1,4,1,8000,10,4,7,0
11190,1,22,1,6000,20,0,5,0
12709,2,19,1,0,19,1,6,0
9739,2,23,1,0,20,1,5,0
48874,2,18,1,12078,34,60,20,1
12031,2,35,1,2528,32,0,10,0
32823,2,15,1,4305,27,5,4,0
49637,1,19,1,0,21,0,20,0
1617,2,39,1,4000,18,0,3,0
2865,1,24,1,1584,5,1,5,0
253,2,25,1,59,28,6,7,0
7965,1,5,1,3000,23,15,2,0
27816,1,11,1,4000,26,2,3,0
677,1,43,1,1519,28,7,9,0
7097,1,11,1,3916,16,0,11,0
44810,2,5,1,11000,26,0,10,0
10874,2,29,1,7000,5,0,6,0
40078,1,35,1,6217,3,18,21,0
16530,2,5,1,7000,80,12,6,1
15983,2,23,1,3000,34,1,2,0
48975,2,46,1,5000,17,16,4,0
1671,2,16,1,13589,59,2,17,0
24274,1,26,1,3000,31,0,2,0
14274,1,5,1,6000,100,2,5,0
10613,1,44,1,6000,36,0,5,0
2645,1,19,1,3984,14,18,11,0
19388,2,48,1,8000,11,13,7,0
13572,2,15,1,3000,28,0,2,0
32648,1,29,1,5101,49,0,8,0
14425,1,7,1,3000,25,3,2,0
30951,1,4,1,8626,26,0,11,1
8297,2,45,1,5000,100,7,4,1
17051,1,16,1,4000,15,0,3,0
20905,1,23,1,5000,3,0,4,0
17916,2,15,1,4000,13,0,3,0
44944,1,44,1,1133,16,0,7,0
42549,2,44,1,0,6,4,15,0
48169,2,39,1,5000,10,25,4,0
38902,2,25,1,2838,42,0,36,0
9023,1,11,1,1425,6,0,9,0
8756,2,38,1,0,5,32,18,0
10596,2,25,1,0,6,0,3,0
44398,1,35,1,9000,16,0,8,0
46146,1,5,1,6355,5,0,9,0
34928,1,5,1,2281,3,0,6,0
38308,1,35,1,0,9,0,1,0
39601,1,1,1,5000,41,1,4,0
21042,2,35,1,3703,13,0,5,0
34635,2,48,1,904,11,8,7,0
29400,2,5,1,0,2,0,5,0
13427,1,25,1,4000,2,3,3,0
22765,2,29,1,2063,15,0,9,0
29454,1,35,1,9931,6,0,10,0
24305,1,44,1,0,7,1,11,0
37750,1,5,1,3000,44,0,2,0
44478,2,49,1,7000,2,17,6,0
47525,2,16,1,4000,10,0,3,0
23771,1,5,1,0,14,21,14,0
18222,1,4,1,3896,58,5,4,0
24222,1,21,1,14890,12,0,41,1
18107,1,37,1,5000,21,0,4,0
1054,1,10,2,4000,10,3,3,0
16357,1,5,1,5264,10,4,8,0
867,1,16,1,0,22,0,4,0
1975,2,45,1,0,16,1,3,0
45842,2,40,1,4000,2,0,3,0
4072,2,46,1,7000,3,0,6,0
48784,2,15,1,4000,37,0,3,0
42654,1,4,1,6030,12,0,13,0
9804,1,32,1,0,35,0,2,0
21994,1,32,1,0,43,0,11,0
16232,2,39,1,5451,53,2,7,0
48492,1,36,1,4000,20,41,3,0
20559,1,35,1,3199,80,14,13,0
13470,2,23,1,3000,21,0,2,0
44367,2,21,1,0,31,9,2,0
5735,1,5,1,0,12,0,2,0
18458,1,4,1,3228,47,0,21,0
14792,2,46,1,9695,12,0,15,0
45466,1,39,1,5000,3,0,4,0
32689,1,6,1,1633,100,0,9,0
10290,2,11,1,4042,19,1,25,0
46323,2,39,1,0,7,0,2,0
38920,2,5,1,7309,10,3,7,0
32415,2,5,1,230,19,0,8,0
47060,1,25,1,0,10,0,7,0
48277,2,13,1,8263,6,0,15,0
10942,2,24,1,5314,28,3,5,0
30905,1,22,1,0,36,5,4,0
12476,2,11,1,8000,6,0,7,0
18068,1,39,1,0,4,0,12,0
15591,1,15,1,8814,14,0,15,0
36068,1,10,1,1807,13,10,6,0
29236,1,5,1,7000,11,6,6,0
37977,1,10,1,4000,4,3,3,0
18598,2,6,1,3963,42,9,4,0
22216,2,12,1,0,6,1,4,0
25019,1,5,1,1950,21,2,23,0
9668,1,15,1,6000,12,0,5,0
533,1,39,1,2000,39,0,1,0
37226,2,2,1,8000,24,0,7,0
687,1,44,1,0,14,22,25,0
39187,2,10,1,7000,19,1,6,0
26327,2,46,1,0,12,0,6,0
16896,1,38,1,10000,21,0,9,0
18105,2,38,1,0,5,0,4,0
46170,2,4,2,0,5,0,4,0
41136,1,35,1,0,5,7,3,0
4700,2,25,1,8807,8,0,19,0
7183,1,39,1,0,100,4,2,0
44182,1,5,1,0,16,2,2,0
46338,1,11,1,0,32,0,8,0
6435,1,3,1,0,7,1,4,0
625,2,44,1,3000,29,0,2,0
43997,1,21,1,473,1,5,6,0
22590,2,37,1,0,8,3,8,0
14362,2,29,1,0,28,19,33,0
42684,1,5,1,4338,10,1,6,0
28071,1,35,1,18421,13,0,20,0
44832,2,36,1,0,100,0,3,0
14934,1,1,1,7000,70,0,6,0
929,1,28,1,4000,81,0,3,0
47678,1,46,1,6000,2,0,5,0
3674,1,6,1,3967,6,5,4,0
9352,2,12,1,3000,12,0,2,0
24963,1,48,1,11000,8,0,10,0
44802,1,18,1,0,9,0,40,0
35195,1,41,1,7000,11,4,6,0
5538,1,19,1,1019,4,0,1,0
22963,1,10,1,11340,21,28,12,0
22318,1,7,1,0,62,8,3,1
500,2,4,1,4000,40,1,3,0
9026,1,37,1,3000,4,0,2,0
25919,1,5,1,3761,20,5,4,0
48024,2,48,1,14511,72,0,15,1
16993,1,44,1,10000,67,0,9,1
25089,1,35,1,21000,3,33,20,1
5955,2,6,1,6000,20,0,5,0
6232,1,29,1,4000,27,0,3,0
39652,1,10,1,7225,77,0,35,1
46291,1,44,1,4455,25,8,14,0
1674,1,21,1,8000,21,2,7,0
38270,2,24,2,8216,21,0,10,0
26968,2,5,1,2026,20,8,7,0
18036,1,29,1,1103,26,0,33,0
32412,1,39,1,0,37,2,29,0
48528,2,24,1,0,46,12,7,0
45345,1,39,1,0,2,5,8,0
18110,1,37,1,3000,17,35,2,0
20714,1,5,1,9203,18,3,13,0
41772,2,32,1,0,42,16,4,0
24380,1,19,1,7000,9,9,6,0
6652,2,36,1,7000,100,0,6,0
13853,2,44,2,0,6,0,2,0
43142,2,19,1,1756,12,0,21,0
13823,2,32,1,4497,9,0,4,0
31484,1,35,1,13137,74,0,16,1
24423,2,2,1,4651,39,2,12,0
48073,1,46,1,0,5,0,8,0
18492,2,46,1,5000,27,10,4,0
15712,1,18,1,0,4,0,8,0
25013,1,2,1,3891,82,0,22,0
8060,2,46,1,4679,0,0,20,0
41760,2,49,1,0,12,0,6,0
27785,1,44,1,9985,4,2,12,0
28066,1,13,1,6000,4,28,5,0
19114,2,17,1,9773,16,3,9,0
36630,1,10,1,0,18,0,3,0
16498,1,36,1,4259,6,0,33,0
19708,1,16,1,0,8,4,12,0
44357,1,49,1,0,6,5,7,0
38298,1,5,1,4000,32,0,3,0
9200,1,32,1,8000,10,0,7,0
23928,2,24,1,5323,36,13,5,0
12679,2,5,1,6000,34,0,5,0
29696,2,44,1,15295,8,0,16,1
30186,1,17,1,0,27,1,5,0
11906,2,11,1,3000,16,6,2,0
17319,2,11,1,3896,21,0,14,0
18401,2,32,1,4000,8,0,3,0
20291,1,24,1,3561,57,47,7,0
12267,1,5,1,5000,12,0,4,0
2468,1,5,2,0,3,0,4,0
32166,1,44,1,0,14,54,3,0
262,1,19,1,903,2,5,67,0
46832,1,5,2,1561,73,0,12,0
26238,1,43,1,1103,8,0,10,0
30802,2,32,1,504,9,28,4,0
40974,2,43,1,2608,3,9,6,0
18342,1,5,1,0,3,0,11,0
35022,1,20,1,4000,100,0,3,0
28057,2,7,1,3000,100,0,2,0
38951,2,39,1,4000,20,0,3,0
11100,2,10,1,8755,28,12,26,0
44661,1,19,1,112,3,0,2,0
19840,1,39,1,3703,12,3,5,0
42489,1,43,1,0,16,29,12,0
26512,2,35,1,5130,27,5,12,0
12342,2,10,1,4000,23,5,3,0
8685,1,16,1,2940,11,0,9,0
20343,1,20,1,1129,100,0,5,0
36793,1,5,1,5000,44,17,4,0
37451,2,5,1,0,6,0,3,0
31388,2,46,1,2019,100,10,3,0
35867,2,3,1,6000,2,0,5,0
47405,1,46,1,460,76,0,5,0
48432,2,39,1,3000,8,7,2,0
20079,1,16,1,0,3,0,6,0
33115,1,20,1,8582,62,7,9,0
45647,1,15,1,0,43,0,4,0
49909,2,48,1,4312,11,0,6,0
15579,2,21,1,3709,5,0,4,0
5855,1,5,1,0,47,3,4,0
33580,1,41,1,0,29,4,2,0
8778,2,16,1,6000,38,12,5,0
18179,2,44,1,0,49,0,2,0
45458,1,44,1,8877,27,2,8,0
32195,1,5,1,0,10,1,17,0
17204,1,43,1,3631,5,5,6,0
9605,2,38,1,5462,40,1,5,0
42378,2,19,1,6000,30,0,5,0
26889,1,6,1,4214,10,16,13,0
9367,1,35,1,9000,14,15,8,0
40908,2,36,1,4000,27,0,3,0
38392,1,5,1,0,15,0,3,0
30782,1,36,1,14202,3,0,23,0
41040,2,1,1,5000,25,0,4,0
12264,1,25,1,0,6,3,11,0
1034,2,32,1,3000,26,4,2,0
594,1,6,1,7000,6,2,6,0
29891,1,24,1,401,15,2,11,0
45257,2,25,1,3645,100,0,18,1
9680,2,35,1,8140,19,0,17,0
44500,1,10,1,6284,48,0,22,0
16753,1,12,1,0,22,1,7,0
8225,1,37,1,0,36,0,20,0
32475,1,35,1,0,14,0,9,0
21239,1,19,1,846,7,6,2,0
12209,1,46,1,3627,100,0,4,0
34466,1,11,1,5774,51,0,11,0
27555,1,5,1,0,15,0,3,0
37097,1,40,1,0,16,0,6,0
11735,2,2,1,1500,3,0,2,0
34770,1,34,1,0,39,20,21,0
7452,1,12,1,4669,69,0,5,0
40345,1,10,1,7000,85,0,6,0
31113,2,28,1,540,4,0,5,0
2917,2,6,1,0,34,0,4,0
5605,1,23,1,3678,54,0,7,0
21127,1,41,1,0,38,0,23,0
1292,1,22,1,7000,33,18,6,0
3429,1,10,1,7240,4,2,9,0
4767,1,32,1,4000,11,1,3,0
21146,1,5,2,2264,5,0,4,0
38280,1,15,1,0,36,0,4,0
874,2,20,1,11288,1,1,38,0
27566,2,5,1,4000,13,0,3,0
37150,1,41,1,3715,65,14,7,0
4538,2,5,1,5000,31,0,4,0
35622,2,25,1,2966,10,0,3,0
1820,1,49,1,0,14,0,9,0
41602,2,44,1,0,73,2,6,0
15017,1,36,1,934,13,0,4,0
47521,1,44,1,0,71,0,2,0
28788,2,2,1,0,70,8,12,0
2023,1,44,1,0,5,0,3,0
45653,1,18,1,13260,43,0,13,0
48318,2,39,1,1542,11,2,4,0
30257,1,5,1,577,61,0,7,0
24780,1,35,1,20805,89,27,49,1
24580,1,24,1,12000,29,0,11,0
45204,1,10,1,5000,21,3,4,0
17048,2,23,1,0,54,0,3,0
43366,2,46,1,3000,9,26,2,0
33913,2,48,1,5250,14,0,5,0
41604,1,36,1,15493,12,6,29,1
14612,1,29,1,6000,10,0,5,0
49703,2,44,1,1294,15,21,4,0
13295,1,24,1,0,9,3,2,0
1929,1,16,1,1025,10,0,12,0
19385,1,44,1,4023,13,9,5,0
26801,2,32,1,7000,63,0,6,0
15634,2,24,1,0,15,0,4,0
44090,1,32,1,6000,37,0,5,0
9713,1,4,1,1486,35,0,3,0
18381,1,6,1,5576,21,1,14,0
7150,2,36,1,10000,49,2,9,0
14970,2,18,1,4000,44,15,3,0
27906,2,38,1,14000,27,1,13,0
14937,2,35,1,6488,2,0,23,0
28919,1,43,1,4764,88,0,10,0
43952,1,16,1,0,37,1,5,0
37184,1,45,1,6000,17,0,5,0
16529,1,15,1,3359,94,0,6,0
1662,1,44,1,3000,8,5,2,0
20066,1,16,1,5154,13,0,19,0
31483,1,15,1,551,100,17,5,0
3735,1,36,1,6000,48,0,5,0
37085,1,34,1,3807,46,0,7,0
25768,1,35,1,10693,43,0,23,0
37656,2,25,1,3252,22,0,22,0
2550,2,39,1,0,5,1,8,0
12605,2,42,1,14737,5,26,24,1
36424,2,10,1,9000,10,9,8,0
4105,1,10,1,3491,64,36,20,0
5069,1,44,1,0,53,0,3,0
43168,1,5,1,9987,11,0,10,0
47587,1,39,1,3000,29,4,2,0
39055,1,5,1,3851,100,5,11,1
26287,1,32,1,720,29,4,10,0
9168,1,19,1,8000,14,0,7,0
41768,2,3,1,3075,1,0,26,0
8471,1,31,1,0,100,0,4,0
25206,1,44,1,5749,20,0,75,1
46511,1,32,1,0,100,7,30,0
37760,1,15,1,3000,8,1,2,0
35481,1,20,1,0,5,0,3,0
4982,2,41,1,15000,20,0,14,0
31246,1,15,1,4000,9,0,3,0
43199,2,44,1,0,39,0,24,0
47977,1,5,1,704,27,2,5,0
44425,1,39,1,0,20,0,38,0
45595,2,36,1,5909,35,0,5,0
43225,2,10,1,4742,33,0,5,0
49036,2,7,1,6196,12,0,12,0
2306,1,15,1,0,13,1,3,0
37978,2,11,1,0,79,1,2,0
14356,1,3,1,5532,15,0,29,0
9929,2,20,1,11000,10,30,10,0
23748,2,16,1,1223,4,2,2,0
8046,1,37,1,10363,35,0,19,0
31200,2,29,1,4160,17,0,4,0
4786,1,35,1,3000,13,17,2,0
9593,1,10,1,8000,49,3,7,0
6976,2,5,1,5000,18,3,4,0
18366,1,44,1,0,28,0,13,0
12914,2,17,1,0,7,0,6,0
14494,1,8,1,0,6,8,17,0
47157,1,37,1,8000,19,0,7,0
37560,1,23,1,11000,9,0,10,0
7402,1,6,1,0,30,1,9,0
41838,1,5,1,8000,34,0,7,0
6574,1,35,1,18000,19,0,17,0
13095,2,29,1,6000,50,0,5,0
6179,2,2,1,3187,9,0,6,0
585,2,35,1,3819,100,0,5,0
44721,1,13,1,9000,15,13,8,0
39146,1,5,1,4079,100,0,12,0
5327,2,5,1,692,9,55,2,0
37405,1,26,1,0,4,14,8,0
28966,1,35,1,5000,36,0,4,0
18237,1,36,1,7000,100,0,6,0
22313,2,20,1,5482,8,0,5,0
38311,1,5,1,13381,25,0,29,0
47290,2,20,1,5025,32,0,24,0
12896,1,41,1,0,100,0,6,0
35820,2,5,1,4000,100,0,3,0
424,2,13,1,12280,100,0,32,1
24868,2,21,1,0,75,0,13,0
13748,1,10,1,11109,5,2,42,1
26396,1,37,1,7000,63,0,6,0
35871,1,3,1,3000,9,0,2,0
43495,1,11,1,5000,8,3,4,0
12556,1,38,1,0,11,5,42,0
23271,2,5,1,7000,10,0,6,0
42187,2,5,1,4000,6,12,3,0
29742,1,5,1,7936,24,0,8,0
5748,2,5,1,0,20,13,3,0
4742,2,3,1,21576,10,7,23,1
44153,2,43,1,0,19,2,5,0
8963,1,44,1,3000,55,0,2,0
39570,1,25,1,5550,28,0,8,0
10318,1,19,1,12763,14,2,31,0
251,2,29,1,0,16,34,5,0
24130,2,35,1,7680,18,7,26,0
11874,1,15,1,7000,7,0,6,0
6419,2,5,1,4878,7,0,4,0
49938,1,29,1,7000,92,0,6,0
47848,2,25,1,13638,13,0,13,0
33386,1,36,1,5000,17,1,4,0
38759,2,44,1,6469,33,4,7,0
29732,1,5,1,2291,75,5,3,0
15032,1,15,1,4578,6,0,15,0
39,1,5,1,5000,14,0,4,0
34903,1,49,1,7417,11,8,10,0
2693,1,24,1,3039,4,0,3,0
19383,1,37,1,9000,26,0,8,0
40891,1,5,1,13429,25,0,16,0
2256,1,35,1,6000,27,2,5,0
19663,1,39,1,0,100,19,4,0
39459,1,20,1,5237,1,0,5,0
21287,1,23,1,0,95,0,6,0
22970,2,5,1,0,36,0,5,0
22648,2,39,2,0,7,6,4,0
41434,1,5,1,4784,8,0,13,0
33644,1,5,1,4000,24,0,3,0
20349,2,5,1,5000,11,2,4,0
14468,2,47,1,7000,5,0,6,0
28159,1,39,1,5000,38,0,4,0
27922,1,49,1,11000,66,6,10,1
21212,2,26,1,0,12,0,60,0
13733,1,7,1,5000,8,0,4,0
11097,1,17,2,4000,17,5,3,0
26739,1,5,1,8965,13,0,10,0
36870,2,5,1,7000,12,0,6,0
506,2,5,1,4793,10,0,17,0
44390,1,11,1,4433,42,0,12,0
32119,1,4,1,13000,71,0,12,1
42922,1,10,1,8882,20,0,25,0
1101,2,5,1,0,7,0,9,0
46668,1,5,1,5000,0,13,4,0
36590,1,43,1,5000,50,6,4,0
32508,1,38,1,3000,22,0,2,0
44074,2,5,1,4606,61,0,19,0
22812,1,43,1,2371,19,0,3,0
35354,2,35,1,0,48,0,10,0
40729,1,29,1,19969,38,0,20,1
25610,1,4,1,5000,24,24,4,0
1609,1,44,1,9853,98,0,14,1
38879,1,35,1,1773,31,9,4,0
32495,1,5,1,1709,14,0,4,0
20444,2,24,1,0,47,0,8,0
17847,1,15,1,4000,17,13,3,0
20869,1,43,1,3000,12,0,2,0
10736,1,35,1,8000,28,30,7,0
5383,1,23,1,0,1,0,9,0
20866,1,29,2,1184,23,35,3,0
13105,2,10,1,5315,56,9,5,0
15687,2,32,1,0,69,0,4,0
48673,2,32,1,0,6,1,10,0
31519,2,20,1,12000,7,0,11,0
9622,2,3,1,20235,68,0,24,1
11236,1,44,1,0,12,2,2,0
20286,1,41,1,0,17,0,5,0
20242,1,11,1,3884,14,0,3,0
18476,2,24,1,0,0,2,4,0
6432,1,21,1,0,38,0,3,0
41662,1,15,2,10000,19,0,9,0
47541,2,44,1,5000,30,0,4,0
5926,2,5,1,5000,75,0,4,0
43100,1,32,1,8000,4,0,7,0
26644,2,5,1,15000,12,0,14,1
17796,2,5,1,2139,9,10,14,0
14872,1,10,1,0,3,12,7,0
1431,2,46,1,0,6,7,7,0
39636,2,10,1,5000,18,3,4,0
39040,1,40,1,0,69,0,4,0
45847,2,20,1,0,7,0,42,0
28305,1,17,1,4000,6,0,3,0
14506,1,32,1,11000,18,0,10,0
13626,1,24,1,3000,83,3,2,0
26995,1,39,1,0,52,1,12,0
622,1,34,1,8001,100,5,16,0
21715,2,15,1,13297,1,11,24,1
49029,2,33,1,5000,44,0,4,0
33280,1,16,1,5000,70,0,4,0
12236,2,5,1,7822,100,18,18,1
42975,1,44,1,3000,3,0,2,0
31794,2,44,1,6600,42,0,9,0
16000,1,46,1,4000,100,0,3,0
7265,2,48,1,0,57,0,43,1
14239,1,14,1,0,61,2,11,0
25455,1,36,1,5503,35,9,6,0
36833,2,25,1,4000,18,1,3,0
12797,1,44,1,2000,81,0,1,0
40535,2,44,1,9000,27,7,8,1
48416,1,36,1,18000,3,0,17,1
749,1,46,1,0,2,0,8,0
16346,2,5,1,7834,3,0,13,0
218,2,11,1,0,96,0,10,0
32589,1,20,1,400,20,6,4,0
20193,1,5,1,4000,9,3,3,0
42468,1,35,1,0,19,0,3,0
45313,2,25,1,4000,18,1,3,0
36459,2,45,1,2000,61,0,1,0
47549,1,24,1,0,22,15,12,0
21071,1,44,1,0,6,0,7,0
12419,2,21,1,5000,31,0,4,0
15960,2,35,1,14055,19,0,16,1
32654,2,39,1,1725,54,0,12,0
7539,1,2,1,10000,18,8,9,0
14402,1,31,1,5000,24,0,4,0
42786,1,31,1,9000,92,0,8,0
17162,1,39,1,0,17,0,12,0
8482,2,44,1,0,36,0,3,0
7322,1,35,1,0,36,0,25,0
30060,2,15,1,3346,26,0,4,0
13758,1,30,1,5000,9,7,4,0
47845,1,5,2,0,34,0,2,0
8511,2,5,1,7312,76,8,75,1
23331,2,35,1,4000,30,2,3,0
7340,2,33,1,0,4,2,6,0
35862,1,49,1,776,20,0,3,0
39530,1,23,1,8150,5,0,21,0
7520,2,6,1,3000,25,0,2,0
2944,1,10,1,5000,3,16,4,0
41711,1,18,1,679,29,0,9,0
2617,2,29,1,220,17,9,8,0
49962,1,20,1,9740,21,0,68,1
23150,1,43,1,10000,29,3,9,0
36655,1,18,1,3594,7,5,4,0
47692,2,4,1,0,18,6,5,0
42923,2,6,1,3000,26,3,2,0
27291,2,44,1,0,16,1,11,0
49373,2,11,1,7267,18,2,7,0
7145,1,21,1,0,66,0,19,0
6927,1,36,1,0,46,6,3,0
5924,1,20,1,5000,9,2,4,0
1860,1,2,1,6000,23,0,5,0
22199,2,10,1,4000,14,6,3,0
43162,1,5,1,3000,20,5,2,0
38931,2,48,1,5000,12,2,4,0
7653,2,44,1,9000,6,0,38,0
23470,1,11,1,3000,16,0,2,0
32210,2,35,1,2223,36,0,3,0
6537,1,10,1,5168,40,0,35,0
41773,1,44,1,0,19,0,58,0
24248,1,44,1,8000,17,0,7,0
9314,2,2,2,0,17,5,10,0
26517,1,15,1,8000,5,0,7,0
37296,1,44,1,10581,15,15,11,0
5698,2,21,1,1394,99,5,1,0
40002,1,1,1,9246,21,0,21,0
28509,1,11,1,5875,11,1,6,0
12478,2,21,1,0,14,60,15,0
49580,1,15,1,14000,100,0,13,0
35367,1,5,1,3086,22,15,10,0
4153,2,34,1,4000,20,0,3,0
32596,1,48,1,1634,11,0,10,0
28994,2,10,1,0,23,3,4,0
27508,1,39,1,0,13,4,22,0
14683,1,10,1,9622,34,0,25,0
22497,1,36,1,6000,20,0,5,0
2604,1,36,1,0,100,4,6,0
9793,2,46,1,11000,6,4,10,0
35779,2,15,1,306,25,5,6,0
9106,2,3,1,6000,100,1,5,0
8322,1,5,1,0,32,0,3,0
39346,1,49,1,7000,40,0,6,0
7162,2,37,1,0,24,0,5,0
35059,1,19,2,7261,3,0,13,0
46009,2,16,1,4281,45,51,62,1
24007,1,7,1,11458,23,0,12,0
30839,1,35,1,0,17,0,13,0
42355,1,5,1,3000,29,1,2,0
34992,1,35,1,5000,19,0,4,0
48614,2,5,1,812,2,0,9,0
29452,1,44,1,5108,35,0,10,0
10540,1,7,1,1376,7,0,11,0
42687,2,44,1,0,28,0,7,0
1851,1,10,1,0,29,0,19,0
3800,2,14,1,8933,22,0,23,0
37713,1,44,1,4998,38,11,10,0
33918,1,18,1,891,100,28,4,0
44866,1,19,1,831,6,0,21,0
33113,2,45,1,5592,29,4,17,0
33364,2,5,1,1235,77,1,24,0
37687,1,5,1,2096,22,6,3,0
29875,1,5,1,10009,54,2,10,0
39114,1,3,1,10156,15,0,30,0
39899,2,46,1,6000,44,1,5,0
46645,1,10,1,1911,4,0,5,0
22956,1,34,1,10210,6,2,24,0
14945,1,13,1,11000,27,19,10,0
9193,1,8,1,4000,15,3,3,0
7391,1,41,1,2284,5,0,3,0
23243,2,4,1,3000,24,0,2,0
40797,1,10,1,5000,22,0,4,0
31092,2,5,1,0,17,0,7,0
7041,1,23,1,4000,29,2,3,0
16928,1,5,1,0,26,0,3,0
22050,1,44,1,0,20,0,12,0
36300,2,35,1,0,4,0,10,0
47057,1,10,1,2000,3,6,1,0
39084,1,23,1,7000,19,0,6,0
32319,1,5,1,7000,48,6,6,0
15748,2,10,1,3973,10,0,17,0
24930,1,10,1,8000,18,40,7,0
9684,1,10,1,8879,95,0,15,1
35160,2,32,1,0,5,8,13,0
9937,1,29,1,4000,100,0,3,0
32717,2,12,1,1642,63,0,3,0
41200,1,36,1,0,7,10,3,0
31929,1,28,1,5000,100,0,4,0
32123,1,2,1,6000,31,1,5,0
37435,1,18,1,5000,5,0,4,0
48863,2,15,1,7000,49,2,6,0
46987,2,19,1,0,11,4,39,0
31629,2,4,1,7000,67,0,6,0
21617,2,24,1,0,29,0,6,0
41705,1,43,1,3533,26,0,10,0
26074,1,21,1,8000,41,2,7,0
42879,2,26,1,0,92,0,11,0
22775,2,14,1,4000,47,9,3,0
11522,2,39,1,10853,11,7,10,1
31259,2,45,1,6975,100,0,26,0
13215,1,10,1,1736,19,0,6,0
42446,2,38,1,14000,8,0,13,0
27319,1,15,1,10000,100,7,9,1
29901,1,5,1,13196,6,0,15,0
28361,1,15,1,6231,8,0,23,0
20417,1,5,1,1297,19,0,9,0
27306,2,10,1,8211,42,2,13,0
16818,2,43,1,0,52,0,5,0
34508,1,44,1,6000,14,0,5,0
39169,1,33,1,4667,2,0,16,0
15898,2,43,1,0,8,0,11,0
34573,2,43,1,0,12,5,14,0
6197,2,25,1,4642,4,6,10,0
41746,2,10,1,7123,13,0,20,0
42215,1,18,1,3000,98,13,2,1
11343,1,5,1,7148,41,6,19,0
14515,1,32,1,3522,14,0,3,0
28628,1,5,1,8000,16,0,7,0
47322,2,44,1,7000,7,0,6,0
46710,1,44,1,18468,99,0,23,1
19697,2,48,1,3856,15,2,9,0
16983,1,44,1,6748,47,0,17,0
14541,2,49,1,4493,8,3,11,0
1228,1,43,1,1265,4,0,2,0
10051,2,23,1,4993,13,0,4,0
35173,1,49,1,6000,10,2,5,0
42915,2,39,1,0,23,0,12,0
7176,1,49,1,0,23,0,4,0
32470,2,15,1,4000,8,0,3,0
41750,2,37,1,4000,6,4,3,0
18003,1,32,1,5251,26,18,22,0
5081,1,48,1,0,22,0,3,0
1184,2,4,1,9492,14,16,25,0
28499,2,19,1,7000,29,0,6,0
280,2,16,1,4934,29,0,5,0
35645,1,32,1,9000,100,0,8,0
23767,1,36,1,6041,61,3,9,0
33471,1,20,1,4522,32,0,11,0
18903,1,13,1,0,55,3,25,0
45044,2,5,1,6000,3,58,5,0
24027,2,5,1,0,29,0,2,0
14604,2,2,1,0,45,3,7,0
38732,2,10,1,10414,52,30,26,1
28570,1,35,1,0,57,0,1,0
11772,2,44,1,739,30,1,3,0
2831,2,43,1,14169,35,0,14,0
5342,1,39,1,0,15,0,3,0
2035,2,3,1,2818,98,10,6,0
41385,2,32,1,4000,26,0,3,0
44564,2,24,1,5000,54,0,4,0
25938,1,15,1,2003,91,0,3,0
2327,1,26,1,0,6,4,7,0
46239,1,19,1,13697,16,0,13,0
3694,1,44,1,7000,3,37,6,0
10389,2,46,1,5000,49,1,4,0
1401,1,23,1,4000,34,0,3,0
39135,2,39,1,0,19,4,6,0
17037,2,44,1,0,17,4,4,0
42280,1,18,1,4553,100,7,4,1
3917,1,38,1,7000,7,1,6,0
33657,1,36,1,3000,8,0,2,0
16578,1,39,1,3779,15,0,9,0
21457,1,21,1,6000,10,9,5,0
34758,2,10,1,14520,42,11,14,1
41800,2,43,1,9140,8,1,12,0
2731,1,11,1,4000,2,9,3,0
48351,1,39,1,5000,35,1,4,0
20511,2,10,1,4729,67,0,5,0
5412,1,35,1,7035,23,6,8,0
3641,1,5,1,0,19,0,14,0
37121,2,5,1,0,42,0,22,0
17281,1,47,1,3000,13,0,2,0
14014,2,44,1,0,100,21,37,0
32902,1,19,1,6000,9,0,5,0
4278,1,23,1,0,17,0,6,0
47841,2,6,1,3000,5,0,2,0
27096,1,46,1,2280,19,9,6,0
35765,1,16,2,0,19,1,2,0
31307,1,15,1,1595,42,6,3,0
6312,2,23,1,7000,35,12,6,0
38777,1,21,1,6000,5,0,5,0
17701,1,23,1,8000,51,0,7,0
30575,1,34,1,0,16,0,14,0
17709,1,29,1,5000,17,2,4,0
18599,2,16,1,8323,26,15,39,0
48119,2,39,1,0,25,3,9,0
19244,1,13,1,674,21,0,8,0
2182,2,48,1,1970,53,2,11,0
10281,1,23,1,0,1,1,3,0
15695,1,5,1,4000,62,4,3,0
15398,1,39,1,0,6,0,4,0
35782,1,15,1,0,8,3,4,0
44970,2,5,1,6000,78,16,5,0
11211,1,2,1,10302,15,0,12,0
14241,1,44,1,8588,100,0,8,0
44894,1,44,1,8000,6,0,7,0
36874,1,43,1,0,100,12,8,0
1166,1,6,1,3000,9,0,2,0
30325,1,5,1,18232,24,30,23,1
20347,2,10,1,6000,11,0,5,0
4158,1,44,1,2804,31,0,13,0
40338,1,13,1,8000,24,0,7,0
48187,1,15,1,6150,52,8,19,0
37301,1,48,1,5000,11,0,4,0
8240,1,36,1,4677,13,0,21,0
9061,2,15,1,5000,100,0,4,1
1953,2,10,1,0,20,4,15,0
43698,2,44,1,739,5,43,7,0
43483,1,35,1,11731,8,14,22,1
36243,1,46,1,3298,23,0,7,0
35514,1,24,1,3687,20,8,9,0
38081,2,19,1,0,3,0,2,0
36598,1,11,1,0,13,0,10,0
18573,2,32,1,0,6,1,18,0
23920,2,10,1,3000,58,0,2,0
6632,2,35,1,3000,18,1,2,0
6391,1,35,1,475,41,0,12,0
6651,1,44,1,0,3,0,15,0
34341,2,3,1,3654,100,0,9,0
21736,1,36,1,0,32,0,12,0
30041,1,39,1,2776,9,6,2,0
33628,2,6,1,6000,51,1,5,0
20083,1,43,1,9666,14,0,18,0
42125,1,10,1,0,56,7,16,0
42097,2,5,1,1696,10,12,11,0
30632,2,35,1,5000,99,0,4,0
12567,1,10,1,3519,19,0,6,0
8977,1,49,1,8339,32,2,27,1
43939,1,39,1,14000,20,36,13,0
9021,1,21,1,12000,39,0,11,0
49305,1,49,1,621,37,60,3,0
23389,2,25,1,0,6,31,18,0
19940,1,48,1,3000,10,1,2,0
15517,1,44,1,7000,14,0,6,0
24671,2,34,1,0,8,0,8,0
38073,1,23,1,4000,17,0,3,0
18103,2,44,1,7000,20,0,6,0
10394,2,39,1,3000,56,0,2,0
12436,1,5,1,0,42,0,4,0
15215,1,43,1,7786,23,0,9,0
39612,1,32,1,4000,13,0,3,0
25900,1,14,1,9618,92,5,11,0
17236,1,5,1,4000,7,10,3,0
39044,1,23,1,5000,16,8,4,0
3106,1,44,1,16000,5,0,15,0
42630,2,44,1,2000,3,0,1,0
30990,1,5,1,4000,7,7,3,0
24251,1,35,1,4467,10,19,4,0
45323,2,17,1,0,38,32,4,0
15554,1,38,1,3000,1,11,2,0
49063,1,32,1,4371,19,4,4,0
18656,1,31,2,4000,70,0,3,0
9094,1,25,1,8107,27,0,8,0
2332,1,9,1,5000,74,0,4,0
48686,1,24,1,6000,47,6,5,0
11683,2,41,1,8000,53,0,7,0
46448,2,5,1,573,22,17,3,0
580,1,44,1,0,72,0,3,0
20776,1,46,1,12000,63,16,11,1
48786,1,19,1,6000,39,2,5,0
7357,1,24,2,5000,9,0,4,0
20425,1,5,1,4000,14,3,3,0
19646,1,46,1,6000,10,4,5,0
37454,2,23,1,620,11,0,9,0
25115,2,3,1,6000,89,0,5,0
35042,2,20,1,589,39,0,2,0
48304,1,27,1,5830,20,0,8,0
48918,1,39,1,7000,65,12,6,0
13153,1,5,1,3000,14,0,2,0
24101,2,2,1,3938,29,3,6,0
14887,2,44,1,3756,77,0,6,0
5995,1,5,1,796,22,0,2,0
30111,1,10,2,3076,57,0,8,0
30362,1,16,1,11302,18,0,32,0
13243,1,32,1,8000,45,1,7,0
1318,2,39,1,0,12,0,9,0
6810,1,36,1,983,14,8,3,0
9142,1,1,1,0,22,0,4,0
44233,1,29,1,5087,13,2,7,0
42055,1,13,1,0,6,17,5,0
32630,1,49,1,3375,63,0,5,0
20205,2,10,1,105,8,0,4,0
30923,1,19,1,268,21,0,6,0
7407,1,39,1,2569,7,0,7,0
49095,1,29,1,3000,7,5,2,0
35219,2,46,1,1725,39,0,30,0
18843,2,35,1,2602,8,0,7,0
26857,2,16,1,8669,12,0,10,0
17521,1,48,1,4000,100,1,3,0
36258,1,11,1,9512,9,0,12,0
38376,2,10,1,2325,43,0,8,0
16148,2,4,1,3933,41,0,27,0
40926,1,11,1,0,86,0,9,0
39498,1,37,1,8265,100,17,10,0
18717,1,39,2,1252,23,0,6,0
24109,1,17,1,7000,11,9,6,0
4181,1,35,1,0,18,0,3,0
18957,2,41,1,4379,3,0,20,0
37705,2,25,1,8223,100,7,11,1
48298,1,49,1,5912,10,2,9,0
46420,2,29,1,3587,35,0,4,0
44775,1,25,1,3000,100,7,2,0
25828,2,11,1,1852,5,0,4,0
7307,2,10,1,3771,28,0,3,0
3116,2,7,1,12000,10,0,11,1
21350,2,39,1,3413,20,7,4,0
23894,1,50,1,2919,68,2,3,0
17174,1,5,1,9000,39,7,8,0
4423,1,10,1,1285,6,0,11,0
8896,2,29,1,0,18,0,11,0
11467,1,48,1,6907,55,21,24,0
46867,1,4,1,4000,15,0,3,0
49381,1,23,1,4000,19,0,3,0
20322,2,32,1,4315,19,13,7,0
43569,1,46,1,5712,17,17,7,0
46768,1,35,1,4000,6,0,3,0
43611,2,31,1,6000,4,19,5,0
37544,2,11,1,0,28,4,24,0
32496,2,36,1,863,25,0,2,0
2151,2,43,1,5483,8,0,10,0
18160,2,44,1,4000,13,0,3,0
32163,2,49,1,0,6,0,4,0
43776,1,21,1,0,7,7,6,0
32439,2,31,1,4253,22,2,5,0
15125,1,39,1,602,19,0,5,0
25312,2,13,1,4000,35,6,3,0
9635,2,19,1,3131,39,0,5,0
3844,1,44,1,7000,7,6,6,0
41302,1,39,1,4000,5,0,3,0
38568,1,27,1,1555,30,49,6,0
1272,2,32,1,0,11,2,2,0
43357,1,35,1,5558,43,20,12,0
41427,1,44,1,6000,49,0,5,0
28102,2,36,1,4593,36,13,5,0
2070,2,6,1,4000,14,3,3,0
40106,1,36,1,3000,24,3,2,0
38407,2,5,1,5000,4,0,4,0
7428,2,15,1,2371,11,0,12,0
18978,1,43,1,7000,4,0,6,0
5876,1,43,1,7000,100,7,6,0
33977,2,29,1,16499,100,0,19,1
24987,1,32,1,6181,34,0,8,0
47497,1,19,1,0,12,0,2,0
14696,1,48,1,6000,45,0,5,0
17690,2,5,1,3000,6,13,2,0
29044,1,21,1,3000,27,13,2,0
5116,2,21,1,3000,7,1,2,0
32573,1,17,1,8260,73,0,13,0
16689,2,10,1,3000,15,0,2,0
21889,2,3,1,0,21,0,7,0
2732,1,13,1,0,29,0,2,0
21285,1,48,1,6648,9,0,7,0
5542,2,35,1,3000,5,0,2,0
43192,1,39,1,643,18,0,9,0
43774,2,44,1,0,69,9,3,0
22347,1,16,1,4902,91,0,4,0
43828,1,2,1,7000,100,60,6,1
49433,1,5,1,7000,100,10,6,1
33579,2,5,1,8000,11,0,7,0
15143,1,10,1,0,3,1,2,0
31408,1,36,1,5000,26,0,4,0
31620,2,15,1,7000,3,3,6,0
33874,1,44,1,6880,18,0,19,0
37049,2,36,1,5866,28,11,15,0
27988,1,28,1,0,16,1,7,0
16146,2,5,1,8965,100,0,17,1
1504,1,39,1,3619,37,0,11,0
46789,1,48,1,6000,22,1,5,0
49549,1,15,1,8975,2,1,20,0
903,1,28,1,24422,17,0,43,1
31331,1,38,1,0,43,0,2,0
21855,1,25,1,6000,38,0,5,0
19592,1,17,1,6000,7,0,5,0
8597,2,10,1,2553,28,0,6,0
9058,1,15,1,0,17,4,4,0
48426,2,44,1,7000,17,2,6,0
7360,1,10,1,4000,7,0,3,0
648,1,35,1,6000,27,0,5,0
36521,2,4,1,4425,22,0,15,0
25963,1,5,1,3652,15,9,17,0
45752,1,4,1,4361,100,0,5,0
26255,2,2,1,6000,7,0,5,0
27185,2,34,1,0,32,16,3,0
44637,1,44,1,0,17,13,5,0
49833,2,13,1,0,42,0,8,0
34311,2,35,1,504,68,0,7,0
11912,2,44,1,5000,9,0,4,0
24937,2,5,1,5000,20,0,4,0
25282,2,5,1,0,16,2,13,0
27350,2,11,1,15719,1,0,25,0
9196,2,41,1,3512,6,1,3,0
42332,1,34,1,0,10,0,2,0
26691,1,24,1,4000,6,25,3,0
12657,1,29,1,2524,100,0,2,0
46958,2,10,1,3426,7,7,16,0
25051,1,5,1,3536,23,17,3,0
30381,1,25,1,0,42,0,20,0
2545,1,13,1,8498,5,6,9,0
6840,1,4,1,8418,6,0,27,0
5856,1,29,1,7000,42,0,6,0
27401,1,39,1,1370,22,0,5,0
36121,1,35,1,4741,3,0,13,0
49020,1,10,1,21619,19,21,49,1
37797,1,19,1,0,20,1,4,0
46565,2,5,1,0,14,5,27,0
13169,1,37,1,1149,28,0,26,0
33621,2,5,1,0,14,0,5,0
28676,2,5,1,14733,20,17,23,1
14487,1,10,1,240,45,0,2,0
26622,1,25,1,5000,6,0,4,0
31895,2,26,1,0,2,0,17,0
6416,1,23,1,3000,33,0,2,0
9129,2,39,1,5000,45,0,4,0
26761,1,23,1,0,7,0,2,0
10937,1,33,1,0,5,0,6,0
172,2,32,1,7785,13,1,17,0
23214,1,44,1,0,93,9,24,0
42842,1,44,1,3000,45,0,2,0
9909,2,23,1,0,30,0,11,0
25911,1,48,1,0,9,0,18,0
48885,1,24,1,3000,25,4,2,0
42173,2,4,1,4000,27,1,3,0
19439,2,31,1,2333,23,14,4,0
39504,1,10,1,7663,100,0,9,0
38496,1,44,1,9715,15,5,9,0
18872,1,10,1,11122,27,2,21,1
20713,1,20,1,7000,24,28,6,0
17054,1,10,1,12211,29,0,18,0
32673,1,39,1,7196,10,0,8,0
38809,1,20,1,8296,6,0,10,0
9539,1,16,1,6000,70,0,5,0
15335,1,39,1,0,69,10,4,0
21450,1,43,1,6000,13,0,5,0
12893,2,13,1,11593,20,9,11,0
40011,1,5,1,5058,42,2,8,0
26335,1,46,1,7000,45,5,6,0
16811,1,29,1,0,13,0,6,0
16602,1,39,1,4000,13,0,3,0
2681,2,43,2,3177,11,0,5,0
43295,1,5,1,12000,44,2,11,0
29030,1,5,1,2681,28,4,4,0
26055,2,36,1,0,100,3,9,0
44292,2,29,1,3000,3,7,2,0
18970,1,43,1,3000,77,0,2,0
47814,1,10,1,532,43,23,9,0
21489,2,35,1,6000,9,0,5,0
35581,2,2,1,3054,100,0,3,0
318,2,36,1,3051,100,0,3,0
31248,2,5,1,3586,12,2,5,0
10709,1,39,1,7904,49,0,17,1
43463,2,21,1,4313,8,0,5,0
7577,1,29,1,5000,36,2,4,0
23241,1,11,1,7000,28,0,6,0
4897,2,5,1,3848,2,0,4,0
4565,1,5,1,0,2,9,4,0
25717,1,26,1,0,15,5,9,0
47238,2,5,1,6000,3,0,5,0
41057,1,44,1,7247,31,2,8,0
12427,1,23,1,0,16,2,33,0
9127,2,32,1,4864,22,0,4,0
5719,1,24,1,0,27,0,5,0
43358,1,13,1,1099,54,24,4,0
31835,1,48,1,0,2,0,4,0
31143,1,24,2,3000,19,0,2,0
25507,2,38,1,3000,100,7,2,0
1913,1,5,1,9509,26,0,24,0
43161,2,17,1,2266,86,0,15,0
21691,2,16,2,2013,7,16,4,0
49425,1,5,1,2000,43,6,1,0
39223,1,30,1,3548,69,2,8,0
28290,2,21,1,0,10,0,23,0
31045,1,44,1,6112,72,0,6,0
5206,1,10,1,8302,39,3,9,0
26806,1,5,1,9907,7,0,20,0
33569,1,49,1,0,69,22,12,0
18662,2,23,1,1638,25,0,17,0
19970,2,11,1,0,5,2,2,0
27001,1,28,1,10545,17,7,27,0
46047,2,48,1,8000,100,0,7,1
14422,1,4,1,5000,14,17,4,0
31006,1,24,1,5000,17,0,4,0
40028,2,35,1,0,41,0,4,0
27111,1,21,1,3000,33,0,2,0
15237,2,35,2,2379,20,12,3,0
11338,2,3,1,4000,100,4,3,0
13183,1,5,1,9976,100,0,10,1
35247,2,10,1,5000,2,9,4,0
29004,1,37,1,5000,10,0,4,0
18488,1,25,1,4009,41,0,12,0
9723,1,23,1,1283,10,0,4,0
10133,1,5,1,6000,57,5,5,0
1682,2,32,1,3000,9,11,2,0
45425,2,11,1,0,8,14,3,0
41739,1,10,1,0,27,0,57,0
2280,1,5,1,7000,17,0,6,0
35487,2,41,1,6000,15,0,5,0
19021,1,5,1,18632,20,2,18,0
32800,1,44,1,6566,16,0,36,0
22409,1,10,1,466,35,0,22,0
13041,1,23,1,0,18,2,7,0
33349,2,28,1,6329,7,36,9,0
46653,1,46,1,3000,24,0,2,0
20664,2,36,1,0,4,0,4,0
40241,1,36,1,5000,14,10,4,0
41086,2,4,1,0,2,0,4,0
31353,2,34,1,3000,2,0,2,0
32507,1,27,1,752,13,0,12,0
522,2,10,1,0,20,0,30,0
19530,1,15,1,0,28,0,9,0
19415,2,6,1,0,7,0,12,0
19467,1,5,1,0,45,0,8,0
28629,2,32,1,7000,40,9,6,0
5658,1,36,1,0,39,22,6,0
13193,2,40,2,6016,5,2,8,0
29529,2,10,1,1576,100,9,7,1
41601,2,12,1,5000,100,35,4,0
735,1,46,1,4720,70,0,12,0
7331,1,20,1,0,23,12,9,0
4242,2,15,1,4624,45,5,4,0
43816,2,25,1,3000,48,0,2,0
18155,2,39,1,1310,88,4,14,0
26210,1,44,1,2755,76,0,40,0
15047,1,19,1,7000,6,0,6,0
24207,2,5,1,118,33,0,4,0
22244,1,44,1,3000,2,0,2,0
40923,2,49,1,0,6,0,3,0
8226,2,18,1,744,22,5,5,0
22509,2,15,1,3621,45,0,15,0
28225,2,39,1,8019,28,26,13,0
20634,2,32,1,502,8,0,5,0
16954,1,36,1,6000,46,0,5,0
27079,1,18,1,5584,4,10,7,0
29641,1,24,1,10874,13,0,10,0
19348,2,35,1,11669,7,0,21,0
39482,2,5,1,0,15,0,14,0
24773,1,5,1,4304,4,5,7,0
16145,2,5,1,0,74,0,10,0
47674,2,16,1,11067,100,8,25,1
41,1,5,1,1575,44,0,7,0
3030,1,10,1,3249,13,0,9,0
10676,1,10,1,312,18,0,2,0
38731,2,35,1,0,4,0,15,0
42953,2,14,1,0,100,0,2,1
24759,1,46,1,4000,17,13,3,0
11961,2,35,1,5649,44,16,8,0
18956,2,11,1,496,61,0,4,0
19963,2,36,1,8000,13,0,7,0
12093,1,20,1,4000,38,0,3,0
22644,1,48,1,4730,100,0,6,1
21392,2,5,1,4000,56,3,3,0
20110,1,7,1,0,27,17,2,0
47247,1,4,1,0,73,7,5,0
31421,1,43,1,3749,44,0,5,0
21670,1,4,1,4000,53,15,3,0
49326,2,4,1,3969,59,0,8,0
28978,1,38,1,9000,6,3,8,0
3947,1,25,1,0,100,0,19,0
25809,1,15,1,11000,9,0,10,0
17209,2,15,1,5913,21,0,8,0
32219,2,36,1,329,3,0,23,0
29680,2,44,1,6000,20,0,5,0
31603,1,18,1,9000,7,3,8,0
28745,1,45,1,7000,15,0,6,0
14472,2,25,1,9536,17,0,32,0
35116,1,46,1,7000,5,0,6,0
33234,1,44,1,10000,67,7,9,0
46707,2,4,1,0,42,0,7,0
30901,2,36,1,9000,8,15,8,0
36764,1,23,1,0,30,1,3,0
45775,1,4,1,0,9,0,25,0
41817,1,11,1,8191,11,0,18,0
1046,2,20,1,5122,12,1,9,0
22958,2,5,1,3000,29,8,2,0
39192,2,10,1,0,5,0,4,0
37237,1,33,1,10000,9,0,9,0
47462,1,11,1,4000,26,4,3,0
6203,1,35,1,0,25,0,8,0
23652,2,35,1,0,6,1,4,0
44529,1,5,1,0,3,40,12,0
26646,2,35,1,0,9,0,7,0
19061,2,11,1,5135,25,0,6,0
32591,1,44,1,0,10,5,17,0
49587,1,5,1,19793,29,2,24,1
14741,1,44,2,6624,12,0,17,0
32402,2,30,1,0,16,7,2,0
6185,1,8,1,11979,99,26,13,1
5361,2,11,1,8422,10,0,32,0
16085,1,44,1,3000,37,10,2,0
26847,2,27,2,6661,2,0,12,0
18918,1,36,1,3879,100,1,13,1
4504,2,23,1,984,54,0,6,0
2363,1,39,1,12502,15,0,21,1
15263,2,20,1,4000,77,7,3,0
8558,2,5,1,0,38,6,8,0
14304,2,35,1,4000,22,0,3,0
31343,1,19,1,3000,9,23,2,0
27581,2,16,1,8645,11,0,12,0
20519,1,19,1,7000,14,10,6,0
17888,1,35,1,1765,14,0,3,0
45979,2,41,1,5000,24,0,4,0
26067,1,44,1,8501,50,4,8,0
41254,1,5,1,3501,8,0,4,0
17010,1,11,1,0,30,8,4,0
17116,2,44,1,3000,22,4,2,0
9857,1,41,1,1557,5,0,5,0
26061,1,21,1,0,38,1,23,0
2818,1,50,1,0,19,0,8,0
15464,2,28,1,4000,7,1,3,0
12982,2,13,1,18883,23,0,20,0
1584,2,4,1,0,33,6,39,0
11924,2,32,1,4000,50,3,3,0
14897,1,6,1,543,31,1,5,0
25456,1,36,1,1464,27,0,6,0
20393,1,23,1,6536,33,0,10,0
3620,1,5,1,4980,23,20,4,0
3901,2,36,1,1452,44,3,5,0
28601,1,39,1,0,13,0,20,0
33762,2,23,1,1018,17,0,6,0
21689,1,43,1,25,34,3,8,0
10587,1,26,1,7621,11,0,27,0
9537,2,15,1,1632,72,0,3,0
14841,1,46,1,5000,66,0,4,0
6928,1,10,1,10000,21,12,9,0
19444,1,34,1,0,5,10,4,0
27081,1,16,1,0,28,0,3,0
71,1,46,1,4000,21,0,3,0
2966,1,2,1,7000,42,0,6,0
44909,2,9,1,0,10,60,16,0
12901,2,25,1,0,43,1,7,0
15619,2,5,1,3084,86,0,8,0
32943,2,33,1,12725,10,0,12,0
5140,2,10,1,9000,65,11,8,1
40597,2,39,1,4000,4,0,3,0
9921,1,44,1,7000,66,0,6,0
5343,1,44,1,0,3,0,3,0
9206,2,44,1,10587,77,0,19,1
29084,2,37,1,9000,59,0,8,0
7156,1,24,1,3652,100,0,17,0
32425,2,6,1,0,100,60,14,0
38648,1,36,2,0,100,0,5,0
410,1,43,1,0,100,13,3,0
30962,2,46,1,3000,69,0,2,0
43385,2,39,1,3000,4,3,2,0
25662,1,21,1,0,3,32,21,0
1681,2,5,1,7000,28,0,6,0
33467,1,15,1,11000,77,0,10,0
44052,2,39,1,0,5,0,7,0
1491,1,36,1,0,55,0,4,0
27503,1,7,1,0,36,0,3,0
47004,1,44,1,0,1,3,7,0
14783,1,28,1,5026,100,0,67,1
32330,2,5,1,0,21,18,8,0
11639,1,23,1,11699,38,0,16,1
39315,1,5,1,5000,12,0,4,0
44719,1,13,1,0,5,0,4,0
40180,1,11,1,10512,28,0,28,0
6433,2,15,1,0,24,13,3,0
46614,2,29,1,5000,13,10,4,0
10605,1,14,2,0,57,0,4,0
16409,2,39,2,0,10,0,15,0
23481,2,5,1,0,11,28,13,0
30556,2,39,1,198,100,0,3,1
49487,1,35,1,10000,44,0,9,0
47380,2,44,1,3000,22,19,2,0
37110,2,13,1,10000,64,0,9,0
47217,2,33,1,7000,25,0,6,0
46175,2,34,1,0,5,0,15,0
47101,1,35,1,7058,5,1,18,0
4519,1,35,1,6000,20,0,5,0
4731,2,39,1,7000,27,2,6,0
215,2,24,1,3591,36,2,11,0
22288,1,49,2,3638,37,2,23,0
39302,1,27,1,11314,8,1,19,0
30957,1,32,1,1178,2,1,7,0
14862,1,16,1,11000,9,0,10,0
6167,1,39,1,1972,10,12,6,0
35102,1,2,1,0,5,0,7,0
3595,2,5,1,0,100,0,6,0
25245,1,11,1,0,11,0,20,0
34515,1,44,1,5000,18,4,4,0
36233,1,5,1,1659,3,0,12,0
25530,2,19,1,7712,13,0,38,0
47696,1,46,1,0,48,0,3,0
33057,1,21,1,5000,38,0,4,0
47908,1,5,1,5000,47,9,4,0
40208,1,29,1,0,56,60,14,0
34572,1,29,1,0,18,0,2,0
20323,2,44,1,8,67,10,4,0
8781,2,29,1,0,100,0,5,0
24413,2,11,1,6000,25,0,5,0
41039,2,36,1,0,27,7,7,0
5200,2,5,1,3348,24,0,14,0
29432,2,49,1,11000,100,0,10,0
40174,2,25,1,6600,100,0,6,1
3934,2,35,1,11000,2,0,10,0
6979,1,44,1,8000,5,0,7,0
990,1,44,1,4000,31,0,3,0
12424,1,39,1,15000,26,0,14,0
38462,2,38,1,0,37,5,45,0
6268,1,10,1,6848,8,0,6,0
14149,2,10,1,4000,9,0,3,0
5004,1,48,1,8000,13,17,7,0
32626,1,27,1,570,9,0,5,0
10509,1,46,1,1254,34,0,3,0
27230,1,44,1,3000,10,3,2,0
48388,2,31,1,5466,74,2,6,0
21115,1,4,1,7000,11,1,6,0
48634,1,44,1,7080,36,2,12,0
35737,1,4,1,0,13,0,7,0
35983,1,12,1,0,55,0,4,0
41015,2,24,1,2770,9,0,8,0
21591,2,2,1,1685,26,0,6,0
11595,2,36,1,5000,20,1,4,0
47716,2,23,1,0,20,1,23,0
11122,1,5,1,5000,10,0,4,0
17996,1,44,1,12000,7,21,11,0
18906,1,37,1,4000,25,0,3,0
44880,1,5,1,5484,28,0,5,0
25912,1,16,1,4829,36,0,25,0
5518,1,50,1,5000,4,0,4,0
31907,1,46,1,0,8,11,21,0
31663,1,35,1,764,8,0,7,0
32700,2,11,1,0,24,5,3,0
4208,1,39,1,16033,10,0,53,0
37142,1,5,1,0,23,8,8,0
39588,1,11,1,4000,41,8,3,0
11876,2,35,1,3000,97,0,2,0
41631,2,44,1,6000,26,0,5,0
36073,1,37,1,3000,57,0,2,0
4420,1,37,1,4616,6,0,11,0
33091,1,46,1,0,59,0,3,0
1830,2,5,1,3951,15,0,7,0
16251,1,5,1,0,78,0,8,0
48443,1,13,1,11243,17,36,13,0
4631,1,5,1,0,11,0,7,0
16947,2,29,1,1263,44,0,60,1
13973,1,44,1,3000,8,0,2,0
9147,1,5,1,5000,3,0,4,0
12565,1,25,1,0,21,3,8,0
3819,1,5,1,4000,22,0,3,0
16769,1,33,1,0,20,0,8,0
14006,2,2,1,4000,100,0,3,0
13206,2,46,1,0,20,0,6,0
26304,1,5,1,8000,72,12,7,0
34195,1,28,1,9074,29,8,31,0
38183,2,21,1,12657,4,14,12,0
35621,2,15,1,15707,59,4,22,1
40799,2,18,1,17000,9,0,16,0
15665,2,19,2,1689,18,0,9,1
14045,1,7,1,6000,22,18,5,0
19984,2,28,1,0,4,2,2,0
14030,1,37,1,0,25,27,7,0
19033,2,17,1,1553,100,9,2,0
8920,1,29,1,3000,9,0,2,0
9649,1,33,2,0,12,29,5,0
3463,2,44,1,3736,12,0,3,0
7679,1,13,1,8000,38,0,7,0
20814,2,46,1,4000,10,0,3,0
7218,1,32,1,0,70,0,5,0
48594,1,39,1,3000,93,0,2,0
36013,1,39,1,0,14,0,4,0
25156,2,15,1,1780,29,0,7,0
5479,1,35,1,7207,15,0,14,0
35834,1,35,1,3785,60,13,19,0
20547,1,16,1,4000,9,11,3,0
20091,2,3,1,618,4,3,17,0
23857,1,24,1,2598,27,2,6,0
13950,1,11,1,1864,5,13,10,0
21982,2,39,1,5999,45,5,9,0
27297,1,35,1,4819,62,8,7,0
9520,1,5,1,4000,33,0,3,0
33641,1,48,1,0,14,0,7,0
7034,1,23,1,0,3,0,12,0
19201,1,21,1,2276,12,14,3,0
22531,2,15,1,1120,11,0,13,0
46996,2,11,1,0,9,0,4,0
7268,1,5,1,5000,24,33,4,0
40617,1,37,1,8000,15,12,7,0
26342,1,4,1,5000,60,26,4,0
39836,1,44,1,365,20,0,7,0
31801,1,23,1,6259,5,0,6,0
48966,1,2,1,0,17,2,3,0
36184,2,16,1,9000,16,0,8,0
40659,2,7,1,0,27,0,2,0
49257,2,39,1,5000,19,2,4,0
19007,2,11,1,3826,15,0,14,0
2908,2,35,1,4000,45,3,3,0
36306,1,11,1,4942,19,2,8,1
13130,1,33,2,6000,8,3,5,0
3483,1,48,1,3000,44,0,2,0
5678,1,38,1,4000,6,2,3,0
45183,1,23,1,4000,19,0,3,0
38707,2,23,1,3960,28,0,24,0
39980,2,43,1,0,24,1,23,0
11528,2,5,1,3722,19,3,4,0
10491,1,48,1,6959,39,0,23,1
24094,1,44,1,3000,46,0,2,0
21309,1,35,1,78,5,0,1,0
45162,1,32,1,0,13,0,10,0
49335,1,5,1,0,1,6,1,0
29096,1,39,1,4000,3,0,3,0
27689,1,5,1,6825,20,3,6,0
8941,1,11,1,360,21,0,3,0
12631,2,23,1,4226,62,3,4,0
44983,2,5,1,8562,23,0,13,0
21228,1,23,1,0,100,2,3,0
36267,1,5,1,8483,8,0,12,0
27422,2,39,1,5000,44,0,4,0
27854,2,39,1,3080,13,0,10,0
8526,2,38,1,9171,53,0,17,0
2105,1,23,1,0,4,0,11,0
31453,2,35,1,11829,21,0,14,0
29972,2,5,1,5000,38,2,4,0
35177,1,11,1,4000,11,11,3,0
2008,1,16,1,4239,48,0,9,0
33431,1,26,1,0,9,27,7,0
1708,2,25,1,3000,2,0,2,0
48823,1,23,1,1545,16,0,4,0
9745,2,32,1,6000,35,0,5,0
16630,1,32,1,12000,23,0,11,0
22494,2,44,1,8000,11,41,7,1
7263,1,36,1,2058,17,4,2,0
38792,1,5,1,1546,51,0,7,0
42648,1,25,1,1289,2,6,31,0
42972,1,32,1,4190,11,4,36,0
3924,2,17,1,0,22,1,5,0
2345,2,25,1,0,13,2,18,0
10464,2,21,1,4000,76,0,3,1
19355,2,17,1,473,14,5,5,0
9313,2,44,1,2563,35,55,2,0
26790,1,4,1,10000,11,0,9,0
44179,2,35,1,12037,83,13,18,1
45623,1,35,1,0,26,0,10,0
41006,2,5,1,0,3,0,3,0
9521,1,5,1,3000,12,0,2,0
37281,1,29,1,12819,19,0,12,0
35965,1,16,1,0,26,3,5,0
28753,1,29,1,5258,41,0,11,0
47375,1,21,1,6472,21,0,11,0
31115,1,36,1,0,6,7,4,0
29208,2,10,1,3307,100,1,4,1
46985,1,35,1,1331,92,1,4,0
7065,1,16,1,1998,4,0,4,0
6542,1,20,1,0,3,0,5,0
22002,1,32,1,0,13,7,2,0
22717,2,41,1,2724,29,0,9,0
28561,1,23,1,11946,83,1,14,1
37309,1,35,1,3000,45,9,2,0
3862,2,44,2,9000,31,0,8,0
25737,1,43,1,4000,11,4,3,0
31631,1,36,1,3000,84,0,2,0
49823,1,30,1,10318,19,0,20,0
6700,1,42,1,3000,21,11,2,0
4648,1,23,1,4000,16,17,3,0
48828,1,19,1,7943,60,2,7,0
14366,2,5,1,0,100,0,4,0
2458,1,5,1,0,9,12,8,0
34517,2,36,1,11000,19,3,10,0
49540,2,48,1,0,10,2,7,0
3126,2,5,1,2663,52,0,3,0
42384,1,21,1,8000,4,0,7,0
15461,2,44,1,5000,9,0,4,0
23485,1,5,1,5000,24,0,4,0
32980,2,41,1,0,6,42,4,0
38580,2,36,1,1217,68,0,20,0
49913,1,44,1,10228,11,2,17,0
14807,2,10,1,5000,19,0,4,0
2572,1,48,1,3579,27,8,7,0
44715,1,37,1,0,6,2,7,0
2287,2,10,1,0,10,4,6,0
8452,1,24,1,4132,85,12,7,0
31699,1,49,1,0,8,0,21,0
3610,1,11,2,13548,19,0,50,1
4194,1,41,1,0,39,0,7,0
22284,2,44,1,0,11,0,36,0
46109,1,28,1,13696,49,0,16,1
28104,1,37,1,0,24,0,4,0
17417,2,11,1,4000,2,2,3,0
31885,2,37,1,0,7,2,2,0
32052,1,7,1,0,6,23,7,0
8036,1,23,1,0,22,0,6,0
19374,2,6,1,4954,9,2,15,0
674,1,44,1,0,15,0,4,0
9445,2,35,1,3274,9,0,4,0
33858,1,36,1,5002,16,0,5,0
28149,2,38,1,5000,1,6,4,0
31317,1,5,1,13118,1,0,13,0
46292,2,39,1,6366,29,0,7,0
30405,1,13,1,7851,34,0,11,0
23157,1,39,1,11919,22,0,12,0
26431,1,2,1,0,2,0,2,0
8859,1,24,1,0,72,29,13,0
48945,2,10,1,4000,2,25,3,0
35493,1,44,1,0,11,42,5,0
42043,2,36,1,607,31,0,11,0
29392,1,46,1,6000,53,60,5,0
13657,1,16,1,0,24,0,15,0
28837,1,32,1,2334,29,2,2,0
28658,1,41,1,12956,27,0,12,1
30480,1,46,1,4007,18,0,11,0
43211,2,23,1,5811,7,0,8,0
18167,1,46,1,4000,10,0,3,0
44484,1,23,1,3587,45,4,3,0
7681,1,29,1,2248,79,4,17,0
49269,1,36,1,0,14,10,9,0
35062,1,36,1,0,15,0,9,0
34380,2,44,1,4000,30,0,3,0
11635,1,44,1,8523,2,14,10,0
40751,1,15,1,7025,49,0,34,1
29583,1,44,1,9571,1,1,9,0
40855,2,2,1,7125,35,0,11,0
3612,2,25,1,0,28,1,3,0
19292,1,24,1,7761,40,0,9,0
32541,2,46,1,10108,25,0,17,0
2947,2,44,1,6397,8,0,8,0
41812,2,44,1,0,5,0,6,0
15615,1,23,1,858,25,6,4,0
29397,1,44,1,9,100,0,19,0
46533,2,5,1,3000,9,0,2,0
30125,2,46,1,1081,99,10,4,0
40308,1,25,1,11000,29,0,10,0
9448,1,48,1,2425,35,0,5,0
41142,1,39,1,10000,13,3,9,0
9791,2,23,1,0,8,0,10,0
30892,2,35,1,1229,2,0,8,0
8,1,10,1,6016,20,3,6,0
45949,2,39,1,0,5,0,7,0
4096,1,39,1,0,20,7,6,0
25956,1,27,1,10151,4,6,12,0
37500,2,11,1,3000,92,0,2,0
37104,1,36,1,557,13,0,2,0
23693,1,35,1,0,35,16,49,0
33516,1,35,1,4000,60,0,3,0
6970,1,36,1,0,30,0,3,0
16244,1,21,1,0,9,2,6,0
17221,1,35,1,2443,5,2,8,0
34747,1,36,1,11827,13,0,18,0
48755,2,23,1,4000,18,0,3,0
25830,2,29,1,4076,8,0,5,0
43481,1,38,1,6000,22,7,5,0
37653,2,33,1,4000,85,5,3,0
23913,1,48,1,4842,96,20,5,0
24610,2,16,1,8949,10,0,13,0
1963,1,32,1,1619,15,6,5,0
44851,1,15,1,0,9,0,6,0
22860,2,5,1,3000,1,3,2,0
44349,1,48,1,0,18,8,12,0
41581,2,44,1,3664,36,1,5,0
7278,2,35,1,6000,9,12,5,0
1484,1,5,1,5000,41,0,4,0
9533,1,23,1,5000,42,0,4,0
39915,1,44,1,4185,7,0,48,0
46098,1,5,1,10646,28,4,21,1
17129,2,5,1,11991,100,2,13,1
26693,1,46,1,2097,13,4,2,0
12789,1,5,1,8770,52,49,19,0
7365,1,34,1,4175,41,45,5,0
47570,2,1,1,5753,57,5,6,0
18702,1,41,1,9000,100,0,8,0
5101,2,39,1,2731,6,0,19,0
16265,2,29,1,1405,60,1,4,0
13290,1,5,1,0,41,0,9,0
12497,1,48,1,2000,15,0,1,0
40715,1,15,1,0,52,0,2,0
8808,2,6,1,3000,7,0,2,0
30239,1,13,1,8328,3,12,19,0
656,1,5,1,7300,10,0,18,0
3119,2,10,1,319,15,0,2,0
11360,1,23,1,0,43,0,3,0
8648,2,17,1,1170,27,1,10,0
46968,1,24,1,0,21,2,6,0
3383,2,39,1,0,3,5,4,0
5458,1,12,1,6000,72,1,5,0
13100,2,37,1,4000,64,2,3,0
2909,2,5,1,5000,22,3,4,0
1896,1,45,1,2450,24,0,5,0
3489,2,6,1,0,29,43,17,0
21956,1,5,1,0,36,0,3,0
8693,2,43,1,0,95,9,3,0
6748,2,32,1,5000,37,7,4,0
19270,1,20,1,4000,6,0,3,0
30380,2,39,1,6020,13,1,6,0
26143,1,15,1,5000,16,0,4,0
30597,1,31,1,1066,33,0,3,0
24033,2,21,1,0,48,0,4,0
45348,2,25,1,0,9,0,34,0
48205,2,41,1,10000,8,0,9,0
34005,2,10,1,13725,10,0,32,1
9710,1,29,1,0,23,0,3,0
12377,1,39,1,6216,15,18,51,0
35541,1,35,1,6730,9,0,6,0
26609,1,44,1,6000,11,1,5,0
49490,1,6,1,3000,14,1,2,0
42018,1,36,1,4000,43,0,3,0
20228,1,37,1,4000,77,26,3,0
2756,2,5,1,6000,4,2,5,0
24416,2,44,1,0,13,2,8,0
16306,2,44,1,4000,25,60,3,0
47177,1,44,1,6000,2,13,5,0
45931,2,39,1,2840,10,7,4,0
183,1,33,1,7000,6,0,6,0
46920,1,29,1,0,13,0,16,0
24899,1,39,1,14000,100,0,13,1
1371,1,35,1,989,32,2,19,0
47771,2,5,1,0,23,1,21,0
12617,2,19,1,7000,36,0,6,0
35120,2,18,1,1263,10,0,12,0
34499,2,38,1,0,9,1,4,0
8242,1,50,1,0,13,9,2,0
49615,2,10,1,5405,37,0,23,0
20823,1,39,1,0,23,2,9,0
19019,2,10,1,5062,33,0,18,0
35105,2,5,1,0,21,1,2,0
5689,1,48,1,1682,13,0,7,0
35731,1,45,1,8969,78,19,15,1
25754,1,35,1,6000,2,1,5,0
36279,1,10,1,0,10,53,6,0
129,1,44,1,4000,73,0,3,0
33835,2,10,1,21830,25,0,31,1
24271,1,5,1,0,100,0,7,0
9368,1,43,1,5000,37,0,4,0
34444,1,36,1,0,5,0,16,0
5355,1,10,1,0,50,5,10,0
49059,1,17,1,3074,12,0,9,0
19705,1,15,1,4000,54,12,3,0
40162,1,5,1,868,0,2,9,0
8386,2,32,1,3489,14,0,7,0
14748,1,2,1,6000,49,0,5,0
29948,1,24,1,6748,46,3,35,1
36566,1,39,1,8000,29,0,7,0
15797,1,39,1,2465,6,6,16,0
21440,2,30,1,1143,37,1,3,0
26930,2,5,1,1049,58,5,5,0
46375,2,48,1,4000,46,0,3,0
4305,1,7,1,0,21,0,2,0
111,2,35,1,11000,14,0,10,1
42273,2,19,1,6011,28,1,6,0
33300,1,20,1,0,99,0,10,0
29736,2,32,1,7000,88,0,6,1
40563,2,32,1,490,51,0,1,0
2837,1,14,1,4000,20,4,3,0
21545,2,3,1,2735,11,0,2,0
17279,1,21,1,5176,41,0,14,0
1558,2,15,1,0,8,10,3,0
16029,1,39,1,0,41,6,18,0
16484,1,20,1,0,3,0,12,0
49682,1,24,1,4829,4,6,74,1
44562,1,19,1,6000,38,0,5,0
110,1,15,1,5000,7,0,4,0
47651,2,5,2,0,9,0,8,0
9962,2,44,1,0,43,0,2,0
42166,1,39,1,9000,100,0,8,1
42586,1,36,1,5000,15,0,4,0
28317,1,10,1,3000,32,3,2,0
844,1,11,1,6119,21,0,9,0
21680,2,5,1,0,13,0,4,0
2602,1,36,1,0,2,0,11,0
35167,1,27,1,6360,18,2,6,0
15786,1,5,2,0,11,3,5,0
48270,1,12,1,1658,20,0,15,0
25326,1,4,1,9000,10,0,8,0
32899,1,39,1,3000,92,0,2,0
13478,1,5,1,3559,8,0,10,0
38191,1,26,1,0,9,58,3,0
11579,2,21,1,9185,11,0,10,0
16404,1,5,1,0,26,0,3,0
36231,1,46,1,3000,74,0,2,0
48116,1,44,1,5000,2,14,4,0
8298,2,15,1,0,48,0,17,0
40991,2,23,1,9017,24,0,15,0
47007,2,23,1,3000,18,0,2,0
21188,2,25,1,7000,11,1,6,0
7541,1,35,1,0,86,0,22,0
33179,1,36,1,0,24,0,3,0
18447,1,35,1,6090,37,8,27,0
10818,1,10,1,6000,6,19,5,0
49038,1,11,1,4000,25,0,3,0
31396,1,44,1,5518,15,0,19,0
2496,2,44,1,4000,16,10,3,0
10013,2,17,1,13359,26,0,31,0
6429,1,35,1,9000,15,38,8,0
9302,1,23,1,0,100,1,7,0
26504,2,10,1,6410,86,3,42,1
22312,2,2,1,0,30,0,5,0
36046,2,45,1,5348,13,0,8,0
44877,1,21,1,0,25,0,7,0
23003,1,16,1,1880,45,3,2,0
18183,1,25,1,5242,61,11,5,0
3837,2,10,1,3000,58,0,2,0
10128,1,24,1,3136,22,8,4,0
7617,1,29,1,3000,12,3,2,0
28494,1,32,1,3543,44,6,8,0
1827,1,48,1,7000,3,0,6,0
47937,1,38,1,12873,42,52,24,0
40105,1,35,1,0,38,1,18,0
30101,1,29,1,0,9,3,28,0
3911,1,10,1,5333,26,0,55,1
13460,1,2,1,6000,13,0,5,0
10690,1,18,2,0,43,0,17,0
46174,2,35,1,14000,27,0,13,0
26455,1,23,1,4311,61,5,4,0
37582,1,7,1,12000,48,0,11,1
46514,1,35,1,4000,13,16,3,0
36843,2,32,1,3000,29,0,2,0
19737,1,22,1,4587,9,0,11,0
24013,1,33,1,0,90,3,13,0
2013,1,35,1,3000,19,6,2,0
13300,2,25,1,0,35,0,2,0
27194,2,44,1,0,19,0,10,0
7226,2,21,1,11000,37,0,10,1
743,2,11,2,9000,35,0,8,0
1672,1,39,1,0,32,5,9,0
23504,1,5,1,0,21,0,11,0
18239,1,2,1,0,8,2,2,0
36750,1,17,1,0,21,9,3,0
48658,1,35,1,0,30,5,5,0
22902,2,4,1,4382,10,10,4,0
26011,2,13,1,5000,28,1,4,0
49735,1,5,1,6051,20,0,13,0
47956,2,21,1,7000,15,0,6,0
9254,2,35,1,3000,52,2,2,0
36529,1,44,1,0,1,2,9,0
47016,2,38,1,10000,9,0,9,0
32247,1,15,1,6277,2,0,9,0
23733,2,21,1,2645,66,0,4,0
23901,2,17,1,5842,19,0,5,0
6408,1,22,1,8000,32,0,7,0
29247,2,20,1,16013,6,14,39,1
220,2,10,1,3000,10,1,2,0
14327,1,2,1,7454,13,0,11,0
42416,1,39,1,10000,33,0,9,0
3703,2,38,1,2725,18,0,7,0
6811,1,34,1,8118,39,7,20,0
14573,1,36,1,395,8,1,5,0
24851,2,35,1,5000,3,0,4,0
46330,2,13,1,7434,39,0,11,0
11973,1,26,1,12000,13,1,11,0
2290,2,11,1,4000,40,0,3,0
18642,1,38,1,1653,6,0,5,0
22727,2,28,1,1248,41,0,19,0
39678,1,44,1,5000,17,16,4,0
29952,2,39,1,5000,12,0,4,0
5564,1,15,1,0,100,4,4,0
9208,2,36,1,11000,6,0,10,0
31486,1,5,1,0,5,6,1,0
25760,1,44,1,4434,15,3,14,0
2343,2,11,1,7000,65,6,6,0
17639,1,44,1,10000,25,10,9,0
22608,1,35,1,3000,18,10,2,0
35479,1,21,1,3000,2,2,2,0
16078,1,36,1,6000,100,0,5,0
31768,2,33,1,0,4,0,3,0
1787,1,39,1,4182,8,0,9,0
12702,2,5,1,4000,15,0,3,0
29387,1,21,1,5000,9,0,4,0
11478,2,18,1,2510,81,7,2,0
17292,1,13,1,5000,44,0,4,0
15986,1,36,1,0,6,2,4,0
47962,1,32,1,5013,17,12,40,0
14360,2,44,1,6000,51,0,5,0
8845,2,39,1,1450,4,11,3,0
14687,1,2,1,1529,11,0,26,0
13489,1,10,1,1400,17,0,10,0
37839,2,44,1,7654,7,4,14,0
49209,1,10,1,14599,59,0,14,1
30697,1,48,1,7961,31,0,15,0
28434,2,25,1,5000,23,0,4,0
6384,2,44,1,1102,8,0,2,0
41079,1,20,1,5897,24,0,14,0
13998,2,35,1,8525,1,0,10,0
40178,2,44,1,0,17,0,5,0
24522,1,47,1,0,34,6,20,0
7185,2,17,1,5417,5,7,14,0
17191,2,5,1,0,10,10,2,0
35575,2,5,1,0,13,5,12,0
40365,1,11,1,6000,13,5,5,0
5882,2,11,1,1139,18,10,25,0
13253,1,32,1,7493,27,2,31,0
19175,2,5,1,0,47,0,5,0
3306,1,10,1,1152,23,0,3,0
23874,1,5,1,14611,11,0,17,1
45959,2,39,1,887,56,0,3,0
36033,1,5,1,2976,9,3,35,0
23303,1,4,1,5260,11,0,8,0
3065,1,18,1,3911,67,0,18,0
43141,1,44,1,7000,13,0,6,0
37032,1,46,1,0,93,0,11,0
37777,1,35,1,7000,2,0,6,0
47759,1,35,1,18433,23,0,25,1
6182,2,35,1,1310,32,0,6,0
13578,1,48,1,0,34,0,10,0
46619,2,13,1,0,15,1,8,0
32466,2,2,1,4324,15,0,13,0
21040,1,23,1,8381,5,20,8,0
20341,2,35,1,5000,12,0,4,0
34145,1,32,1,5000,47,2,4,0
41632,1,15,1,2000,11,4,1,0
23262,2,19,1,0,100,0,18,0
30308,1,5,1,3346,20,1,3,0
325,1,36,1,5881,94,0,6,0
45339,2,35,1,6000,52,0,5,0
14510,1,39,1,3000,7,0,2,0
19885,2,11,2,10000,4,0,9,0
29105,1,39,1,12000,51,8,11,1
27881,2,29,1,18213,17,0,43,1
39054,2,28,1,4000,68,0,3,0
2542,2,35,1,8239,50,6,8,0
19917,2,32,1,7358,9,0,7,0
26410,1,15,1,2231,18,9,12,0
44555,1,24,1,12000,4,0,11,0
8369,2,42,1,0,30,4,2,0
23446,1,39,1,0,55,3,6,0
81,1,41,1,5000,9,0,4,0
20049,2,6,1,0,19,24,5,0
1804,1,11,2,6000,12,0,5,0
35808,2,16,1,2989,5,0,3,0
7626,2,20,1,3344,26,0,5,0
49096,2,42,1,296,60,0,7,0
9062,1,36,1,2904,100,0,15,0
1107,2,46,1,6000,5,0,5,0
48350,2,10,1,7209,17,0,15,1
11082,2,44,1,4699,20,0,5,0
40804,1,43,1,4615,87,0,8,0
22724,1,29,1,0,21,5,4,0
18966,2,44,1,12148,9,0,23,0
13989,1,2,1,2251,23,0,5,0
20089,1,39,1,7360,6,1,8,0
20825,2,39,1,3716,31,8,29,0
46083,1,25,1,9000,100,0,8,0
17386,2,15,1,7000,3,0,6,0
38789,2,44,1,7406,29,0,46,1
26031,1,10,1,11800,17,0,13,0
2993,1,5,1,11000,22,0,10,0
5182,1,49,1,4000,100,2,3,0
15131,1,10,1,1244,14,0,2,0
324,1,34,1,0,13,1,7,0
22534,2,27,1,3000,100,0,2,0
12052,1,36,1,519,7,0,26,0
8162,1,10,1,2699,18,0,15,0
20758,1,5,1,828,36,60,2,0
29618,1,46,1,4000,11,0,3,0
15227,1,36,2,2652,18,0,2,0
8338,1,46,1,4000,60,0,3,0
19701,1,36,1,11000,12,0,10,0
24167,2,44,1,10534,18,0,11,0
28193,2,35,2,0,34,0,3,0
9805,1,5,1,6000,9,1,5,0
41527,1,15,1,0,21,0,26,0
21432,1,18,1,3000,14,0,2,0
40933,1,10,1,4000,21,6,3,0
38387,2,35,1,2315,18,9,6,0
10856,1,37,1,10000,3,2,9,0
29600,1,20,1,0,48,1,13,0
26333,1,41,1,3115,77,9,6,0
29748,1,32,1,0,20,12,3,0
18591,1,36,1,4000,46,14,3,0
24166,1,35,1,12000,36,5,11,0
10950,2,18,1,0,20,5,14,0
44859,1,25,1,15542,4,0,24,0
24158,2,4,1,887,19,12,4,0
46303,1,11,1,3000,32,14,2,0
34535,2,27,1,3000,5,40,2,0
19767,1,36,1,6000,79,0,5,0
39679,1,43,1,5000,7,23,4,0
1685,1,35,1,5000,5,2,4,0
45267,1,35,1,0,6,3,2,0
24675,1,36,1,6651,23,59,24,0
121,2,10,1,4000,6,4,3,0
43102,2,24,1,3000,2,0,2,0
19309,1,5,1,9000,35,0,8,0
2745,1,15,1,0,10,0,8,0
17663,1,29,1,9000,100,0,8,0
951,2,35,1,4000,34,0,3,0
22048,2,48,1,2995,44,6,14,1
4063,2,10,1,1668,9,0,6,0
49550,1,44,1,0,29,4,1,0
3511,2,25,1,0,6,0,6,0
47330,2,41,1,4760,5,9,10,0
8851,1,10,1,8000,8,0,7,0
10513,2,46,1,0,16,5,3,0
6426,2,35,1,9631,10,46,17,1
23145,1,38,1,0,9,0,10,0
17703,1,5,1,6000,14,0,5,0
2326,2,44,1,0,24,7,4,0
30402,2,39,1,7000,55,0,6,0
31684,2,7,1,0,54,6,15,0
47123,1,44,1,5000,33,0,4,0
39061,1,18,1,0,18,2,7,0
44760,1,43,1,671,53,0,4,0
32201,1,5,1,9609,100,0,16,1
38077,1,29,1,2589,14,0,5,0
39747,2,44,1,7000,25,0,6,0
1069,2,29,1,7000,12,0,6,0
47072,1,13,1,2000,6,2,1,0
37251,2,5,1,1830,18,0,21,0
37945,1,5,1,0,8,0,6,0
6525,1,36,1,3348,29,0,5,0
42747,1,35,1,0,55,0,4,0
41372,2,45,1,2603,11,16,10,0
45479,1,46,1,0,55,0,2,0
29083,2,38,1,0,2,14,9,0
24794,1,4,1,2839,18,1,6,0
27696,1,16,1,0,11,0,2,0
49671,1,10,1,4000,11,3,3,0
42109,1,11,1,3000,16,0,2,0
2779,1,7,1,6000,100,1,5,0
17600,1,25,1,10526,10,0,24,0
47028,2,3,1,3670,4,1,4,0
37014,1,18,1,6000,11,0,5,0
17517,2,50,1,5000,9,2,4,0
32338,1,4,1,4000,40,3,3,0
26344,1,48,1,12000,31,0,11,0
10734,1,16,1,6042,51,60,10,0
22331,2,28,1,4000,32,0,3,0
17962,1,5,1,0,26,5,4,0
39458,2,10,2,10639,28,0,13,1
48261,2,36,1,164,49,31,18,0
13997,1,45,1,3028,12,6,9,0
34552,2,44,1,0,34,14,4,0
42011,1,32,1,5000,18,7,4,0
31687,2,12,1,0,21,0,6,0
3582,1,16,1,6932,4,1,6,0
20972,1,44,1,2819,23,0,3,0
26334,1,32,1,3000,19,11,2,0
46165,1,6,1,0,29,0,2,0
27337,1,4,1,8387,25,0,13,0
20689,1,10,1,5000,100,0,4,0
27063,1,10,1,0,12,0,26,0
16427,1,24,1,5000,7,0,4,0
37837,2,5,1,0,19,5,1,0
9442,1,5,1,0,36,0,2,0
26986,2,15,1,0,8,0,7,0
16972,1,21,1,4000,2,2,3,0
48072,1,35,1,91,100,0,2,0
1636,2,37,1,10066,100,0,10,1
24966,1,39,1,6000,78,4,5,0
49221,1,44,1,2121,22,0,3,0
13990,1,28,1,3522,22,0,4,0
44580,2,10,1,0,48,0,6,0
22214,1,5,1,7914,45,0,28,1
49977,2,35,1,14595,2,3,34,0
15421,2,29,1,7000,17,7,6,0
19358,2,10,1,864,23,0,3,0
36119,1,32,1,3000,34,0,2,0
34457,1,2,1,200,6,0,4,0
19093,1,10,1,8000,10,6,7,0
37218,2,36,2,5000,15,8,4,0
43960,2,8,1,13000,27,5,12,0
3799,1,5,1,5000,86,0,4,0
42176,2,25,1,4756,6,0,4,0
42115,2,11,1,3255,3,1,12,0
14770,1,24,1,2042,88,0,2,0
29348,2,10,1,4587,16,0,19,0
30916,2,5,1,3000,15,6,2,0
12529,1,35,1,0,3,0,4,0
46537,1,44,1,0,10,33,19,0
803,1,20,1,0,20,0,4,0
46384,1,43,1,3000,31,0,2,0
49993,1,32,1,0,17,0,12,0
9421,2,39,1,4000,26,23,3,0
25581,2,23,1,5000,15,9,4,0
28155,1,10,1,10000,19,8,9,0
40267,1,35,1,5000,4,0,4,0
3906,2,10,1,4868,27,0,4,0
12339,2,29,1,0,66,6,7,0
10507,1,41,1,1934,7,3,5,0
9235,2,25,1,0,87,0,2,0
36097,2,18,1,5310,61,0,6,0
48890,1,15,1,676,29,0,3,0
23368,1,44,1,5000,6,0,4,0
18518,2,29,1,7000,7,0,6,0
773,1,5,1,0,12,5,10,0
10661,2,21,1,0,49,0,3,0
28354,2,35,1,0,89,4,15,0
22948,1,44,1,0,24,1,2,0
18663,2,48,1,697,13,0,10,0
11716,1,10,1,14762,17,0,16,1
38100,1,5,1,5000,21,0,4,0
5041,1,16,1,5000,18,17,4,0
42804,2,10,1,0,10,0,7,0
46073,1,37,2,0,21,0,2,0
5960,2,36,1,5000,8,14,4,0
30456,2,48,1,0,19,4,3,0
20376,2,48,1,3000,44,0,2,0
14223,1,44,1,5000,24,6,4,0
22530,1,5,1,7000,12,0,6,0
14204,1,11,1,8000,54,15,7,0
31799,2,32,1,6427,6,0,13,0
33947,2,26,1,1070,14,2,22,0
47617,2,32,1,5000,63,2,4,0
29977,1,49,1,4000,18,4,3,0
7403,1,21,1,4728,25,8,12,0
39323,2,10,1,5000,89,0,4,1
39585,1,19,1,0,100,0,10,0
41416,1,23,1,8000,8,2,7,0
15854,1,5,2,0,23,22,18,0
3945,1,5,1,7000,20,0,6,0
14884,2,15,1,1171,25,4,6,0
7306,2,32,1,4000,5,4,3,0
37962,1,36,1,2000,100,0,1,0
35318,2,10,1,0,15,0,25,0
9085,2,5,1,0,53,4,9,0
7564,2,49,1,0,3,0,49,0
45232,1,20,1,6508,52,0,11,0
36670,1,10,1,4000,35,0,3,0
19653,1,16,1,8371,88,0,17,0
47021,1,16,1,17365,10,6,19,1
20202,1,39,1,4000,40,0,3,0
35497,1,46,1,0,8,17,3,0
3232,1,4,1,0,7,1,14,0
43205,2,29,1,0,100,21,3,0
40399,2,5,1,8100,19,15,9,0
12594,2,44,1,0,4,0,5,0
40175,1,39,1,0,21,0,2,0
44189,1,45,1,10506,36,1,13,0
201,1,44,1,2662,5,0,2,0
31215,2,10,1,11000,100,0,10,1
39677,2,38,1,3000,4,9,2,0
15430,2,15,1,545,34,0,4,0
30940,2,10,1,3000,56,0,2,0
31222,1,44,1,6000,18,7,5,0
34202,1,35,1,5696,96,1,24,0
48936,2,15,1,0,30,0,6,0
47151,1,29,1,0,50,14,5,0
24411,1,11,1,8281,11,13,10,0
17809,1,19,1,4000,6,1,3,0
47268,1,35,1,12733,5,0,16,0
3756,1,24,1,455,41,0,3,0
33142,2,49,1,138,3,32,8,0
12587,2,15,1,8191,13,45,17,1
30438,2,29,1,0,46,21,30,0
13329,1,5,1,7956,16,0,14,0
13062,1,49,1,0,21,0,12,0
28699,1,35,1,0,13,0,35,0
4297,1,35,1,21156,10,23,22,1
30196,2,45,1,5000,17,6,4,0
38037,2,43,1,0,42,5,14,0
4751,1,23,1,1641,9,0,3,0
8649,1,4,1,3000,7,0,2,0
44355,1,24,1,6000,100,0,5,0
10637,1,48,1,1900,7,0,24,0
19241,2,13,1,7000,10,0,6,0
36310,1,20,1,9776,50,41,9,1
24334,1,35,1,1882,89,0,4,0
46017,1,17,1,4000,58,0,3,0
22908,2,10,1,5000,87,3,4,0
48717,1,36,1,7622,33,7,34,0
4557,2,29,1,0,11,0,4,0
19923,2,10,1,0,6,0,2,0
28246,1,34,1,13000,32,0,12,0
16262,1,4,1,3000,100,24,2,0
20826,2,3,2,7000,10,0,6,0
41176,2,19,1,3000,18,0,2,0
36058,1,49,1,6474,92,9,6,1
858,1,35,1,11000,4,0,10,0
37969,1,44,1,947,100,0,14,0
27823,1,15,1,0,31,0,44,0
33347,1,36,1,3000,20,6,2,0
31165,1,39,1,14297,96,4,26,1
14284,1,10,2,5000,45,0,4,0
20253,1,44,1,0,19,0,7,0
5534,2,35,1,4000,85,0,3,0
36335,2,49,1,9000,45,0,8,0
37215,1,35,1,5000,15,7,4,0
44001,1,10,1,3000,41,14,2,0
1878,2,10,1,4000,12,0,3,0
29112,1,15,1,0,19,0,2,0
28474,2,5,1,4714,7,0,16,0
15028,1,23,1,0,24,0,8,0
25660,2,39,1,3000,28,0,2,0
25165,2,12,1,3000,32,0,2,0
6606,1,11,1,906,2,0,2,0
22833,2,43,1,359,57,6,5,0
32076,1,35,1,4000,5,7,3,0
41213,2,4,2,11466,46,0,11,1
968,2,5,1,5000,11,10,4,0
45502,2,49,1,10000,87,1,9,1
748,1,10,1,0,13,0,4,0
17408,1,39,1,0,36,3,11,0
1033,1,4,1,10000,21,0,9,0
39775,2,17,1,438,100,0,17,0
25161,2,30,1,7000,15,60,6,0
12288,1,18,1,15643,12,1,22,0
12038,2,5,1,0,14,1,4,0
28011,1,10,1,0,18,60,4,0
5271,2,49,1,0,11,0,5,0
4284,1,21,1,0,2,0,2,0
33455,1,36,1,6568,9,24,6,0
47537,1,29,1,2657,36,4,4,0
19680,2,24,1,0,16,0,3,0
14553,1,39,1,8290,25,0,29,1
46177,1,36,1,7639,50,2,13,0
6759,1,11,1,0,99,0,8,0
40682,2,3,1,10041,100,0,13,0
4904,1,35,1,7654,34,0,39,1
6694,1,23,1,8000,9,2,7,0
36040,1,5,1,5000,32,0,4,0
20507,1,15,1,3954,89,0,13,0
29571,1,39,1,4000,100,0,3,1
6936,1,12,1,10909,48,1,11,1
16712,2,10,1,3000,5,15,2,0
26354,1,3,1,2335,32,0,6,0
39638,1,36,1,2000,100,6,1,0
29418,1,23,2,0,79,0,3,0
36999,2,29,1,7000,23,3,6,0
19438,1,15,1,6698,9,0,13,0
33494,2,10,1,710,100,0,17,0
41422,1,16,1,5000,27,9,4,0
44420,2,43,1,5069,46,0,20,0
3076,1,15,1,0,21,3,12,0
44260,1,11,1,0,95,0,2,0
27584,1,33,1,7000,12,1,6,0
46001,1,44,1,4620,100,4,5,0
27405,1,11,1,5000,3,7,4,0
8676,2,32,1,3679,12,2,20,0
42188,2,35,1,9000,20,1,8,0
47960,1,16,1,4000,30,0,3,0
3564,1,38,1,0,5,0,11,0
49674,2,14,1,2330,51,6,9,0
26777,2,23,1,0,13,0,10,0
3767,2,15,1,333,9,0,6,0
48090,1,44,2,0,23,3,5,0
2030,2,10,2,0,28,1,7,0
16550,1,41,1,6000,77,0,5,1
12217,1,35,1,3000,17,0,2,0
44444,1,35,1,5580,42,0,6,0
7194,1,32,2,1789,13,0,3,0
21300,1,24,1,1816,19,7,8,0
9355,2,5,1,0,22,0,5,0
31838,1,41,1,0,0,0,5,0
22692,2,36,1,7457,23,0,8,0
12365,1,35,1,0,28,1,8,0
23009,1,10,1,0,91,4,3,0
12758,1,44,1,9000,37,3,8,0
2628,1,38,1,5000,7,0,4,0
11606,2,15,1,10465,19,0,22,0
29453,2,39,1,3000,38,0,2,0
2500,1,32,1,0,5,0,8,0
45543,1,21,1,308,12,0,8,0
725,2,4,1,0,20,0,10,0
25698,2,16,1,573,5,2,3,0
3856,1,44,1,3387,48,0,7,0
17419,1,32,1,4202,37,0,10,0
9171,2,36,1,9143,19,0,18,0
39197,2,48,1,10398,6,0,16,0
16153,2,11,1,0,40,1,5,0
41089,1,43,1,2541,100,11,3,0
36998,1,15,1,864,10,2,4,0
12972,1,46,1,2772,22,0,11,0
14566,1,10,1,3000,6,0,2,0
8221,2,15,1,3000,100,0,2,0
16648,1,21,1,4000,73,43,3,0
42866,1,15,1,6563,37,11,7,0
14730,2,41,1,5000,15,11,4,0
21230,2,5,1,2256,35,4,2,0
17842,2,35,1,0,6,0,5,0
17583,2,5,1,0,15,0,29,0
44994,2,16,1,3416,15,0,5,0
29195,2,36,1,5000,10,6,4,0
32679,1,29,1,4000,38,0,3,0
33809,1,11,1,2039,15,0,7,0
14742,1,35,1,10639,22,9,14,0
28443,2,48,1,0,15,0,8,0
16676,1,16,1,21667,15,6,21,1
27698,1,44,1,878,0,6,4,0
34986,1,29,1,178,7,0,9,0
4238,2,35,1,4000,82,0,3,0
46454,2,5,1,13000,25,0,12,1
12640,2,41,1,6000,2,0,5,0
3357,2,23,1,10000,13,8,9,0
31480,2,48,1,15493,38,0,75,1
36123,2,44,1,5000,14,0,4,0
48893,1,48,1,4000,5,0,3,0
14540,1,43,1,1056,44,0,2,0
2663,1,10,1,10700,75,0,15,0
24544,2,17,2,0,13,8,5,0
5103,2,38,1,0,7,0,6,0
5549,1,6,1,13028,2,0,14,0
31649,1,36,1,7000,5,6,6,0
2790,1,23,2,9395,15,0,20,0
37786,2,6,1,0,34,0,4,0
42405,2,7,1,3271,19,0,4,0
24211,2,29,1,8000,15,0,7,0
21747,1,11,1,0,19,26,13,0
37972,1,39,1,3519,34,0,18,0
3549,1,24,1,8195,31,32,20,0
6083,1,41,1,8000,41,0,7,0
31996,2,35,1,11342,42,0,13,1
25847,2,20,1,0,17,0,6,0
13957,2,35,1,4000,51,0,3,0
42075,2,20,1,11263,14,4,15,1
45869,1,10,1,6116,14,1,11,0
38338,1,44,1,695,100,0,14,0
20651,1,5,1,4000,7,7,3,0
47347,1,44,1,4000,24,0,3,0
35648,2,5,1,4000,2,0,3,0
20957,1,11,1,7000,20,0,6,1
36342,1,20,1,3553,33,0,3,0
19968,1,39,1,14271,13,5,16,0
33559,1,49,1,6000,68,0,5,0
42186,2,44,1,7000,96,0,6,1
42576,1,4,1,4000,20,0,3,0
30600,1,44,1,0,5,0,3,0
3453,1,46,1,0,7,3,9,0
47862,1,13,1,3143,100,16,3,0
36763,1,39,1,1214,45,3,13,0
31488,1,5,1,0,5,1,2,0
48544,1,28,1,4000,3,0,3,0
32725,1,46,1,638,13,0,10,0
27681,1,41,1,8000,21,1,7,0
21899,2,18,1,3000,8,1,2,0
44101,2,15,1,0,10,1,5,0
4338,2,15,1,4000,13,0,3,0
16846,2,29,1,0,60,10,2,0
2246,1,5,1,9045,24,1,23,1
48914,2,5,1,0,13,0,7,0
44027,1,5,1,3000,23,6,2,0
36774,1,17,1,9863,52,0,13,0
42598,1,44,1,1748,34,0,39,0
20862,1,5,1,9000,38,2,8,0
36597,1,44,1,5000,17,11,4,0
14489,1,37,1,3000,6,4,2,0
12516,2,37,1,4000,68,6,3,0
21402,2,44,1,2820,71,0,8,0
34353,1,5,1,4571,100,8,5,0
14644,2,15,1,4664,2,0,8,0
46443,2,48,1,8000,19,0,7,0
37809,1,15,1,0,5,0,5,0
45525,1,24,1,5000,44,0,4,0
29848,1,32,1,8000,10,0,7,0
26157,1,32,1,3000,15,0,2,0
26177,2,10,1,3000,14,18,2,0
47961,2,5,2,3000,100,5,2,1
6921,1,37,1,7000,7,3,6,0
2305,2,35,1,1253,2,0,5,0
7975,2,39,1,7722,4,0,16,0
10997,2,48,1,0,8,0,34,0
1654,1,5,2,3172,15,0,3,0
19056,1,17,1,4000,9,0,3,0
39572,1,39,1,5000,9,5,4,0
7118,1,5,1,6092,24,3,75,1
1244,2,25,1,4000,25,0,3,0
17205,1,11,1,6729,33,0,30,1
7680,2,10,1,5000,7,3,4,0
45391,2,5,1,2990,16,0,2,0
5032,1,2,1,0,8,1,11,0
47604,2,28,1,5036,49,1,9,0
18619,2,5,1,6000,10,0,5,0
19741,1,35,1,9000,5,7,8,0
41188,2,44,1,3494,34,10,5,0
41206,1,11,1,8000,11,8,7,0
14183,1,44,1,0,3,7,16,0
10478,2,41,1,8000,13,3,7,0
47559,2,49,1,0,25,2,11,0
42638,1,10,1,6000,32,3,5,0
43054,2,1,1,4000,12,2,3,0
14632,2,15,1,4000,6,0,3,0
17731,1,46,1,6000,19,0,5,0
9288,2,14,1,0,14,0,5,0
22112,2,5,1,1841,100,1,34,1
29255,1,44,1,2000,9,1,1,0
39006,1,36,1,1310,12,10,4,0
41071,1,34,1,12000,7,0,11,0
27071,1,4,1,0,24,1,6,0
29003,1,32,1,3000,11,0,2,0
11332,2,11,1,10176,17,14,13,0
26132,1,44,1,548,14,5,3,0
42333,1,5,1,5000,5,1,4,0
37060,2,20,1,4000,13,0,3,0
8900,1,36,1,0,17,0,9,0
15500,1,45,1,8000,60,1,7,0
39660,1,29,1,7000,12,0,6,0
22723,1,44,2,4000,6,3,3,0
32527,2,36,1,0,44,3,7,0
34753,1,46,1,6000,7,5,5,0
7386,1,6,1,6000,3,11,5,0
7957,2,35,1,8821,14,0,18,0
38104,1,33,1,5239,38,0,17,0
42616,1,5,2,2299,7,0,5,0
30052,2,44,1,3000,100,0,2,0
8207,2,13,1,0,68,0,25,0
3569,2,10,1,1945,17,0,4,0
12734,1,20,1,9000,14,6,8,0
16086,1,5,1,2483,25,0,12,0
16343,1,36,1,1287,14,0,16,0
46795,2,44,1,3766,14,21,4,0
33231,2,44,1,10000,10,0,9,0
42523,1,23,1,9772,26,0,23,1
37926,1,32,1,0,24,28,5,0
11498,1,5,1,0,4,0,8,0
41508,1,29,1,0,8,0,3,0
7948,2,13,1,8000,18,13,7,0
16178,2,27,1,475,15,0,6,0
25942,1,10,1,0,2,0,19,0
45065,2,15,1,5000,33,0,4,0
43354,1,35,1,0,4,0,6,0
48196,2,4,1,6000,10,7,5,0
17053,1,5,1,0,37,18,4,0
5226,1,24,1,6278,40,0,13,0
1545,2,47,1,0,15,1,2,0
14732,2,26,1,3000,17,0,2,0
14085,2,11,1,5929,12,10,12,0
44503,2,40,1,0,9,9,13,0
40348,1,17,1,1019,37,0,11,0
1396,2,12,1,7994,32,0,13,0
25194,2,10,1,0,16,7,2,0
21767,1,7,1,5000,7,0,4,0
32758,2,10,1,3802,79,8,17,0
4645,1,47,1,5000,56,0,4,0
40077,1,44,1,0,36,2,7,0
46143,1,15,1,0,32,1,2,0
26562,2,5,1,294,17,6,3,0
26102,1,6,1,5000,85,0,4,0
10657,1,39,1,2877,92,12,24,1
13279,1,39,1,1178,24,0,4,0
14527,1,11,1,9992,36,5,9,0
31962,2,25,1,0,19,14,4,0
47689,1,24,1,2679,30,7,3,0
31194,2,17,1,0,14,5,25,0
11027,1,43,1,4022,31,4,6,0
8764,2,15,1,5000,7,0,4,0
22239,1,36,1,1471,7,1,4,0
11213,2,5,1,0,14,0,8,0
3508,1,37,1,10000,28,1,9,0
27090,1,5,1,0,13,0,9,0
9041,1,16,1,4817,14,0,5,0
34800,1,4,1,7324,57,1,7,0
24781,2,51,1,3000,11,3,2,0
19899,1,23,1,5000,16,3,4,0
29448,1,4,1,0,11,0,9,0
16881,1,8,1,7000,67,3,6,0
29497,1,10,1,7000,80,3,6,1
37586,1,38,1,42,14,0,3,0
13042,1,3,1,6000,28,0,5,0
38581,2,11,1,12000,33,0,11,0
5324,1,36,1,3728,7,0,12,0
4010,2,48,1,0,16,0,10,0
37350,1,46,1,13000,19,3,12,1
27062,2,36,1,11000,2,5,10,1
24634,2,23,1,3000,39,1,2,0
12351,1,35,1,6940,10,0,12,0
4544,2,2,1,11000,34,0,10,0
21242,1,24,1,7061,48,0,19,0
38389,2,24,1,3000,24,40,2,0
5596,1,10,1,0,28,20,14,0
32947,1,44,1,0,4,0,8,0
24002,1,43,2,935,75,0,15,0
41424,1,45,1,0,42,1,5,0
36830,2,2,1,7000,16,0,6,0
11891,2,44,1,11000,23,1,10,0
41766,1,14,1,8000,8,0,7,0
7450,1,19,1,5478,41,3,13,0
20207,1,23,1,0,22,1,4,0
14287,1,50,1,6214,5,5,13,0
19091,1,39,1,3441,63,0,9,0
36084,1,24,1,0,100,0,2,0
40435,2,39,1,0,100,0,5,0
16715,2,20,1,0,21,5,3,0
29086,1,39,1,6000,4,8,5,0
40311,1,4,1,0,9,17,3,0
30773,2,32,1,3000,26,1,2,0
28944,1,35,1,0,7,12,6,0
49094,1,50,1,6000,100,7,5,0
19809,2,2,1,0,12,0,9,0
38188,2,17,1,8000,100,0,7,1
24651,1,45,1,12048,36,0,23,0
48260,1,44,1,16160,100,6,20,1
36468,1,5,1,7000,40,0,6,0
6601,1,32,1,0,13,0,11,0
29338,1,34,1,6097,16,3,7,0
7862,1,33,1,3000,4,0,2,0
35414,1,31,1,4663,23,0,8,0
9585,1,48,1,0,12,5,10,0
32986,2,15,1,12000,5,0,11,0
6553,1,24,1,824,13,0,21,0
22915,1,24,1,13000,100,7,12,0
39353,1,10,1,0,14,0,3,0
19950,1,39,1,0,21,10,5,0
14305,1,20,1,0,2,0,9,0
35861,2,35,1,3000,5,11,2,0
2301,2,5,1,3000,81,0,2,0
18499,1,46,1,0,16,0,5,0
7174,2,29,1,1736,32,0,6,0
6709,1,29,1,2074,32,0,20,0
26937,2,48,1,9000,13,0,8,0
17572,1,11,1,7778,12,2,7,0
15247,1,35,2,2000,12,0,1,0
35666,2,42,1,8000,5,0,7,0
4590,1,5,1,0,13,0,3,0
25791,2,20,1,1097,38,0,19,0
8593,2,23,1,0,8,0,2,0
32426,1,44,1,6000,6,0,5,0
13283,2,5,1,12832,22,2,71,1
14093,1,44,1,3000,66,8,2,0
38497,1,10,1,3000,6,0,2,0
48895,2,19,1,2522,94,0,26,0
32327,2,15,1,0,28,0,5,0
24425,1,16,1,7389,12,5,8,0
22979,2,16,1,0,3,0,3,0
25685,1,6,1,3000,9,5,2,0
19392,2,7,1,0,30,15,4,0
16054,1,10,1,0,2,0,2,0
17480,1,33,2,0,5,0,12,0
47190,1,7,1,0,7,5,30,0
46022,2,3,1,0,40,0,9,0
2825,2,20,1,0,30,9,3,0
1648,1,6,1,7579,16,0,12,0
6207,1,19,1,0,19,0,3,0
22625,1,34,1,4914,100,0,14,1
13898,1,5,1,0,33,7,5,0
36004,2,8,1,8000,5,1,7,0
16356,2,10,1,20000,27,0,19,1
48236,1,36,1,3000,5,0,2,0
11994,1,50,1,6000,34,0,5,0
741,1,4,1,5559,15,0,8,0
8953,1,32,1,0,35,0,5,0
22568,1,29,1,10588,23,2,19,0
26329,2,5,1,9000,6,0,8,0
48993,2,21,1,0,14,0,4,0
21479,2,49,1,3000,100,0,2,0
22380,1,4,1,0,4,7,9,0
36749,2,10,1,6506,100,1,14,1
32373,1,5,1,5608,33,0,9,0
48230,1,23,1,3000,20,2,2,0
19851,1,48,1,0,4,2,6,0
34472,1,10,1,11000,18,0,10,0
34281,1,36,1,4000,57,2,3,0
32909,1,44,1,0,1,3,6,0
39859,1,48,1,4000,10,0,3,0
5767,1,11,1,9407,100,3,11,1
22869,2,6,1,16141,44,2,29,1
23263,2,18,1,6220,6,6,13,0
47168,1,29,1,5000,1,7,4,0
21773,1,5,1,0,100,0,5,0
34931,1,29,1,0,19,12,6,0
8306,2,49,1,8475,16,0,30,1
2849,1,20,1,9000,8,12,8,0
20569,2,33,1,6275,7,8,11,0
21446,1,25,1,0,44,0,2,0
18092,1,14,1,9018,26,0,10,0
13260,1,26,1,16209,95,2,62,1
6864,2,20,1,6349,72,0,48,1
27678,2,38,1,5118,13,0,5,0
32224,1,44,1,10000,12,0,9,0
20404,1,44,1,0,24,6,4,0
28760,1,46,1,7895,100,0,11,0
11667,1,37,1,4942,26,0,57,0
20061,2,24,1,0,23,0,17,0
16922,2,46,1,4000,85,0,3,0
15321,1,43,1,3000,19,36,2,0
38395,2,39,1,0,1,0,2,0
40276,2,10,1,12000,8,28,11,0
26822,2,44,1,4000,58,0,3,0
28119,2,43,1,1072,19,0,5,0
22396,2,11,1,0,48,0,3,0
15369,2,49,1,0,25,0,34,0
40667,2,5,1,0,8,1,2,0
31941,2,39,1,0,3,0,4,0
20350,1,33,1,3000,4,0,2,0
1978,1,23,1,6000,13,0,5,0
41808,2,5,1,0,24,0,6,0
5941,2,27,2,0,28,0,28,0
8940,2,48,1,3000,24,0,2,0
39637,1,10,1,0,6,2,22,0
33509,1,14,1,9004,8,1,14,0
8279,1,2,2,7083,100,35,8,0
21836,1,24,1,7909,100,21,9,0
38562,1,34,1,4981,16,42,30,1
48190,1,5,1,8317,3,0,8,0
30835,1,5,1,1466,20,39,9,0
6593,1,5,1,5670,25,21,34,0
24800,1,39,1,0,31,0,38,0
5304,2,2,1,4000,54,2,3,0
35148,1,35,1,5000,24,12,4,0
30284,2,23,1,10184,5,0,13,0
17447,1,20,1,10056,13,5,14,1
13981,1,15,1,0,15,0,8,0
39217,2,38,1,5907,3,1,8,0
36272,2,10,1,1706,18,0,3,0
38130,1,5,1,3000,10,0,2,0
9315,1,23,1,5000,21,5,4,0
11844,1,39,1,10523,16,0,30,0
49728,2,5,1,0,36,0,20,1
1053,2,23,1,9000,32,0,8,0
1985,2,12,1,2006,4,0,9,0
10853,1,15,1,0,67,11,6,0
48948,1,5,1,0,12,4,9,0
15654,1,39,1,3000,6,0,2,0
20191,1,35,1,10032,15,0,13,0
16405,2,19,1,0,43,3,10,0
7739,2,41,1,10000,7,44,9,0
34996,1,5,1,7000,10,0,6,0
34307,2,49,1,5161,18,1,10,0
27539,1,25,1,0,7,0,2,0
43294,1,18,1,8000,9,0,7,0
43505,1,21,1,0,35,3,3,0
19977,1,44,1,7000,1,4,6,0
3946,2,17,2,4000,17,0,3,0
48487,1,35,1,0,39,0,2,0
941,2,24,1,0,9,2,1,0
11458,1,5,1,5000,18,12,4,0
22034,1,39,1,3000,27,14,2,0
37476,2,29,1,8000,56,0,7,0
33034,1,15,1,4000,56,0,3,0
19806,1,2,1,5000,18,51,4,0
45591,2,25,2,108,11,2,4,0
41211,1,13,2,0,42,0,3,0
33789,1,10,1,7745,7,1,8,0
34983,2,44,1,143,14,10,4,0
44648,2,21,1,7000,40,0,6,0
31868,2,5,1,10061,15,12,10,0
19619,2,10,1,0,35,0,3,0
6676,2,33,1,0,25,0,8,0
22390,2,4,1,10255,21,0,17,1
20789,1,5,1,4583,13,0,13,0
24526,2,5,1,875,24,0,5,0
39013,2,3,1,4305,4,2,4,0
21458,2,44,1,4000,100,0,3,0
10100,1,39,1,6000,38,8,5,0
7746,1,44,1,5838,22,0,5,0
43540,2,17,1,4000,34,0,3,0
12711,2,35,1,6463,11,0,6,0
38148,1,36,1,0,17,1,10,0
20405,1,15,1,4000,32,0,3,0
16249,2,32,1,4966,9,3,4,0
7706,2,25,1,14294,4,0,15,1
47206,1,16,1,7000,34,0,6,0
25556,1,29,1,4000,100,17,3,1
23286,1,20,1,498,9,0,16,0
49299,2,5,1,0,22,27,2,0
18400,2,44,1,4000,29,0,3,0
31156,2,10,1,4000,12,0,3,0
9831,1,29,1,2085,13,0,7,0
3392,1,32,1,612,12,0,3,0
19835,1,35,1,10215,7,0,12,0
12082,1,34,1,0,23,16,18,0
41117,2,49,1,4000,10,9,3,0
9591,2,45,1,3000,9,0,2,0
1522,1,44,1,3974,15,0,5,0
3077,1,15,1,1655,7,0,6,0
31189,2,15,1,0,13,0,15,0
20500,2,35,1,4824,10,0,4,0
9025,2,35,1,3000,20,0,2,0
4048,1,5,1,10000,38,0,9,0
1555,2,39,2,8000,50,0,7,0
14576,1,25,1,4000,31,4,3,0
20064,1,7,1,9000,42,2,8,0
4916,1,35,1,13000,13,3,12,0
8583,2,45,1,0,100,0,7,0
45099,2,26,1,0,14,0,8,0
43927,2,11,1,0,8,3,3,0
6313,2,49,1,3499,24,4,3,0
18308,1,20,1,4000,32,7,3,0
23533,1,24,1,7242,6,20,17,0
22250,2,24,1,0,11,0,38,0
21335,2,25,1,3000,46,3,2,0
14738,1,23,1,5760,39,0,6,0
24673,1,44,1,3000,14,0,2,0
11837,1,43,1,8382,45,0,10,0
45858,1,7,1,12000,13,6,11,1
3417,2,15,1,4000,9,0,3,0
11128,1,48,1,6961,23,0,12,0
517,2,49,1,0,11,2,6,0
8909,1,26,2,8000,27,0,7,0
26897,2,29,1,156,3,0,4,0
14189,1,32,1,6000,6,0,5,0
12660,1,35,1,5954,6,0,11,0
24142,1,23,2,7000,7,0,6,0
25816,2,10,1,2509,29,0,5,0
36355,2,44,1,4000,10,32,3,0
15681,2,37,1,3000,28,0,2,0
5992,2,13,1,2526,8,14,5,0
24689,1,44,1,5000,4,0,4,0
14301,1,7,2,1259,27,8,3,0
38378,1,46,1,3359,32,0,11,0
17525,2,3,1,7000,5,0,6,0
24754,2,10,1,0,30,0,11,0
9267,1,35,1,4000,26,0,3,0
8380,1,15,1,3000,13,17,2,0
10965,1,15,1,0,26,0,11,0
27992,1,5,1,9000,10,7,8,0
20146,1,39,1,4442,29,0,11,0
37122,2,29,1,3264,12,28,13,0
39536,1,36,1,13081,88,0,41,1
99,2,5,1,5500,14,0,11,0
49918,1,15,1,4699,10,8,15,0
29150,1,5,1,2846,79,4,2,0
44188,1,35,1,0,14,0,16,0
32911,1,16,1,3000,9,0,2,0
33426,1,44,1,7000,26,4,6,1
9633,2,39,1,4000,24,14,3,0
30183,2,41,1,1723,35,20,7,0
46056,1,49,1,0,4,0,8,0
33833,1,23,1,0,9,0,5,0
2389,2,15,1,5612,8,0,5,0
35628,1,10,1,7798,8,2,10,0
26703,1,9,1,1028,13,5,5,0
5427,1,24,1,0,100,27,3,0
34644,2,10,1,3000,18,0,2,0
20666,2,6,1,0,54,36,9,0
8277,1,11,1,4000,33,0,3,0
7912,2,10,1,7000,40,0,6,0
25838,2,29,1,3000,15,8,2,0
25484,1,4,1,0,7,0,9,0
48251,1,39,1,3000,22,3,2,0
41376,1,25,1,0,7,0,5,0
36479,1,3,1,4000,12,20,3,0
20571,1,10,1,14950,16,0,16,0
3754,1,35,1,4000,16,0,3,0
36043,1,23,1,7320,14,2,21,0
30748,1,46,2,6000,5,0,5,0
46807,2,44,1,5228,23,0,10,0
29587,1,5,1,11674,73,9,11,0
14886,2,20,1,2000,69,0,1,1
31948,2,45,1,0,4,0,4,0
2021,1,25,1,0,100,0,4,0
45644,1,5,1,935,100,0,3,0
43285,2,15,1,0,51,11,64,1
34187,2,35,1,4760,15,0,6,0
44356,2,4,1,3000,17,0,2,0
32594,1,10,1,4947,9,0,6,0
8505,2,31,1,4000,100,0,3,0
16636,2,43,1,4451,3,4,4,0
9007,1,26,1,4000,8,0,3,0
22938,1,11,1,10000,12,0,9,0
36602,2,10,1,10000,8,0,9,0
12201,1,23,1,0,4,4,5,0
39740,1,5,1,3000,30,4,2,0
5894,1,46,1,19000,16,0,18,1
10423,1,43,1,1028,17,0,4,0
21248,1,15,1,5000,6,60,4,0
6351,1,21,1,11150,49,0,18,1
2508,2,5,1,6000,49,0,5,0
20273,1,32,1,5216,5,0,5,0
46068,2,36,1,0,26,0,3,0
39514,1,41,1,12000,59,0,11,1
4254,2,7,1,8000,59,0,7,1
5743,2,27,1,4000,83,3,3,0
40361,2,5,1,4000,6,33,3,0
23395,1,29,1,0,20,0,11,0
27835,1,15,1,14949,28,4,27,0
954,1,10,1,0,5,0,6,0
27157,1,35,1,3632,22,0,14,0
46161,2,32,1,0,100,13,6,0
33264,1,44,1,0,34,0,19,0
34907,1,32,1,9000,8,0,8,0
23442,2,6,1,1774,49,3,4,0
26169,1,36,1,3216,100,7,40,1
4013,1,49,1,4000,3,0,3,0
36050,1,18,1,10000,13,0,9,0
45083,2,24,1,8000,25,0,7,0
45278,2,43,1,0,19,2,2,0
2659,1,6,1,2304,23,0,4,0
49536,1,19,1,7998,77,0,14,0
42377,2,35,1,14500,28,0,16,0
49601,1,48,1,13439,51,3,16,0
42719,1,16,1,1772,3,0,12,0
41570,1,36,1,4000,63,0,3,0
27474,2,17,1,3000,14,20,2,0
49983,1,15,1,1445,25,0,22,0
4362,1,10,1,3000,48,6,2,0
2667,2,46,1,8592,13,0,8,0
25335,2,38,1,3238,42,0,3,0
29573,2,15,1,5000,21,0,4,0
19052,1,23,1,2791,6,0,5,0
48129,1,26,1,0,12,0,4,0
49352,1,20,1,0,15,0,3,0
44693,1,5,1,3000,12,15,2,0
12352,2,45,1,5000,8,56,4,0
20402,1,5,1,4000,19,0,3,0
3894,2,25,1,4742,24,13,10,0
44830,2,35,2,0,50,0,1,0
25301,2,48,1,7000,49,0,6,0
48403,1,33,1,2699,18,0,47,0
848,2,46,1,5654,22,0,6,0
10850,1,36,1,3317,81,0,3,0
12693,2,39,1,0,4,0,10,0
17194,1,17,1,4000,32,11,3,0
42874,2,21,1,5000,87,2,4,0
47134,2,34,1,7000,7,0,6,0
46247,1,10,1,10000,25,0,9,0
37070,2,10,1,0,26,0,7,0
17357,2,10,1,1493,11,0,9,0
31839,2,35,1,6218,48,4,7,0
42807,1,16,1,4000,7,9,3,0
49777,2,44,1,0,31,0,4,0
6758,1,24,1,12716,12,0,49,1
18411,2,28,1,8000,9,0,7,0
17365,2,5,1,6918,5,0,7,0
20694,1,41,1,1639,88,13,2,0
14450,1,19,1,6000,4,0,5,0
31060,2,11,1,3000,54,0,2,0
30710,1,37,1,6000,18,5,5,0
16512,1,35,1,0,3,3,3,0
20728,1,5,1,4000,22,0,3,0
30935,1,29,1,2451,8,0,12,0
28464,1,15,1,2934,29,13,6,0
14556,2,20,1,2478,3,0,5,0
46076,2,10,1,5000,8,37,4,0
40873,1,5,1,5000,8,31,4,0
8141,2,2,1,7000,32,13,6,0
46332,1,16,1,6000,17,0,5,0
22461,1,20,1,5000,34,0,4,0
16181,1,23,1,0,6,0,5,0
41134,2,24,1,7000,25,0,6,0
31279,1,35,1,11000,8,0,10,0
24121,1,48,1,1113,6,2,17,0
2291,2,35,1,7000,4,4,6,0
9027,2,29,1,0,6,0,16,0
24447,1,23,1,0,54,1,13,0
12484,1,44,1,5000,36,7,4,0
47756,2,32,1,0,10,0,2,0
8133,2,23,1,6771,77,0,6,0
24164,1,35,1,8926,16,6,8,0
28725,1,32,1,1314,100,10,17,1
6982,2,7,1,4000,27,0,3,0
20028,1,19,1,5848,52,5,7,0
21370,1,10,1,5000,11,0,4,0
14775,2,5,1,22364,44,0,38,1
6120,1,39,1,850,64,1,20,0
18296,1,47,1,0,20,2,15,0
32156,1,11,1,11000,44,8,10,0
23935,1,44,1,4000,43,0,3,0
42674,1,46,1,0,25,0,3,0
49291,2,45,1,1112,27,2,17,0
39737,2,32,1,5000,78,0,4,0
10400,1,24,1,11000,9,1,10,0
42997,2,11,1,1672,16,0,5,0
21057,1,5,1,0,7,12,18,0
9481,1,39,1,4000,14,0,3,0
21123,2,44,1,3000,5,26,2,0
25279,1,5,1,0,7,9,6,0
1454,2,5,1,457,22,7,4,0
45747,1,6,1,0,20,0,6,0
48826,2,21,1,1163,15,0,2,0
41722,1,23,1,6886,100,0,7,0
31070,2,15,1,7000,18,5,6,0
27970,1,5,1,4000,82,0,3,0
11484,1,15,1,3000,33,0,2,0
39760,2,35,1,4445,60,0,12,1
21612,1,6,1,4000,100,0,3,0
6405,1,35,1,11000,4,0,10,0
16378,2,7,1,0,2,30,6,0
23624,1,23,1,5052,47,0,7,0
46379,2,35,1,4501,23,13,7,0
40414,1,46,1,3235,46,11,5,0
39224,1,2,1,5286,5,0,7,0
30919,1,44,1,15298,28,5,34,0
4616,1,8,1,5000,0,0,4,0
9452,1,26,1,5000,100,0,4,0
15281,2,33,1,7960,8,10,13,0
8539,2,11,1,5832,8,0,9,0
19812,2,48,1,0,8,0,5,0
34892,2,49,1,7555,22,0,11,0
44102,1,35,1,3497,5,0,6,0
28267,2,4,1,7123,50,2,10,0
27255,1,15,1,8078,62,0,10,0
18470,1,5,1,519,16,0,4,0
2195,1,5,1,5000,56,0,4,0
29790,2,35,1,0,5,0,14,0
13877,1,28,1,7000,13,0,6,0
30588,1,44,1,4691,61,2,5,0
37400,1,15,1,0,2,2,4,0
15278,1,44,1,11673,13,2,13,0
14615,2,36,1,0,1,0,5,0
31202,1,43,1,0,34,0,4,0
26753,2,5,1,5159,100,0,5,0
47695,1,44,1,3000,21,0,2,0
6731,2,20,1,4000,10,3,3,0
44201,1,5,1,5000,85,0,4,0
9009,1,24,1,1794,81,0,9,0
46257,1,5,1,10000,15,0,9,0
18311,1,43,1,1542,46,0,19,0
34560,2,38,1,6823,100,0,9,0
5788,1,19,1,2546,21,0,22,0
18863,1,10,1,3000,36,0,2,0
45955,2,44,1,968,46,0,5,0
26879,1,21,1,5000,2,5,4,0
3278,1,25,1,7000,8,48,6,0
31412,1,22,1,7261,9,0,12,0
29513,1,41,1,6000,22,0,5,0
14890,1,13,1,9819,32,0,12,0
31594,2,35,1,0,1,1,50,0
10677,1,10,1,7664,1,0,9,0
12672,1,5,1,6000,30,0,5,0
32139,1,29,1,1568,24,0,7,0
33656,2,10,1,0,4,0,2,0
31655,2,49,1,4881,22,5,10,0
19254,1,14,1,6000,47,0,5,0
14363,2,44,1,18929,32,0,27,1
12185,2,10,1,5000,11,5,4,0
32092,1,13,1,9030,26,0,10,0
29407,1,21,1,5890,14,0,7,0
17013,1,44,1,6000,91,0,5,1
46051,2,20,1,0,20,5,20,0
15395,2,4,1,1594,2,0,6,0
305,1,10,1,2000,18,0,1,0
10884,1,44,1,5000,31,5,4,0
25251,2,35,1,5000,10,0,4,0
22757,1,5,1,0,41,0,18,0
153,1,5,1,5000,13,0,4,0
5863,1,23,1,0,81,1,6,0
32857,2,50,1,4000,11,0,3,0
3446,1,11,1,0,2,0,2,0
18674,1,25,1,16509,2,0,17,0
16421,1,5,1,0,9,8,24,0
43750,2,5,1,2772,9,0,11,0
1419,2,11,1,4000,49,1,3,0
4703,2,35,1,0,10,0,4,0
15484,2,5,1,5000,4,0,4,0
45565,1,10,1,2898,16,2,17,0
5562,1,16,1,0,100,0,2,0
31565,2,35,1,18000,12,0,17,0
7375,2,39,1,3000,9,0,2,0
21024,1,45,1,6000,65,9,5,0
22202,1,5,1,11662,11,0,15,1
30611,1,48,1,2618,81,0,5,0
27654,2,46,1,2000,4,0,1,0
22640,1,44,1,0,5,1,8,0
17803,1,5,1,4270,7,0,10,0
13730,1,44,1,4107,9,5,6,0
39060,1,39,1,4302,5,60,31,0
40752,2,13,1,0,100,25,5,0
20413,2,29,1,4000,42,0,3,0
35198,1,14,1,3000,23,0,2,0
30273,1,16,1,3509,7,0,5,0
7816,1,31,1,0,13,2,5,0
41111,1,15,1,0,12,1,5,0
28082,1,5,1,1756,54,0,9,0
10631,1,14,1,7999,57,0,10,0
27919,1,35,1,2030,15,0,20,0
10418,1,10,1,603,22,0,6,0
42729,2,26,1,0,3,0,3,0
8257,1,23,1,7000,24,7,6,0
44678,1,48,1,0,25,0,4,0
8695,1,47,1,5794,9,0,13,0
6852,1,11,1,12451,62,0,16,0
4727,1,17,1,4133,26,0,4,0
3258,1,10,1,6245,44,0,15,0
45477,1,35,1,7000,9,0,6,0
24986,1,25,1,5000,14,11,4,0
46199,1,5,1,564,12,0,1,0
14444,1,5,2,4625,19,1,9,0
46267,2,18,1,839,19,0,23,0
37025,1,36,1,1450,13,1,6,0
31724,2,10,1,0,3,0,8,0
4833,1,5,1,398,15,0,6,0
9318,2,35,1,5000,57,0,4,0
6134,2,4,1,3866,18,15,3,0
28816,2,4,1,9000,19,0,8,0
4501,1,2,1,286,25,25,2,0
11501,1,13,1,0,12,0,5,0
2943,1,49,1,5346,3,0,6,0
12592,1,11,1,7000,4,1,6,0
29552,1,32,1,7000,15,2,6,0
6873,1,28,1,0,15,0,7,0
7398,1,36,1,3000,6,4,2,0
26770,1,17,1,3000,13,0,2,0
44437,2,11,1,6230,76,0,11,0
39102,1,14,1,3000,100,18,2,0
41672,2,44,1,879,8,0,11,0
23404,1,1,1,2163,32,0,6,0
37370,2,15,1,0,12,0,9,0
42944,2,5,1,4000,100,0,3,0
10982,2,5,2,5000,2,0,4,0
5021,1,44,1,0,21,2,2,0
14829,1,5,1,4000,3,9,3,0
9827,2,35,1,0,27,0,2,0
38297,1,5,1,0,29,5,4,0
37919,2,46,1,2419,34,4,3,0
35351,1,33,1,0,12,1,3,0
11108,1,32,1,3710,12,0,10,0
45132,2,32,1,8000,19,0,7,0
21422,1,36,1,2467,29,0,4,0
19354,1,11,1,3000,13,5,2,0
12937,1,49,1,4855,2,6,6,0
41334,1,43,1,2552,5,0,14,0
2902,2,39,1,14042,7,3,27,0
5353,1,4,1,0,100,0,5,0
20583,1,5,1,8000,4,2,7,0
3629,1,49,1,8288,29,21,21,0
19434,2,4,1,0,54,13,5,0
25949,2,45,1,0,18,30,7,0
43278,1,5,1,1813,38,0,4,0
25587,1,44,1,13996,27,0,68,1
41676,2,36,1,7000,9,2,6,0
9862,1,5,1,4840,14,0,6,0
4202,2,49,1,10733,8,48,17,0
11824,1,44,1,0,100,12,16,0
15258,1,14,1,2000,7,0,1,0
24608,1,5,1,7000,100,0,6,0
35943,1,29,1,4505,10,0,9,0
38875,1,10,1,11000,8,0,10,0
35679,2,32,1,7000,37,0,6,0
33750,1,5,1,5000,15,0,4,0
6536,1,25,1,10000,62,9,9,0
25901,2,35,1,3000,33,0,2,0
39109,1,44,1,5207,19,0,8,0
42868,1,11,1,4430,23,0,75,1
34790,1,5,1,0,4,2,5,0
2241,1,5,1,0,29,0,17,0
30027,2,44,1,0,2,11,2,0
16179,1,20,1,6000,3,0,5,0
32057,2,16,1,0,6,0,2,0
40071,1,44,1,8603,22,9,11,0
23407,1,25,1,5000,27,2,4,0
34355,2,11,1,3000,5,0,2,0
16471,1,46,1,13513,100,4,18,1
13624,2,23,1,10000,2,13,9,1
2238,2,10,1,0,18,0,5,0
22280,2,44,1,0,17,0,13,0
11445,1,36,1,7000,9,0,6,0
6903,1,21,1,0,25,1,10,0
45701,2,46,1,3000,1,10,2,0
33151,2,10,1,13000,11,6,12,1
22776,2,23,1,6000,20,5,5,0
25687,1,21,1,4000,23,0,3,0
6275,1,5,1,0,32,0,2,0
18462,2,38,1,2311,7,0,14,0
21340,2,10,1,0,56,0,28,0
11563,1,32,1,10000,26,0,9,0
4204,1,5,1,7218,10,4,7,0
47783,1,5,1,9000,11,19,8,0
36880,1,10,1,4861,26,10,6,0
38917,2,15,1,0,23,24,3,0
18113,2,5,1,0,9,1,10,0
46786,1,36,1,1037,12,0,2,0
17475,1,41,1,0,14,0,7,0
12348,1,44,1,5000,12,0,4,0
45022,2,23,1,0,29,0,5,0
41648,1,39,1,0,48,24,4,0
30883,2,41,1,11759,4,0,18,0
49486,2,10,1,6000,72,0,5,0
28580,1,24,1,8892,28,0,28,0
45912,1,5,1,5388,90,0,8,1
35003,2,45,1,4378,88,3,43,1
13006,1,44,1,6000,17,0,5,0
14958,1,44,1,4000,20,0,3,0
47922,1,39,1,6000,3,0,5,0
492,2,10,1,6000,26,29,5,1
31121,2,21,1,2236,29,10,6,0
20353,2,45,1,0,22,1,13,0
16931,1,4,1,3195,4,1,14,0
28899,1,35,1,2910,13,0,5,0
40585,2,7,1,7245,93,0,22,0
11025,2,5,1,2308,44,0,14,0
38290,1,36,1,4000,25,7,3,0
43660,1,44,1,0,31,0,6,0
13127,1,24,1,5020,17,18,26,0
26264,1,35,1,9000,31,58,8,0
32667,2,50,1,0,9,0,16,0
31833,1,7,1,7040,22,2,7,0
25661,2,5,1,4970,19,1,23,0
35492,2,49,1,705,18,0,7,0
31005,1,35,1,2755,6,3,8,0
37092,2,46,1,0,28,34,2,0
18118,1,44,1,1008,57,1,5,0
35353,2,19,1,7000,100,6,6,0
42154,2,29,1,7519,42,19,16,0
7719,1,35,1,4339,15,0,11,0
49031,1,2,1,0,14,8,6,0
38701,2,5,1,8000,11,2,7,0
19053,1,25,1,2000,8,0,1,0
2719,1,35,1,5000,5,1,4,0
42984,1,6,1,3000,34,0,2,0
7558,2,5,1,0,14,0,9,0
5727,1,44,1,10000,10,3,9,0
22013,2,5,1,0,17,0,12,0
12158,2,44,1,6600,6,2,16,0
29624,2,5,1,0,15,21,5,0
7871,2,32,1,5635,100,0,34,1
49193,1,29,1,4000,5,2,3,0
18740,2,14,1,5108,7,0,9,0
4365,2,36,2,3024,18,3,12,0
47548,1,46,1,3000,16,0,2,0
19714,1,7,1,9954,9,0,13,0
33036,2,5,1,6000,6,3,5,0
42426,1,29,1,13954,1,7,17,0
42099,2,16,1,627,13,0,3,0
34720,1,39,1,5000,7,1,4,0
35333,2,27,1,17681,7,5,75,1
5171,2,29,1,1805,3,0,4,0
13603,1,32,1,0,32,0,3,0
792,2,28,1,3990,12,0,15,0
30995,1,5,1,0,1,0,23,0
25759,1,21,1,0,11,12,4,0
41295,1,2,1,4000,100,8,3,0
14859,1,43,1,836,31,0,10,0
32062,2,24,1,6000,24,3,5,0
35057,2,5,1,5875,79,11,16,0
12118,2,20,1,0,12,7,5,0
47902,1,35,1,9000,9,0,8,0
1286,2,5,1,4000,11,1,3,0
16774,1,15,1,5621,24,2,13,0
16619,1,15,1,3000,100,7,2,0
13298,1,29,1,1238,8,0,5,0
27958,2,44,1,209,37,0,6,0
39917,2,46,1,11742,93,2,21,0
1044,2,10,1,10199,34,0,21,0
27102,1,24,1,1198,41,8,9,0
39077,1,7,1,1537,62,0,7,0
41678,1,48,1,0,38,0,3,0
29913,2,20,1,7000,5,9,6,0
17516,2,44,1,3373,17,0,4,0
41444,1,43,1,7050,100,0,19,0
15885,1,46,1,0,10,0,4,0
3170,1,20,1,0,25,3,14,0
28639,2,49,1,0,27,0,17,0
36153,2,18,1,0,15,2,3,0
427,2,32,1,14322,4,3,23,0
32716,2,16,1,6000,7,0,5,0
39431,1,41,1,2000,10,0,1,0
44335,2,15,1,3000,28,6,2,0
34403,2,24,1,5000,17,0,4,0
42189,2,23,1,2865,5,33,2,0
20437,2,25,1,6000,8,0,5,0
15189,1,11,1,1768,20,11,7,0
1191,2,3,1,5054,49,0,6,0
3230,1,34,1,0,27,0,13,0
30791,2,31,1,0,20,1,3,0
30249,1,5,2,10000,71,6,9,1
26269,1,2,1,8000,58,5,7,0
933,2,16,1,4000,8,17,3,0
40825,2,25,1,0,35,3,12,0
5357,1,47,1,8944,7,14,19,0
33567,2,10,2,12619,8,19,25,1
35330,1,5,1,4518,100,1,4,1
41541,2,15,1,6000,70,0,5,0
30332,2,10,1,6801,29,0,11,0
41918,1,23,1,7381,10,0,16,0
14769,2,5,1,5000,100,0,4,0
4531,1,5,1,0,41,21,9,0
2142,2,21,1,8418,9,32,8,0
37332,2,4,1,5000,17,5,4,0
21222,2,23,1,3000,22,2,2,0
20208,2,24,1,4000,24,0,3,0
46468,1,20,1,10987,14,3,45,0
45542,1,7,1,0,11,1,3,0
9325,2,37,1,4768,33,0,4,0
32989,1,44,1,3822,5,1,3,0
41729,2,16,1,7000,14,14,6,0
37155,1,23,1,4926,48,2,4,0
25714,1,16,1,6079,34,2,6,0
20019,2,43,1,3000,1,9,2,0
18925,1,29,1,0,35,2,1,0
2559,1,32,2,0,28,1,7,0
20092,2,39,1,1491,7,3,7,0
37106,2,31,1,12257,6,0,28,1
14169,1,24,1,5940,22,9,7,0
11271,1,37,1,0,30,5,4,0
16571,1,23,1,4038,9,0,4,0
48308,1,36,1,11000,78,0,10,0
21400,2,44,1,23760,29,2,37,1
24743,1,39,1,9000,14,4,8,0
33637,1,2,1,7000,5,0,6,0
6886,1,46,1,207,5,0,3,0
35570,1,48,1,10000,21,28,9,0
46905,2,19,1,4000,6,1,3,0
40451,1,25,1,5000,8,0,4,0
9003,2,43,1,1886,20,0,20,0
958,1,5,1,3549,37,1,14,0
27073,2,24,1,0,15,0,10,0
2761,1,32,1,5000,27,3,4,0
48919,2,38,1,7422,12,0,9,0
31010,1,44,1,0,19,0,1,0
6315,2,34,1,3506,7,1,3,0
10895,2,43,1,0,6,0,3,0
42968,1,29,1,2301,21,12,8,0
370,2,31,1,173,10,0,45,0
39398,1,39,1,4000,14,3,3,0
12692,1,48,1,5000,21,4,4,0
18474,1,5,1,12166,3,13,28,0
34932,1,28,1,10732,12,0,10,0
34219,1,46,1,3000,28,0,2,0
14533,1,6,1,0,6,0,8,0
47602,1,4,1,5000,12,5,4,0
8872,1,15,1,6000,11,0,5,0
16942,1,46,1,0,43,1,3,0
46436,2,37,1,0,10,21,9,0
36525,1,5,1,1408,60,14,8,0
36207,1,23,1,3028,21,0,17,0
29250,2,24,1,6000,5,0,5,0
24097,2,3,1,8000,20,31,7,0
7887,1,5,1,117,48,0,5,0
46150,1,15,1,13670,25,1,43,1
43623,1,10,1,6012,5,0,43,0
16426,2,15,1,4701,4,1,10,0
21093,2,2,1,5000,6,0,4,0
22189,2,20,1,3000,5,4,2,0
45538,1,35,1,0,1,16,5,0
5662,1,5,1,5000,15,0,4,0
3310,1,38,1,5000,8,3,4,0
19149,2,44,1,0,100,17,9,0
3057,1,23,1,5245,53,0,6,0
1906,1,35,1,5396,15,5,8,0
36957,2,36,1,4554,17,0,4,0
4157,1,5,1,4000,24,0,3,0
944,1,28,1,7365,43,0,9,0
27437,1,44,1,10628,38,0,54,1
46778,1,28,1,0,32,0,2,0
38242,1,16,1,0,4,10,5,0
12053,1,17,1,4000,5,0,3,0
2295,2,46,1,4000,61,12,3,0
6804,1,16,1,6000,12,10,5,0
13660,1,35,1,10000,21,0,9,0
25024,1,20,1,0,7,0,2,0
45622,1,36,1,3000,17,13,2,0
24892,2,49,1,2000,16,3,1,0
40377,2,15,1,3735,14,0,7,0
44402,2,44,1,0,30,7,4,0
32280,2,46,1,6332,21,2,10,0
36412,1,39,1,6000,17,0,5,0
44304,2,25,1,0,25,0,4,0
290,1,28,1,5000,13,2,4,0
30830,1,38,1,5000,73,0,4,0
45552,1,36,1,5000,38,3,4,0
9572,2,37,1,3000,21,0,2,0
8823,2,4,1,1326,6,0,2,0
27478,2,29,1,3952,8,0,15,0
45186,1,39,1,62,12,0,14,0
17708,2,40,1,7000,32,5,6,0
5117,1,35,1,7000,5,0,6,0
29082,1,44,1,536,33,0,5,0
37138,1,35,1,7000,4,22,6,0
22479,2,48,1,7000,8,11,6,0
11637,1,24,1,10109,5,1,74,1
36697,2,48,1,10000,1,0,9,0
32688,2,10,1,6000,8,0,5,0
23574,1,10,1,230,7,0,9,0
38955,2,44,1,3803,100,0,6,0
22969,1,11,1,0,2,0,2,0
27143,1,23,1,12000,14,0,11,0
31878,1,35,1,4000,11,11,3,0
24552,1,11,1,444,100,0,6,0
40284,2,12,1,24451,6,0,25,1
14923,1,15,1,3344,100,1,6,0
43231,1,4,1,5264,60,10,25,0
39695,2,5,1,3473,100,0,7,0
46748,1,49,1,3000,23,0,2,0
43768,1,5,1,858,31,60,6,0
26843,1,49,1,0,6,0,16,0
30179,1,5,1,509,20,1,4,0
9581,2,26,1,9000,9,0,8,0
28680,2,24,1,12471,73,6,15,1
32824,2,23,1,0,29,0,8,0
46876,1,44,1,5000,75,60,4,0
38984,1,46,1,4000,8,2,3,0
49188,1,10,1,1513,16,0,2,0
6082,1,10,1,0,54,0,6,0
38420,1,32,1,0,10,2,6,0
19493,1,5,1,4194,27,0,6,0
1128,2,29,1,4698,15,7,7,0
27134,1,37,1,4000,1,6,3,0
27721,1,10,1,1890,12,0,6,0
36053,2,32,1,0,4,60,12,0
46373,1,38,1,6000,63,3,5,0
16414,1,11,1,7000,22,0,6,0
39880,2,15,1,3000,28,0,2,0
30452,2,19,1,4000,100,0,3,0
15023,1,46,1,0,100,1,18,0
9236,1,18,1,0,7,0,5,0
9846,2,5,1,4000,23,0,3,0
10021,1,35,1,11000,7,48,10,0
47257,2,24,1,0,88,0,4,0
4852,1,4,1,5738,5,3,18,0
20297,1,36,1,7000,3,7,6,0
4094,2,46,1,3000,16,0,2,0
38450,1,16,2,981,45,0,9,0
26263,1,4,1,0,33,0,75,1
48310,1,5,1,1337,100,0,16,0
6246,1,5,1,5740,42,0,6,0
43657,2,29,1,4940,9,0,4,0
42309,1,28,1,0,5,0,29,0
1465,2,7,1,5000,11,0,4,0
45437,1,19,1,8787,8,5,12,0
40349,1,11,1,10000,10,1,9,0
24132,2,29,1,0,43,1,15,0
33946,1,43,1,0,56,0,3,0
23639,1,20,1,8513,31,0,16,0
18390,2,4,1,1117,18,39,8,0
38293,1,41,1,4402,100,28,16,0
5287,1,13,1,0,74,0,2,0
10592,2,23,1,0,54,13,6,0
41191,1,41,1,3000,30,5,2,0
38838,1,5,1,5000,23,0,4,0
19081,2,44,1,5637,30,23,14,0
38551,1,24,1,7181,28,1,7,0
31541,1,25,1,3000,13,1,2,0
42499,1,4,1,0,4,60,3,0
38977,2,36,1,9197,17,0,22,0
30672,2,16,1,5000,19,0,4,0
43519,1,5,1,4000,51,2,3,0
20386,2,44,1,0,63,0,1,0
14866,1,44,1,0,33,18,4,0
37975,1,46,1,5035,6,0,22,0
8880,1,5,1,0,15,2,20,0
26745,2,10,1,2388,13,0,4,0
32881,1,15,1,0,87,0,4,0
42083,2,21,1,9000,5,34,8,0
38488,2,10,1,2649,20,0,5,0
46471,1,2,1,4000,8,0,3,0
22957,1,35,1,14000,45,17,13,1
10408,2,49,1,7000,59,0,6,0
38874,1,24,1,0,45,0,8,0
40121,1,20,1,6308,22,0,18,0
32682,1,48,1,0,13,0,12,0
28535,2,5,1,13510,18,0,40,1
27563,1,5,1,5596,6,6,11,0
22266,2,16,1,1656,38,5,2,0
8327,1,7,1,0,10,0,10,0
10264,1,25,1,7000,33,0,6,0
38999,1,49,1,4000,5,3,3,0
14855,1,46,1,7769,20,4,11,0
31700,2,5,1,5190,51,0,6,0
15487,2,29,1,0,37,1,4,0
18189,1,28,1,721,73,11,6,0
18686,1,16,1,0,24,5,9,0
36875,2,34,2,3490,33,12,3,0
19232,2,46,2,7000,19,14,6,0
2300,2,20,1,7000,22,3,6,0
26384,1,44,1,9000,9,0,8,0
39381,2,3,1,1605,19,2,2,0
2187,2,35,1,10000,42,0,9,0
46634,1,33,1,912,15,0,2,0
13677,1,36,1,5000,13,0,4,0
14658,1,35,1,4000,29,0,3,0
26933,1,29,1,997,79,0,9,0
22809,1,44,1,930,18,2,11,0
41469,1,49,1,4211,41,0,19,0
22748,1,46,1,13000,76,0,12,0
29254,1,6,1,3106,26,2,6,0
21800,1,17,1,5000,25,0,4,0
4661,1,44,1,0,22,0,10,0
6395,2,7,1,6000,49,0,5,0
649,1,21,1,0,35,1,5,0
48365,1,2,1,9000,23,2,8,0
15312,2,29,1,4000,10,0,3,0
1393,2,21,1,19109,11,2,41,1
6015,2,39,1,0,63,3,4,0
24637,2,4,1,0,42,0,48,0
13119,2,10,1,3995,30,1,3,0
4549,1,44,1,3000,8,0,2,0
44161,1,10,1,3930,6,0,4,0
13299,1,38,1,5000,11,7,4,0
6883,1,6,1,0,12,0,3,0
38573,1,44,1,703,22,0,8,0
13154,2,39,1,4812,4,0,5,0
44608,1,1,2,13950,8,0,63,1
28975,2,5,1,4886,4,4,10,0
42387,2,39,2,4505,19,4,21,0
6989,1,35,1,11000,14,1,10,0
9124,1,5,1,1450,71,0,7,0
6206,1,39,1,3000,38,0,2,0
4403,1,26,1,0,23,0,4,0
16797,2,4,1,5000,27,0,4,0
6234,1,36,1,6231,13,4,7,0
6254,1,19,1,0,41,12,2,0
11913,2,38,1,7000,13,0,6,0
2991,2,2,1,7000,11,32,6,0
25202,1,39,1,0,51,0,3,0
20077,1,19,1,3190,38,8,4,0
6740,1,38,2,5000,3,0,4,0
34054,2,44,1,7000,19,0,6,0
46608,1,48,1,2602,31,0,7,0
49295,1,10,1,0,9,1,2,0
5263,1,5,1,8390,41,0,13,0
38019,1,22,1,14900,11,0,29,0
36691,1,4,1,5000,17,7,4,0
26472,1,35,1,11351,8,0,59,1
9265,1,46,1,2624,40,0,27,0
17535,1,17,1,4000,26,0,3,0
29470,1,36,1,0,38,0,5,0
33517,1,35,1,0,8,0,10,0
39998,1,36,1,3992,13,0,8,0
10566,1,10,1,0,17,0,2,0
17816,1,10,1,0,1,0,10,0
22825,2,2,1,0,6,0,5,0
19870,2,10,1,6000,13,7,5,0
26086,1,29,1,6000,87,8,5,0
25116,1,44,1,5000,14,0,4,0
33597,1,9,1,5074,12,2,12,0
24412,1,34,1,0,7,0,3,0
25529,1,32,1,0,79,0,13,0
10553,2,4,1,2876,60,5,2,0
1443,2,5,1,0,56,45,10,0
45178,2,25,1,4667,34,0,4,0
49015,1,3,1,7000,9,0,6,0
19659,1,26,1,2263,39,2,17,0
26004,1,15,1,9000,7,0,8,0
44577,1,20,1,12000,14,0,11,0
37649,1,12,1,19000,26,0,18,0
47241,2,46,1,11865,75,0,22,1
11078,1,13,1,8000,23,0,7,0
9794,2,10,1,8000,41,0,7,0
21125,2,19,1,9000,14,0,8,0
13586,2,29,1,9071,52,0,24,1
30750,1,44,1,0,100,0,11,0
48933,1,44,1,1230,17,8,8,0
36191,2,35,1,7000,2,3,6,0
25807,1,44,1,3000,28,21,2,0
8762,2,44,1,0,8,2,10,0
41819,1,7,1,0,52,16,7,0
5439,1,49,1,517,28,0,5,0
10230,2,21,1,4497,19,4,12,0
44193,1,22,1,0,4,5,2,0
7463,2,5,1,4354,76,2,23,1
23382,1,9,1,4923,1,0,10,0
42103,2,20,1,0,72,0,16,0
32792,1,18,1,4000,11,0,3,0
912,2,46,1,0,91,0,15,0
2773,1,10,1,6054,43,0,11,0
36533,1,10,1,7000,39,7,6,0
2352,1,39,1,15000,6,13,14,0
23049,2,44,1,0,34,0,11,0
35579,2,39,1,2011,4,0,4,0
28300,1,38,1,8000,18,4,7,0
49929,1,44,1,6000,13,4,5,0
27825,1,37,1,1310,29,0,6,0
3943,1,32,1,11000,9,0,10,0
10080,1,11,1,4965,2,3,7,0
30167,1,44,1,5000,41,4,4,0
12039,1,35,1,863,10,0,10,0
2596,2,16,1,3000,42,0,2,0
17705,2,50,1,8166,6,0,9,0
2443,1,28,1,5000,15,2,4,0
1296,2,15,1,4000,19,0,3,0
34822,1,29,1,0,100,40,3,0
2650,1,5,1,0,100,0,5,0
1808,1,37,1,4000,24,40,3,0
23936,2,47,1,0,4,0,7,0
2862,2,39,1,9000,11,2,8,0
11169,2,39,1,4000,17,0,3,0
12994,2,48,1,0,79,4,4,0
8898,1,5,1,2984,7,0,4,0
9312,1,34,1,18170,36,1,18,1
30399,1,39,1,4000,8,0,3,0
31023,1,35,1,1000,32,0,18,0
32133,2,15,1,8000,12,0,7,0
1749,1,50,1,2060,4,0,3,0
48916,2,5,1,0,11,18,6,0
18981,2,17,1,0,22,6,3,0
18938,1,5,1,7628,7,15,21,1
9655,1,44,1,0,23,0,4,0
28147,1,29,1,6000,54,2,5,0
20945,2,44,1,6000,72,13,5,0
4564,2,5,1,14982,10,1,24,0
15260,1,44,1,3000,10,0,2,0
4620,1,38,1,6194,47,0,15,0
8154,1,7,1,0,36,0,2,0
7812,1,24,1,5000,17,7,4,0
9271,1,15,1,3000,25,0,2,0
12866,2,46,1,0,37,0,9,0
2159,2,5,1,0,14,0,8,0
48337,2,37,1,1990,36,0,14,0
19228,1,28,1,4000,25,3,3,0
49308,2,45,1,3171,27,0,3,0
32249,2,19,1,0,14,0,9,0
14336,2,31,1,7000,2,0,6,0
47573,2,29,1,0,12,0,8,0
12751,1,13,1,0,39,0,6,0
34668,2,5,1,0,24,39,8,0
31440,2,49,1,5851,5,5,10,0
16467,2,39,1,0,11,10,7,0
12297,1,35,1,10495,100,8,24,1
7063,1,51,1,0,100,4,7,0
28495,2,29,1,11459,3,8,15,0
11922,1,43,1,11000,13,0,10,0
8569,1,44,1,3851,6,0,20,0
3270,1,36,1,2792,56,0,6,0
22467,1,23,1,0,14,0,13,0
49642,1,35,1,0,24,0,7,0
8403,2,36,1,0,6,3,14,0
12482,2,7,1,6675,100,13,12,0
10147,1,20,1,0,7,0,2,0
5862,1,31,1,3000,5,0,2,0
37203,2,23,1,4455,22,0,6,0
34799,2,36,1,445,11,1,4,0
7937,1,44,1,5076,14,0,8,0
41967,2,11,1,7000,22,8,6,0
10379,2,28,1,6210,8,0,10,0
13178,1,29,1,6861,12,10,9,0
19365,1,34,1,0,8,0,5,0
12733,2,2,1,8000,86,60,7,0
15218,2,7,1,5000,7,0,4,0
26983,1,39,1,6057,28,0,39,0
20451,1,15,1,0,58,13,2,0
33353,1,32,1,9000,18,0,8,0
22879,1,32,1,2463,34,5,9,0
21713,1,28,1,7391,1,1,12,0
32383,1,35,1,3000,13,24,2,0
32322,1,10,1,6000,34,3,5,0
35903,1,38,1,0,20,9,7,0
5905,1,44,1,0,100,0,4,0
42165,2,5,1,0,74,14,9,0
33202,1,15,1,1054,4,0,2,0
26453,1,49,1,2000,47,3,1,0
38925,2,6,1,2604,29,6,2,0
14322,1,5,1,34,10,0,3,0
48607,1,34,1,5000,100,0,4,0
39512,1,29,1,0,38,0,3,0
8933,2,5,1,8000,20,1,7,0
6464,1,31,1,9000,24,0,8,0
12373,2,5,1,4250,100,0,17,1
28114,2,20,1,4000,21,5,3,0
31742,1,42,1,0,32,6,4,0
16936,1,5,1,6000,22,0,5,0
25000,1,10,1,1526,8,0,9,0
26530,2,44,1,2000,4,8,1,0
41235,1,10,1,7158,32,0,12,1
16729,2,16,1,5000,18,0,4,0
20550,1,44,1,3140,12,0,16,0
34710,1,35,1,996,19,0,4,0
18174,2,7,1,2422,9,14,6,0
11120,1,35,1,2728,11,1,18,0
17645,1,38,2,0,48,5,40,0
48334,2,49,1,9000,37,0,8,0
26940,1,5,1,1011,21,0,25,0
15506,2,39,1,1344,38,9,4,0
12408,2,46,1,0,86,0,20,0
15521,2,29,1,5000,13,12,4,0
25341,1,27,1,0,24,0,15,0
3127,1,23,1,0,13,16,5,0
19490,1,5,1,5000,39,0,4,0
35568,1,5,1,0,14,0,36,0
45032,1,36,1,4000,47,1,3,0
30388,1,19,1,2000,8,0,1,0
27866,1,48,1,6634,3,0,6,0
16101,2,32,1,4000,79,3,3,1
36782,2,10,1,4000,16,5,3,0
30513,1,39,1,5000,21,7,4,0
15573,1,26,1,6000,56,0,5,0
45357,2,22,1,0,100,4,2,0
10584,2,7,1,3864,31,2,3,0
8843,1,11,1,471,4,0,3,0
11381,1,39,1,4000,100,7,3,0
17881,1,34,1,6000,12,25,5,0
4521,2,27,1,4972,18,28,5,0
35374,1,10,1,3000,66,0,2,0
16055,1,10,1,8337,9,0,16,0
35706,2,29,1,12000,42,0,11,1
21403,1,5,1,0,8,3,8,0
11336,1,21,1,5000,8,0,4,0
36198,2,5,1,5000,43,0,4,0
1290,1,42,1,7000,8,10,6,0
11427,1,17,1,2940,40,6,75,1
39991,2,46,1,12000,13,4,11,0
3936,2,10,1,7918,7,0,9,0
45618,1,2,1,6691,27,29,6,0
42346,1,6,1,0,100,0,12,0
37521,2,29,1,0,4,0,5,0
21073,1,46,1,5176,7,35,11,0
48685,1,44,1,2689,11,0,7,0
1452,1,13,1,11140,18,0,21,0
1502,1,5,1,6000,19,5,5,0
42279,2,51,1,3000,13,7,2,0
35533,1,46,1,4000,15,0,3,0
42306,1,44,1,10495,77,0,10,1
2636,1,26,1,745,33,0,13,0
31112,2,24,1,3000,29,0,2,0
37914,1,2,1,0,100,0,2,0
44288,2,39,1,8000,34,20,7,0
43930,1,12,1,2000,7,6,1,0
47509,1,48,1,7308,100,0,21,0
45359,1,11,1,4641,12,11,5,0
45670,2,36,1,4000,10,9,3,0
13452,2,5,1,718,60,10,13,0
25951,1,12,1,4818,4,2,8,0
19578,1,5,1,10648,2,7,12,0
48565,1,36,1,13459,20,0,21,1
31015,2,6,1,0,13,7,17,0
40491,1,27,1,6000,7,20,5,0
27755,2,29,1,8925,11,14,8,0
41667,2,35,1,5788,12,0,24,0
20686,1,37,1,0,2,0,12,0
40508,1,10,1,18760,96,0,20,1
42385,1,5,1,2001,12,7,4,0
37755,1,18,2,0,45,0,2,0
14294,1,14,1,1292,6,0,16,0
27403,1,39,1,4000,30,0,3,0
16876,2,10,1,0,11,6,14,0
48254,1,5,1,0,15,0,2,0
5176,2,10,1,12000,29,1,11,0
3316,1,10,1,6661,48,2,12,0
46336,2,2,1,8881,58,4,9,0
8414,1,40,1,6810,31,0,7,0
11197,2,15,1,5000,18,0,4,0
21413,1,48,1,0,13,0,3,0
13658,1,11,1,0,5,0,10,0
2232,2,7,1,7000,16,0,6,0
4467,2,10,1,3000,21,0,2,0
49107,2,44,1,0,14,1,17,0
18593,2,46,1,0,16,4,6,0
3704,1,35,1,0,82,0,5,0
11101,1,18,1,0,93,0,3,0
26595,2,11,1,4000,15,0,3,0
30491,1,29,1,2106,2,0,4,0
47847,1,26,1,3000,4,0,2,0
44175,1,5,1,2221,54,11,4,0
1885,2,5,1,5000,8,0,4,1
458,2,28,1,0,66,9,3,0
32349,1,15,1,2768,11,1,3,0
20833,1,10,1,0,10,0,3,0
16621,2,29,1,132,25,0,18,0
589,2,24,1,7591,13,6,15,0
42771,1,44,1,2927,23,0,24,0
16180,2,46,1,8820,100,4,12,0
22877,2,23,1,4172,6,12,20,0
30705,2,36,1,6000,23,0,5,0
6099,2,24,1,0,20,0,8,0
45926,1,23,1,0,7,0,4,0
1345,1,43,1,13000,32,0,12,0
469,2,4,1,5000,100,1,4,0
47124,2,23,1,21091,42,3,27,1
49008,2,43,1,0,27,0,41,0
43702,2,44,1,3633,13,1,26,0
12354,1,23,1,0,90,3,3,0
6302,2,36,1,6000,17,0,5,0
44276,1,15,1,12000,24,0,11,0
15667,1,20,1,1845,59,0,4,0
16299,2,48,1,7000,27,0,6,0
20586,1,43,1,0,31,0,62,0
3290,1,35,1,0,90,0,4,0
42104,1,44,1,3000,9,5,2,0
4402,1,20,1,0,5,7,6,0
10124,2,41,1,3000,4,10,2,0
27228,1,24,1,0,46,0,3,0
13400,1,12,1,0,32,0,3,0
15698,1,35,1,3000,12,0,2,0
19677,1,35,1,4000,17,0,3,0
10391,2,46,1,4832,6,1,4,0
16267,2,44,1,0,14,0,2,0
2827,1,10,1,369,9,12,45,0
20575,1,20,1,0,8,1,5,0
8375,2,45,1,6604,40,12,15,0
27513,2,5,1,0,36,12,5,0
40581,1,35,1,7726,35,3,10,0
30659,1,10,1,2009,28,0,7,0
29872,1,49,1,10727,100,0,28,1
16324,1,44,1,3000,34,0,2,0
35543,1,15,1,0,8,3,7,0
24902,1,25,1,6064,40,60,21,0
2994,2,10,1,0,43,38,4,0
48981,2,7,1,0,16,0,20,0
11575,1,19,1,842,47,0,6,0
2089,2,39,1,5000,30,0,4,0
26153,2,10,1,1021,9,4,3,0
27736,1,5,1,10564,50,0,14,0
29095,1,49,1,2436,26,0,7,0
23838,1,21,1,0,100,10,5,0
35980,1,10,1,662,8,1,3,0
22918,2,5,1,4000,7,0,3,0
26464,1,43,1,1124,57,0,11,0
29357,1,20,1,0,19,0,22,0
12946,2,15,1,0,46,2,1,0
9114,1,24,1,3986,1,0,24,0
23826,1,5,1,8979,6,10,11,0
20187,2,32,1,13000,33,0,12,0
36620,2,35,1,0,2,9,6,0
10762,2,29,1,2948,9,2,7,0
12947,2,39,2,0,100,0,28,0
49638,1,44,1,16352,26,1,18,1
29286,1,3,1,4000,60,1,3,0
25337,1,14,1,0,6,1,7,0
3548,1,5,1,4184,40,0,6,0
10649,1,46,1,5000,16,0,4,0
27219,1,44,1,13000,100,3,12,1
20832,2,33,1,1702,69,12,9,0
29280,1,35,1,2183,7,4,23,0
21667,1,44,1,1777,37,0,25,0
33798,1,24,1,4000,1,17,3,0
13540,2,44,1,1343,23,0,9,0
24197,1,5,1,9143,16,14,15,0
20756,2,15,1,0,16,0,6,0
13316,1,38,1,0,8,0,6,0
11807,1,20,1,0,2,0,9,0
21168,1,35,1,2298,11,5,4,0
32802,1,24,1,0,29,0,7,0
20293,1,3,1,0,10,5,26,0
36205,2,17,1,6000,5,6,5,0
10610,1,5,1,2324,7,7,19,0
12784,1,31,1,13000,12,0,12,0
15567,1,44,1,0,6,0,5,0
36996,2,5,1,9000,7,0,8,0
24502,1,43,1,9000,13,8,8,0
27952,2,12,1,3000,36,0,2,0
12125,2,36,1,4000,27,1,3,0
16887,1,35,1,0,6,0,3,0
13498,2,35,1,5793,6,0,20,0
4011,1,5,1,4612,46,0,5,0
15806,2,25,1,4879,11,0,4,0
7497,1,21,1,7166,3,13,7,0
41525,1,32,1,0,7,20,2,0
15481,2,2,1,0,30,15,7,0
45669,1,21,1,1924,100,0,4,0
1993,1,48,1,10000,4,0,9,0
40969,1,23,1,12000,15,0,11,0
9098,2,5,1,3000,2,15,2,0
27848,2,44,1,0,40,0,1,0
21128,2,45,1,6000,64,18,5,0
19683,2,15,1,11665,17,0,11,0
26056,1,11,1,954,11,5,6,0
18522,1,39,1,629,37,2,2,0
5580,1,29,1,5000,18,2,4,0
45819,1,35,1,12000,4,0,11,0
8892,1,19,1,0,5,0,20,0
30236,2,49,1,6435,20,0,37,1
8250,1,2,1,8741,13,0,8,0
21838,2,5,1,12587,4,0,12,0
34010,2,11,1,5000,19,0,4,0
28125,2,41,1,3221,44,2,3,0
1424,2,19,1,0,4,0,6,0
437,1,11,1,3046,6,1,5,0
13085,1,15,1,0,9,0,8,0
45222,2,49,1,948,17,0,1,0
33979,1,39,1,7583,7,4,23,0
37189,1,45,1,3178,100,6,5,0
31525,1,44,1,682,16,0,39,0
14340,2,44,1,11666,17,0,22,0
41222,1,48,1,8000,5,0,7,0
7239,1,38,1,8164,23,7,21,0
44197,1,11,1,3000,41,0,2,0
20913,1,35,1,5506,25,2,16,0
23965,2,45,1,8663,5,0,23,0
34114,1,49,1,13445,26,1,37,1
43169,1,36,1,0,22,0,5,0
43762,2,28,1,3000,28,0,2,0
43061,2,5,1,6000,13,0,5,0
5643,2,3,1,0,4,0,7,0
2744,1,41,1,0,38,58,5,0
7248,1,4,1,15000,33,4,14,0
26375,2,19,1,4000,9,0,3,0
26127,1,44,2,2249,43,0,10,0
24348,2,18,1,3933,16,0,6,0
32556,2,32,1,5203,19,0,27,0
30910,2,38,1,15000,17,0,14,0
31676,2,36,1,0,13,16,2,0
22238,1,15,1,0,43,0,5,0
1566,1,5,1,3644,5,0,16,0
16182,1,7,1,5000,6,0,4,0
12230,1,15,1,8000,11,0,7,0
49330,1,15,1,0,6,0,22,0
42008,2,18,1,619,20,0,16,0
18849,2,5,1,3000,100,0,2,0
21195,1,44,1,0,100,3,14,0
3773,1,15,1,2064,58,0,3,0
5854,2,5,1,0,16,0,10,0
11542,1,11,1,0,39,0,5,0
35463,1,10,1,6558,14,0,7,0
26679,1,5,1,3000,28,0,2,0
33421,1,19,1,14000,16,1,13,0
30410,2,10,1,5000,5,1,4,0
11813,2,44,1,0,38,0,46,0
45920,1,10,1,0,8,0,6,0
7726,1,3,1,0,19,26,6,0
21334,1,48,1,5358,11,5,6,0
31592,2,13,1,0,21,35,56,0
49065,1,44,1,3000,18,0,2,0
37566,1,15,1,0,5,34,10,0
22903,1,26,1,8000,9,3,7,0
48302,1,46,1,6000,32,2,5,0
15518,1,10,1,12841,4,0,12,1
48000,1,5,1,5000,13,0,4,0
30607,1,2,1,3238,100,0,4,0
13977,1,32,1,3000,3,0,2,0
29924,2,24,1,0,15,4,5,0
26788,1,16,1,15207,5,1,19,0
43810,2,5,1,4859,50,4,16,0
18193,2,25,1,1276,16,0,5,0
37485,1,26,1,8687,24,0,16,0
5130,1,41,1,0,18,17,6,0
47289,1,4,1,3000,19,54,2,0
32351,1,20,1,4000,21,0,3,0
38062,1,43,1,0,25,6,7,0
18556,1,5,1,5000,6,0,4,0
3243,2,10,1,2195,3,0,8,0
41268,2,5,1,1972,28,0,5,0
29682,2,26,1,0,34,15,11,0
49870,1,39,1,1957,100,3,21,0
45871,2,21,1,0,68,0,3,0
5145,2,5,1,2278,11,0,6,0
31333,1,5,1,4185,34,4,21,0
23797,1,2,1,4000,14,8,3,0
980,2,13,1,4000,22,0,3,0
28746,2,44,2,0,7,20,17,0
37010,1,35,1,5000,10,0,4,0
11916,1,24,1,5000,18,0,4,0
46559,1,21,1,3000,7,0,2,0
43681,2,10,1,14000,11,0,13,1
6283,1,46,1,1975,15,6,14,0
15972,1,16,1,4000,8,6,3,0
29450,1,39,1,0,13,0,10,0
18454,2,49,1,6000,15,6,5,0
41300,2,14,1,56,3,0,10,0
5673,2,39,1,5000,75,0,4,0
9977,2,5,1,1904,33,7,4,0
29215,1,35,1,0,37,4,5,0
11620,1,25,2,1385,12,0,2,0
7587,2,32,1,9873,7,0,10,0
20346,1,39,1,0,25,2,29,0
47401,1,48,1,10470,26,0,27,0
45692,2,49,1,3998,3,0,10,0
31058,2,6,1,6000,78,4,5,0
45527,1,10,1,5000,13,3,4,0
11263,1,44,1,977,100,4,1,0
21490,1,5,1,1421,8,0,2,0
16080,1,23,1,9851,9,0,16,0
20987,1,5,1,14493,8,2,16,0
32109,2,35,1,13976,39,10,18,0
28190,1,44,1,2540,63,0,2,0
12001,1,44,1,4000,23,0,3,0
18286,1,39,1,14379,11,0,23,0
3075,2,4,1,6000,16,0,5,0
1079,1,11,1,0,47,0,6,0
10500,1,39,1,0,34,0,5,0
17371,2,43,1,3000,84,0,2,0
48767,1,5,1,1021,9,0,6,0
5666,1,19,1,13000,55,8,12,0
2990,2,36,1,6000,70,0,5,0
28736,2,39,1,0,2,3,2,0
45555,1,36,1,23701,46,0,26,1
12488,2,24,1,0,20,0,7,0
2815,1,35,1,5000,42,0,4,0
7517,1,46,1,4000,1,10,3,0
18680,1,7,1,3647,67,14,3,0
17955,1,41,1,9000,100,0,8,0
962,1,35,1,4000,22,0,3,0
30929,1,3,1,0,24,0,9,0
1792,1,43,1,1989,98,3,5,0
48391,1,49,1,5000,0,0,4,0
4394,1,20,1,6000,26,0,5,0
22824,2,24,1,542,7,0,2,0
40144,2,36,1,9000,14,0,8,0
24016,2,44,1,7000,30,5,6,0
25805,1,44,1,4196,29,13,4,0
5750,1,17,1,10000,65,18,9,0
35438,1,5,1,0,3,1,10,0
25375,1,50,1,4000,7,0,3,0
11548,1,5,1,0,22,1,5,0
32997,1,5,1,2539,4,6,18,0
39909,2,2,1,8000,5,1,7,0
18315,1,6,1,330,12,4,20,0
49926,1,21,1,6935,51,2,7,0
4263,2,39,1,3100,24,0,52,0
46757,1,39,1,6000,37,7,5,0
1801,1,10,1,0,25,0,5,0
18520,1,46,1,2000,44,18,1,0
35825,1,8,1,4000,6,0,3,0
40152,1,35,1,8414,43,10,14,0
22329,1,43,1,9600,20,6,9,0
49240,1,26,1,3000,71,6,2,0
33674,1,46,1,3000,10,0,2,0
32274,1,39,1,6966,72,0,8,0
34146,2,20,1,8000,66,0,7,1
9234,1,28,1,7075,38,0,9,0
44245,2,15,1,2986,15,0,6,0
29240,1,23,1,6856,5,0,7,0
17203,2,5,1,6123,37,0,6,0
42409,2,25,1,0,17,0,5,0
46841,1,39,1,0,64,6,2,0
40111,1,20,1,4000,8,6,3,0
48483,1,44,1,5474,23,0,12,0
38855,1,20,1,6000,100,8,5,0
6943,1,44,1,2458,24,0,15,0
35048,1,27,1,2154,15,0,3,0
29508,1,25,1,3000,13,3,2,0
33985,2,23,1,0,58,15,8,0
47734,1,11,1,2047,65,0,12,0
5326,1,17,1,4000,3,0,3,0
29599,1,2,1,3000,23,0,2,0
43516,1,3,1,0,27,3,4,0
15833,1,44,1,4000,19,0,3,0
37693,1,29,1,4883,9,6,6,0
26860,1,2,1,4000,42,2,3,0
28568,1,19,1,0,7,0,4,0
25080,1,20,1,0,11,3,5,0
18708,2,19,1,1597,57,0,14,1
15201,1,5,1,3611,44,0,39,0
5858,1,3,1,8000,14,0,7,0
39088,1,9,1,13000,14,2,12,1
30894,2,15,1,1036,63,5,8,0
45279,1,48,1,0,2,12,10,0
16399,1,15,1,2558,100,0,6,0
13654,1,35,1,0,26,0,17,0
13749,1,5,1,12721,13,0,12,1
23966,1,23,1,3000,8,0,2,0
45553,1,43,1,7000,82,0,6,0
30220,2,22,1,7222,94,0,7,0
24080,1,2,2,7000,67,16,6,0
12182,1,36,1,0,35,19,5,0
21849,2,3,1,15000,17,0,14,0
14291,2,32,1,120,19,0,4,0
24756,2,2,1,13000,15,23,12,1
35014,1,32,1,2124,47,0,4,0
15362,1,5,1,0,7,5,2,0
48039,1,21,1,10951,46,0,15,1
36312,2,5,1,5692,48,0,12,0
30240,1,23,1,4000,100,1,3,0
7196,2,20,1,4000,5,0,3,0
3580,2,16,1,0,4,4,47,0
36148,1,28,1,0,80,0,4,0
34096,1,43,1,0,16,0,3,0
10442,2,25,1,5374,23,0,27,0
16308,1,6,1,7000,100,2,6,0
4205,1,25,1,5000,27,10,4,0
6958,2,5,1,10000,16,0,9,0
9164,1,5,1,0,9,24,7,0
20628,1,37,1,0,15,0,15,0
17568,2,35,1,2325,14,0,2,0
14833,1,23,1,8000,2,0,7,0
27030,1,32,1,5000,6,0,4,0
44198,1,32,1,11463,17,0,17,0
2,2,2,1,0,9,0,18,0
35450,1,45,1,6144,10,0,7,0
30904,2,32,1,18214,12,0,28,1
7649,1,7,1,2267,30,10,4,0
4218,1,16,1,0,70,7,3,0
10475,2,36,1,0,4,1,12,0
1186,2,10,1,0,35,0,3,0
46702,2,11,1,5362,16,0,5,0
26827,1,39,1,3716,16,0,3,0
12091,1,34,1,13166,25,0,45,1
5387,1,24,2,2412,28,26,7,0
17352,1,24,1,0,1,0,15,0
18845,2,10,1,2769,9,4,13,0
28817,2,26,1,6807,3,0,9,0
43053,2,39,1,0,21,0,7,0
11348,1,19,1,7000,100,19,6,0
42803,2,35,1,7235,40,1,18,0
3980,2,20,1,9356,40,0,11,0
7091,1,42,1,0,16,7,7,0
21600,1,7,1,1681,5,3,3,0
34265,2,15,1,9000,34,0,8,0
17931,2,6,1,4000,15,19,3,0
41959,1,23,1,677,32,19,13,0
25485,1,46,1,5000,7,0,4,0
21028,1,23,1,7715,100,7,9,0
29094,1,35,1,2597,26,0,3,0
24609,2,50,1,4000,30,0,3,0
44988,1,5,1,6000,21,1,5,0
24543,1,43,1,9000,37,11,8,0
24879,2,19,1,4000,52,10,3,0
18529,2,2,1,0,37,7,4,0
40248,1,34,1,14000,10,15,13,1
7105,2,5,1,0,23,0,22,0
11490,1,10,1,5508,44,0,5,0
16073,2,7,1,0,12,17,11,0
4057,1,10,1,6795,27,0,9,0
42724,2,39,1,606,22,9,7,0
24038,1,19,1,6737,12,0,8,0
7192,1,1,1,4060,2,0,6,0
35651,1,41,1,9000,8,27,8,0
939,2,25,1,3799,42,1,5,0
19425,1,25,1,6675,93,0,11,0
18116,2,25,1,2000,25,3,1,0
31660,1,24,1,3000,94,6,2,0
1073,1,18,1,16495,18,2,51,1
43348,2,39,1,3995,2,0,5,0
35157,1,21,1,9000,24,2,8,0
30666,2,43,1,8526,34,33,16,0
44883,2,19,1,0,2,4,7,0
40154,2,5,1,5000,37,11,4,0
42524,2,5,1,6000,11,0,5,0
16064,1,36,1,1554,7,0,3,0
34409,2,23,1,3701,13,4,5,0
13656,1,44,1,15030,100,0,18,1
45251,2,39,1,4793,16,0,13,0
28136,1,46,1,0,5,0,5,0
17268,1,18,1,5000,18,7,4,0
29672,1,20,1,13354,2,18,24,0
28773,2,36,1,0,18,2,8,0
91,1,23,1,10000,30,4,9,0
44128,2,35,1,12000,8,0,11,0
26460,1,5,1,2159,7,0,9,0
49623,2,43,1,0,9,0,9,0
41141,1,10,1,5000,16,1,4,0
11417,1,37,1,2719,39,0,9,0
35989,1,14,1,0,53,2,22,0
499,1,5,1,6598,13,2,12,0
22365,1,23,1,4000,6,0,3,0
35937,2,43,1,9000,17,0,8,0
28244,1,29,1,7082,57,0,11,0
37230,2,35,1,1388,59,40,8,0
15911,2,44,1,1204,26,0,18,0
20851,1,5,1,651,2,0,23,0
46506,2,29,1,318,12,5,11,0
29292,2,44,1,0,17,0,28,0
30502,1,45,1,0,6,8,7,0
5146,2,5,1,11125,7,0,19,0
36138,1,44,1,0,39,1,6,0
27391,1,11,1,4000,26,8,3,0
7488,2,18,1,9377,100,0,9,0
33924,1,19,1,4000,21,0,3,0
24787,2,39,1,0,12,4,5,0
12489,1,37,1,9000,51,0,8,0
27744,1,2,1,0,65,0,7,0
12957,2,19,1,5275,21,0,13,0
21464,1,44,1,4959,21,0,14,0
6494,1,49,1,7412,6,3,11,0
29116,1,35,1,0,84,4,14,0
47311,2,49,1,0,100,0,10,0
37859,1,23,1,178,4,1,8,0
31566,1,35,1,3000,4,36,2,0
41202,1,39,1,0,30,22,19,0
28827,2,15,1,6000,15,0,5,0
4646,1,10,1,6889,8,1,7,0
27092,1,46,1,0,21,2,22,0
25640,1,36,1,351,9,3,3,0
31245,1,29,1,0,24,10,5,0
48650,1,15,1,8000,13,0,7,0
5758,1,20,1,0,6,0,2,0
41436,1,43,1,8000,2,0,7,0
28801,1,46,1,0,61,0,8,0
19883,1,13,1,8000,100,1,7,1
6141,1,10,1,6000,19,0,5,0
6913,1,44,1,17141,100,30,19,1
10521,1,34,1,9975,31,2,9,0
11533,1,10,1,7338,8,0,11,0
48957,2,35,1,3000,2,2,2,0
40407,2,5,1,9769,100,2,21,1
20590,1,38,1,3367,21,0,4,0
46433,1,5,1,613,22,0,10,0
7362,2,17,1,1479,72,0,3,0
20073,1,26,1,4000,57,0,3,0
1458,1,10,1,3613,13,30,7,0
5202,2,10,1,7000,1,10,6,0
42217,1,21,1,0,22,2,3,0
14512,1,37,1,15028,17,0,16,0
36416,2,26,1,3760,18,0,7,0
45531,1,15,1,0,6,2,5,0
32441,1,14,1,3000,33,0,2,0
29017,1,15,1,4000,90,0,3,0
1797,1,10,1,0,5,0,13,0
21750,1,5,1,0,23,0,3,0
46578,2,45,1,1551,27,43,11,0
3019,1,45,1,0,24,1,16,0
33437,2,44,1,3000,41,0,2,0
13372,2,38,1,11099,66,0,12,0
15648,1,12,1,11000,7,11,10,0
19259,1,34,1,3000,100,5,2,0
17433,1,6,1,0,7,0,3,0
21369,2,32,1,5000,46,4,4,0
32828,1,35,2,5000,16,0,4,0
12213,1,32,1,0,57,12,4,0
6704,2,36,1,0,35,0,6,0
35537,1,21,1,4291,15,0,10,0
44951,1,5,1,5000,26,26,4,0
15031,1,6,1,13235,19,0,13,0
2646,1,32,1,0,4,3,9,0
21795,1,10,1,14000,24,0,13,1
15781,1,29,1,1518,73,9,4,0
187,1,11,1,6000,5,0,5,0
43431,2,8,1,0,27,0,8,0
8107,2,39,1,13231,84,60,13,1
2167,2,35,1,3000,94,0,2,0
6317,1,16,1,0,7,6,4,0
32535,1,5,1,7639,16,0,9,0
11399,2,35,1,0,55,0,7,0
13131,1,49,1,0,17,0,4,0
49385,2,35,1,4301,5,0,5,0
30283,1,38,1,3016,4,0,7,0
24129,2,11,1,8000,37,11,7,0
45629,2,44,1,0,3,0,21,0
49153,1,25,1,6000,45,10,5,0
27558,1,5,1,568,64,3,2,0
4933,2,24,1,5000,19,23,4,0
281,2,35,1,1557,8,0,15,0
20967,1,40,1,7355,35,0,9,0
20095,2,34,1,4000,18,0,3,0
28566,2,43,1,3000,9,6,2,0
39719,1,5,1,17320,24,0,18,1
11098,1,5,1,4000,10,0,3,0
29138,2,35,1,7000,21,0,6,0
39068,1,19,1,19224,100,0,23,1
28487,2,15,1,10000,13,3,9,0
3724,1,29,1,6000,7,0,5,0
24960,2,29,1,0,43,5,16,0
33351,2,18,1,8042,24,13,11,1
30776,2,37,1,3000,13,0,2,0
3282,1,10,1,0,100,8,17,1
44438,1,4,1,3000,18,0,2,0
10492,1,49,1,0,22,2,9,0
12540,2,20,1,26279,11,0,54,1
7733,2,16,1,5000,31,0,4,0
43646,1,32,1,0,15,0,15,0
31387,2,18,1,3000,21,60,2,0
9702,1,39,1,0,6,0,17,0
25422,1,36,1,895,19,9,7,0
16949,1,41,1,1474,17,0,19,0
6320,2,21,1,0,9,0,4,0
10119,1,44,1,3000,11,0,2,0
17817,1,10,1,859,22,0,5,0
2846,1,32,1,2497,100,6,5,0
20871,1,29,1,6000,51,0,5,0
15542,2,36,1,0,39,2,2,0
41230,1,5,1,7000,71,9,6,0
3579,1,17,1,12532,54,2,17,0
30924,1,11,1,0,11,7,9,0
38041,2,11,1,4000,45,0,3,0
14024,1,24,1,4584,4,0,6,0
41881,1,5,1,7000,1,2,6,0
29881,1,27,1,6000,13,0,5,0
683,2,4,1,98,40,1,22,0
25619,1,5,1,9489,10,25,10,0
4231,2,25,1,14649,10,0,14,0
5936,1,51,1,8000,9,0,7,0
30234,2,19,1,11000,20,0,10,0
12900,1,23,1,0,13,1,4,0
16285,2,34,2,3024,22,6,8,0
5002,2,29,1,0,19,0,4,0
2924,2,20,1,1744,99,36,15,0
21241,1,35,2,6855,100,0,14,1
18095,1,17,1,3000,16,16,2,0
49719,1,26,1,5446,7,0,29,0
2692,1,49,1,4000,20,23,3,0
7828,2,15,1,0,31,10,2,0
4812,2,5,1,2714,40,0,8,0
36511,2,44,1,3000,29,4,2,0
3447,1,49,1,0,7,0,4,0
28347,2,23,1,4047,36,0,22,0
41779,1,35,1,10000,10,0,9,0
8157,2,19,1,2683,11,0,3,0
18766,2,44,1,7000,16,1,6,0
17474,1,35,1,4996,21,0,23,0
27184,1,15,1,5551,100,0,11,0
39560,2,36,1,0,9,37,10,0
44925,1,20,1,3000,8,0,2,0
44415,2,34,1,2574,7,0,8,0
48324,1,28,1,3000,14,1,2,0
28782,2,5,1,13000,29,0,12,0
44440,2,5,1,0,14,0,10,0
44114,1,15,1,0,8,0,10,0
48930,2,35,1,309,6,9,19,0
1232,2,21,2,0,32,0,20,0
7752,1,6,1,5000,70,0,4,0
109,1,46,1,5000,28,17,4,0
40331,1,15,1,2222,37,6,4,0
22515,1,6,1,3000,14,0,2,0
14147,1,44,1,1478,100,0,17,0
16840,2,29,1,4000,34,0,3,0
48570,2,5,1,0,1,0,12,0
3530,2,23,1,0,1,0,11,0
3111,1,33,1,0,46,4,4,0
23598,2,10,1,0,3,0,5,0
19754,1,24,1,6000,45,2,5,0
23130,1,48,1,5000,4,0,4,0
45216,1,45,1,2332,25,18,3,0
24900,1,5,1,0,23,0,3,0
38978,2,16,1,1554,9,0,2,0
35828,1,6,1,3696,23,0,14,0
48853,2,20,1,3000,7,3,2,0
33473,1,23,1,0,43,3,3,0
37984,1,5,1,530,62,2,6,0
12499,2,17,1,1642,8,0,5,0
37633,1,44,1,3000,30,5,2,0
1397,2,6,1,2297,32,2,15,0
12359,2,14,1,14070,15,0,16,0
44375,1,5,1,0,58,7,6,0
47997,2,38,1,6870,15,1,6,0
18422,2,39,1,0,4,0,4,0
15558,1,24,1,0,16,3,11,0
3142,2,5,1,16176,13,0,18,1
49219,1,11,1,3000,4,0,2,0
49183,1,19,1,8000,100,6,7,1
46546,2,10,1,1248,6,0,40,0
16865,1,11,1,0,77,0,12,0
7337,1,11,1,5000,20,0,4,0
25146,2,2,1,3224,18,37,32,0
34438,2,48,1,6000,9,1,5,0
4290,2,35,1,0,2,0,12,0
38066,1,32,1,0,43,0,5,0
6664,1,15,1,7000,6,5,6,0
36963,1,36,1,7000,13,5,6,0
36711,1,29,1,0,20,1,15,0
17737,1,43,1,6000,15,14,5,0
3203,2,11,1,2029,24,13,3,0
45848,2,29,1,0,74,0,6,0
46889,2,48,1,0,12,0,5,0
41454,1,35,1,4000,6,0,3,0
28056,2,30,1,10000,4,8,9,0
36872,1,5,1,12000,10,0,11,0
30376,1,16,2,5000,25,1,4,0
8289,1,5,1,0,16,0,16,0
33598,2,24,1,7000,35,0,6,0
17835,1,10,1,0,56,0,16,0
35233,1,4,1,0,3,2,20,0
2324,1,15,1,7000,7,17,6,0
34823,1,5,1,4579,19,0,16,0
31489,2,32,1,172,4,3,6,0
38009,1,3,1,6000,9,0,5,0
36664,1,29,1,4935,35,0,6,0
39036,1,4,1,0,24,2,9,0
37973,2,44,1,0,81,0,5,0
24736,2,5,1,2878,64,0,10,0
6754,1,5,1,7122,59,20,18,0
8481,1,34,1,21566,4,6,75,1
10422,1,44,1,8277,60,0,39,0
42518,2,10,1,3922,3,3,5,0
19909,1,4,1,5613,33,0,6,0
16171,1,5,1,3000,19,0,2,0
46874,1,33,1,0,3,15,14,0
15382,1,5,1,0,35,0,3,0
42218,1,7,2,415,19,0,7,0
42371,2,44,1,8000,27,0,7,0
24857,1,5,1,0,16,10,15,0
26700,1,18,1,0,56,0,4,0
35398,1,10,1,3661,7,24,3,0
34128,1,11,2,4000,11,0,3,0
4547,2,21,1,13000,8,0,12,0
43237,2,48,1,0,9,18,7,0
33282,2,32,1,8000,15,0,7,0
43744,1,45,1,8177,15,0,13,0
6150,2,32,1,5647,8,0,10,0
10689,2,7,1,0,7,0,5,0
42708,1,32,1,14624,58,0,14,1
44466,2,35,1,3000,63,8,2,0
38933,2,10,1,1076,33,0,9,0
8633,2,15,1,0,29,0,10,0
49280,2,20,1,2934,100,3,6,0
19335,1,25,1,3375,4,11,3,0
34665,1,5,1,7506,8,4,8,0
13048,1,36,1,13000,20,5,12,0
17596,1,35,1,3000,36,2,2,0
24014,1,21,1,5000,6,7,4,0
33193,1,43,1,8485,100,0,8,0
39496,2,15,1,6000,21,3,5,0
42393,2,36,1,0,100,0,21,0
27206,1,5,1,3318,54,0,23,0
19328,2,11,1,0,20,14,6,0
1324,1,39,1,9372,65,0,11,0
17083,1,49,1,14000,10,1,13,0
34622,2,32,1,309,54,0,10,0
29781,1,11,1,4138,53,0,32,0
41953,2,36,1,9000,9,12,8,0
24596,2,18,1,3000,19,0,2,0
10352,1,19,1,3000,11,3,2,0
14077,2,2,1,1942,7,0,5,0
609,1,48,1,1096,42,11,13,0
49584,2,44,1,0,13,0,3,0
41119,2,36,1,0,100,7,30,0
15259,2,2,1,3135,35,0,14,0
41763,2,5,1,0,28,30,3,0
16791,1,44,1,0,8,0,26,0
32311,1,5,1,13390,15,3,75,1
30071,1,44,2,12020,6,0,12,0
37430,2,41,1,4000,67,7,3,0
17920,2,36,1,8000,32,0,7,0
49006,2,44,1,6000,14,0,5,0
384,2,44,1,5000,15,0,4,0
15332,1,43,1,8768,14,4,20,0
39310,1,33,1,5000,9,0,4,0
22849,2,33,1,3191,100,37,12,0
12782,1,10,1,1696,29,5,5,0
14525,1,49,1,11595,76,5,16,1
29006,1,2,1,0,1,0,11,0
24640,2,2,1,10000,39,0,9,0
13833,1,20,1,6000,30,0,5,0
42400,1,2,1,13613,6,0,18,0
476,2,15,1,3000,8,4,2,0
36801,1,4,1,0,56,1,6,0
18373,2,37,1,2000,85,0,1,0
24107,2,23,1,7000,43,0,6,0
26759,1,44,1,3000,15,6,2,0
1468,2,25,1,7000,10,5,6,0
46224,1,29,1,6000,7,5,5,0
6725,2,43,1,0,6,0,6,0
14019,2,4,1,0,13,40,9,0
14020,1,5,1,9000,10,33,8,0
37665,1,5,1,5000,5,8,4,0
17463,1,6,1,0,24,9,4,0
34019,2,6,1,3000,100,0,2,1
8123,2,15,1,0,33,0,7,0
14401,2,29,1,5762,8,0,9,0
7601,1,44,1,0,29,2,3,0
36898,1,5,2,1886,19,0,4,0
44430,1,50,1,6000,16,0,5,0
47766,2,10,2,1274,32,0,9,0
3304,2,2,1,5565,6,9,13,0
6343,1,3,1,15000,11,0,14,0
23557,2,6,1,0,12,0,3,0
15465,2,37,1,4288,49,0,11,0
924,2,11,1,0,3,1,6,0
20459,1,11,1,0,25,6,3,0
3602,1,5,1,0,2,13,4,0
39665,1,39,1,0,5,7,32,0
3876,1,11,1,5000,28,0,4,0
6869,1,21,1,77,9,0,6,0
7029,2,34,1,556,26,13,12,0
34520,1,5,1,3000,10,0,2,0
4347,2,32,1,3817,6,0,7,0
42203,2,44,1,0,56,0,3,0
20904,2,5,1,6000,12,0,5,0
41873,1,5,1,3000,12,0,2,0
8542,2,37,1,3030,48,2,10,0
6007,1,35,1,0,24,0,2,0
15405,2,44,1,13721,25,15,20,1
23729,2,33,1,4198,9,0,25,0
39783,2,19,1,0,68,0,5,0
11403,1,45,1,8000,8,8,7,1
40076,1,37,1,4000,5,7,3,0
30390,2,26,1,6585,2,0,17,0
2626,1,23,1,15000,7,25,14,0
40572,2,49,2,0,94,0,6,0
16719,1,44,1,6651,27,4,9,0
39071,2,34,1,3000,100,1,2,1
14882,2,10,1,10000,14,0,9,0
24627,2,5,1,3000,1,0,2,0
45887,1,33,1,2557,5,0,2,0
39563,1,15,1,6000,27,0,5,0
39571,2,5,1,2122,65,0,12,0
22176,1,23,1,6000,14,8,5,0
14665,1,17,1,0,11,0,3,0
20736,1,44,1,9000,20,0,8,0
18939,1,37,1,572,21,0,2,0
33114,1,25,1,0,44,0,5,0
41688,2,50,1,6932,5,9,12,0
47225,1,11,1,4073,18,0,21,0
18350,1,11,1,4286,74,0,4,0
32615,1,29,1,3000,13,6,2,0
41824,1,18,1,1472,22,0,7,0
5785,1,23,1,0,48,14,4,0
47762,2,16,1,7000,15,0,6,0
43475,1,36,1,0,14,13,7,0
27997,1,23,1,8587,36,0,10,0
7990,1,5,1,0,2,0,4,0
24047,1,5,1,5000,100,7,4,0
37659,1,5,1,0,14,11,14,0
2358,1,4,1,16000,32,4,15,1
48587,1,47,1,0,24,5,2,0
49351,1,35,1,25,3,0,20,0
1399,2,25,1,399,23,0,20,0
30360,1,49,1,0,21,0,44,0
15275,1,5,1,0,81,1,24,1
43314,2,5,1,0,7,5,12,0
13502,1,5,1,13000,26,9,12,0
9280,1,47,1,0,12,2,4,0
38055,1,43,1,0,4,1,4,0
35521,2,24,1,6414,100,2,7,0
41308,2,3,1,12000,13,1,11,1
48423,1,5,1,8526,31,0,30,0
38629,1,44,1,4055,68,3,5,0
37468,2,21,1,2000,30,0,1,0
16901,1,41,1,7117,100,0,8,0
18440,2,20,1,0,13,13,3,0
40812,1,48,1,96,32,0,3,0
471,2,1,1,8330,23,0,8,0
17019,1,43,1,0,94,15,18,0
33442,2,29,1,4000,100,5,3,0
9039,1,35,1,0,9,0,8,0
32851,2,39,1,2162,22,16,9,0
42368,1,44,1,3506,16,1,3,0
42220,1,30,1,0,9,9,2,0
14972,1,33,1,0,41,2,2,0
45350,1,25,1,5000,19,0,4,0
7970,1,45,1,0,19,25,6,0
39258,2,29,1,10395,38,0,21,1
46279,1,39,1,1083,15,0,20,0
46593,1,44,1,0,22,0,11,0
31455,1,15,1,5000,3,0,4,0
22418,1,5,1,569,8,0,10,0
13927,1,25,1,7251,23,0,18,0
37402,2,25,2,0,17,1,8,0
43738,1,11,1,7660,53,0,7,0
30780,1,43,1,6226,12,0,9,0
3644,1,20,1,4082,8,0,8,0
9725,2,21,1,8202,16,4,8,0
33615,1,44,1,1003,7,11,27,0
27845,1,21,1,1671,8,0,4,0
34915,1,21,1,0,6,0,2,0
8502,1,10,1,7000,9,0,6,0
9393,1,35,1,0,15,5,12,0
3249,1,39,1,1385,4,0,9,0
8914,2,48,1,1071,25,1,11,0
10428,2,10,1,8000,55,3,7,0
27039,1,45,1,5000,40,0,4,0
25238,1,36,1,0,12,1,6,0
25928,1,5,1,13000,33,2,12,0
38179,2,2,1,13198,69,0,23,1
17181,2,5,1,8425,19,6,9,0
10073,1,41,1,0,14,14,5,0
32149,2,5,1,1716,100,12,5,0
33137,2,24,1,3502,100,0,11,0
41097,2,39,1,8000,15,0,7,0
11633,1,39,1,3047,12,0,6,0
18045,2,21,1,9000,3,1,8,0
182,2,29,1,2191,24,5,4,0
9207,2,7,1,8000,30,0,7,0
13661,1,5,1,0,23,12,3,0
49199,1,21,1,10000,3,0,9,0
23924,2,37,1,6000,60,0,5,0
14767,2,46,1,3634,3,11,8,0
1144,1,32,1,5000,1,0,4,0
29226,2,5,1,2324,11,24,8,0
19486,2,44,1,7000,31,5,6,0
44867,2,6,1,0,70,10,7,0
37959,1,39,1,15000,15,4,14,1
20022,1,44,1,0,100,5,43,0
38220,2,37,2,7086,29,0,7,0
40064,1,24,1,0,34,0,4,0
46918,1,4,1,0,10,0,9,0
24698,1,5,1,4000,5,21,3,0
13646,1,5,1,4000,10,9,3,0
37894,1,20,1,1440,5,0,5,0
30389,1,5,1,1762,19,0,2,0
1009,2,5,1,3092,19,7,21,0
33453,2,26,1,9000,9,0,8,0
37176,2,18,1,0,30,4,6,0
24363,1,25,1,0,27,0,45,0
16065,2,5,1,0,24,11,10,0
8148,2,5,1,0,20,0,4,0
48372,1,21,1,12000,26,21,11,0
18822,2,5,1,12000,20,2,11,0
40310,2,5,1,5000,5,10,4,0
25099,1,49,1,8062,4,0,8,0
10309,1,46,1,2388,24,3,6,0
41326,1,2,1,0,10,2,34,0
23588,1,16,1,1929,5,0,21,0
13444,2,5,1,4547,24,3,21,0
46796,1,5,1,0,47,0,75,1
35824,1,51,1,0,24,7,8,0
45303,1,5,1,0,27,0,4,0
20668,2,11,1,0,27,0,5,0
35111,2,34,1,0,50,0,3,0
33505,1,41,1,0,23,4,11,0
37965,1,24,1,2469,13,0,5,0
12737,1,14,1,6706,2,3,15,0
10609,2,17,1,5917,54,0,7,0
21454,2,5,1,0,9,10,31,0
4286,2,36,1,4000,56,2,3,0
37496,1,36,1,1327,10,0,5,0
41500,1,48,1,5586,3,3,6,0
37441,1,46,1,1335,5,0,6,0
33208,1,5,1,6000,6,0,5,0
1624,1,48,1,0,11,0,5,0
38431,2,28,1,0,15,0,2,0
43779,2,5,1,5985,32,11,17,0
8135,1,5,1,11997,6,0,11,0
29538,2,39,1,0,9,28,1,0
9738,2,39,1,1005,86,50,3,0
17211,1,11,1,0,35,0,3,0
7610,2,10,1,0,4,0,40,0
20624,1,44,1,1112,100,11,23,0
31348,2,48,1,13000,6,0,12,1
16468,1,48,1,4000,100,0,3,0
25418,1,13,1,0,10,0,6,0
26560,2,21,1,0,2,0,29,0
2878,1,4,1,10920,22,0,11,0
24434,1,14,1,5000,11,0,4,0
43715,1,48,1,0,11,0,2,0
44229,1,5,1,4000,9,0,3,0
34576,1,35,1,1238,51,0,17,0
40895,1,36,1,1589,35,0,51,0
6111,1,23,1,0,55,27,40,0
30072,1,15,1,7000,3,0,6,0
4920,1,44,1,0,60,2,3,0
23603,1,11,1,3000,21,17,2,0
38567,2,18,1,7000,67,7,6,0
38520,2,44,1,11091,0,5,15,0
43736,1,32,1,8090,6,0,32,0
41049,1,15,1,0,16,0,8,0
10179,2,9,1,3538,10,0,4,0
47492,1,32,1,0,7,0,5,0
35020,1,35,1,7000,43,0,6,0
3705,2,5,1,0,100,10,4,0
26849,1,3,1,2200,51,0,41,0
49627,2,29,1,6588,52,0,6,1
22255,1,38,2,0,10,2,11,0
12839,2,44,1,0,17,0,1,0
39270,2,5,1,4000,98,0,3,0
31342,1,16,1,10000,14,0,9,0
33037,2,39,1,5000,16,14,4,0
31228,2,13,1,6720,12,0,7,0
2260,2,7,1,0,31,3,5,0
1336,2,44,1,4000,22,0,3,0
44091,2,29,1,5000,3,0,4,0
12574,1,33,1,2000,8,7,1,0
9233,2,6,1,2000,6,0,1,0
13421,1,17,1,10000,22,0,9,0
26638,1,10,1,3000,17,0,2,0
47828,2,35,1,4358,12,0,44,0
27523,2,11,1,0,58,0,6,0
2454,2,35,1,0,52,0,2,0
14000,1,44,1,2802,13,0,10,0
22599,1,21,1,0,36,1,13,0
42517,1,44,1,9000,20,0,8,0
34072,1,14,1,2720,100,0,2,0
47040,2,29,1,4686,30,13,17,0
37895,2,38,1,7846,18,7,7,0
18327,1,5,1,14000,7,0,13,0
35566,2,24,1,0,8,0,12,0
18597,1,5,1,6000,11,0,5,0
44019,2,35,1,0,58,0,3,0
28853,2,19,1,6159,90,5,8,0
5039,2,35,1,12000,34,0,11,0
28823,2,50,1,3000,43,0,2,0
23788,1,15,1,5000,42,0,4,0
46906,2,19,1,7559,8,0,7,0
29224,2,11,1,1251,4,0,3,0
33532,2,39,1,3543,9,0,3,0
19410,1,41,1,2832,29,2,31,0
36194,2,35,1,2349,15,0,16,0
44586,1,5,1,9000,14,52,8,0
29687,1,5,1,10000,28,13,9,0
4401,2,44,1,6000,53,0,5,0
29561,1,48,1,10426,20,24,19,0
42633,1,11,1,10000,17,0,9,0
15999,2,47,1,0,28,10,11,0
25920,2,31,1,862,83,0,27,0
38097,1,20,1,12203,80,13,27,1
8673,2,11,1,3000,43,0,2,0
36700,1,17,1,0,13,0,23,0
46167,1,21,2,5000,78,0,4,0
40052,2,37,1,2701,19,3,4,0
28632,1,5,1,9528,20,0,9,0
3834,1,36,1,2263,32,0,2,0
22020,2,39,1,914,100,16,9,0
49428,1,50,1,4000,89,0,3,0
10060,1,11,1,6540,4,21,13,0
36530,1,5,1,10371,34,8,27,1
18833,1,44,1,3000,7,2,2,0
47780,2,20,1,0,3,0,20,0
38747,1,31,1,0,12,0,14,0
35244,1,32,1,2653,3,2,32,0
35418,1,25,1,0,65,0,8,0
27946,1,21,1,15000,8,0,14,0
30292,1,3,1,7000,71,0,6,0
1285,2,20,1,6000,100,5,5,0
15533,1,45,1,936,2,0,3,0
46284,2,19,1,0,29,59,4,0
26892,2,43,1,0,30,3,3,0
36067,2,2,1,8211,67,0,51,1
11948,1,20,1,7000,13,0,6,0
18651,1,23,1,2404,13,10,6,0
45148,1,5,1,780,3,7,3,0
1024,2,15,1,0,21,23,23,0
17542,2,21,1,8594,36,0,8,0
34367,2,35,1,0,8,0,12,0
32623,1,5,1,0,100,0,12,0
34337,1,17,1,1845,27,2,7,0
7276,2,35,1,0,2,40,5,0
23983,2,36,1,5000,6,0,4,0
44486,2,5,1,4000,64,0,3,0
20808,1,23,1,17000,3,0,16,0
38768,1,10,1,6319,20,2,12,0
46142,1,21,1,9000,20,0,8,0
26626,1,20,2,11387,14,0,11,0
42068,1,41,1,6000,3,0,5,0
6198,1,29,1,6863,4,0,10,0
48228,1,32,1,7708,4,0,14,0
26508,2,35,1,6000,5,1,5,0
15084,1,15,1,0,23,0,4,0
10891,2,5,1,4000,19,0,3,1
43641,1,24,1,1902,13,7,3,0
4161,1,35,1,2593,18,0,2,0
19470,2,38,1,4000,63,0,3,0
32271,2,21,1,5440,22,0,11,1
37559,2,5,1,8000,33,0,7,1
40989,2,5,2,1162,46,0,8,0
18143,2,15,1,3673,100,13,6,0
45203,1,39,1,1274,19,0,5,0
2634,2,5,1,7000,42,0,6,0
26125,2,21,1,11000,64,2,10,0
32214,1,32,1,4000,100,2,3,0
34406,2,5,1,0,30,0,19,0
9138,1,29,1,4234,25,0,17,0
31373,2,44,1,0,14,0,8,0
11901,2,39,1,0,42,2,14,0
4179,1,3,1,11000,11,0,10,0
44059,1,44,1,7979,4,9,31,0
20925,1,10,1,0,5,4,4,0
32987,1,44,1,0,94,0,2,0
551,1,36,2,4000,45,3,3,0
43000,2,41,1,7482,14,0,40,0
41262,1,35,1,6000,22,3,5,0
45855,2,5,1,1091,15,0,9,0
39404,2,10,1,3928,100,0,4,1
47794,1,5,1,5302,12,5,14,0
11464,1,46,1,2413,89,0,8,0
37093,1,25,1,7633,7,0,33,0
20296,1,5,1,6602,10,5,7,0
34464,2,39,1,1410,27,0,2,0
28812,2,13,1,7000,18,0,6,0
29384,2,39,1,9794,17,5,14,0
13425,1,44,1,0,15,2,15,0
4950,1,44,1,3622,37,0,3,0
18731,2,48,1,0,55,16,3,0
3317,1,49,1,4000,41,10,3,0
31665,2,37,1,4000,2,0,3,0
37318,2,11,1,7000,16,12,6,0
21580,2,23,1,13000,1,0,12,0
25923,1,3,1,2328,40,0,2,0
41242,1,43,1,6000,3,0,5,0
13463,2,29,1,6000,2,0,5,0
48502,2,35,1,0,24,2,3,0
43224,1,15,1,2516,21,9,3,0
47156,1,39,1,0,8,1,5,0
29353,1,5,1,0,8,0,4,0
6238,1,38,1,4000,16,0,3,0
31909,1,39,1,0,100,4,47,1
13465,2,44,1,5000,14,5,4,0
3525,2,18,1,11000,17,0,10,0
40672,1,44,1,11000,27,0,10,1
11154,2,35,1,4000,11,0,3,0
48287,1,39,1,0,9,8,3,0
44602,1,23,1,0,86,0,12,0
24589,2,36,1,6000,3,0,5,0
42053,1,43,2,668,11,0,36,0
30095,1,44,1,3000,55,1,2,0
29958,1,44,1,4000,15,1,3,0
41219,1,10,1,0,42,0,5,0
10344,2,33,1,4823,4,0,6,0
41794,2,43,1,6000,50,0,5,0
41583,1,28,1,6055,25,8,6,0
10843,1,5,1,3000,37,0,2,0
43607,1,43,1,489,18,0,7,0
3720,2,5,1,0,100,0,3,0
6356,1,5,1,8054,15,7,10,0
6522,2,5,1,0,44,8,4,0
9289,2,28,1,3000,14,0,2,0
45562,2,36,1,4000,13,12,3,0
33316,2,21,1,2222,52,0,4,0
18399,2,10,1,2636,27,36,6,0
2285,1,39,1,0,19,0,3,0
49852,1,36,1,13272,10,0,14,0
34997,1,11,1,7000,3,17,6,0
40966,1,16,1,0,9,0,7,0
3504,1,6,1,6000,13,2,5,0
12713,1,20,1,525,41,0,4,0
49875,1,49,1,2000,19,0,1,0
28797,2,38,1,4000,27,2,3,0
35542,1,48,1,4000,26,0,3,0
31610,1,14,1,4000,28,0,3,0
24140,1,44,1,0,100,0,4,0
41457,2,17,1,5000,12,5,4,0
27573,1,15,1,6000,19,2,5,0
26181,1,43,1,5000,3,0,4,0
10253,2,22,1,15767,100,0,35,1
44409,1,48,1,2513,6,4,4,0
19887,1,10,1,5000,62,57,4,0
34706,1,36,1,4564,3,0,4,0
32332,1,44,1,1497,7,3,3,0
3288,1,5,1,0,18,0,14,0
8662,1,23,1,4494,15,0,7,0
5395,1,44,1,4000,36,0,3,0
31014,1,23,1,8000,41,13,7,0
10830,1,15,1,1380,12,0,6,0
4160,1,44,1,8562,5,9,9,0
1241,1,7,2,5000,35,0,4,0
38050,1,38,1,7749,25,3,11,0
268,1,14,1,490,30,17,24,0
46234,1,44,1,4000,60,2,3,0
23455,2,10,1,0,18,2,31,0
30682,2,39,1,2884,11,9,4,0
48636,1,4,1,5161,53,3,9,0
8092,1,32,1,0,7,1,4,0
36131,1,5,1,2565,6,0,7,0
12010,1,10,1,1220,46,7,8,0
39992,1,5,1,2531,10,0,24,0
36671,1,39,1,0,25,0,13,0
7612,1,50,1,3239,2,0,10,0
15216,1,3,1,0,33,0,5,0
19491,1,24,1,1984,7,0,13,0
6544,1,5,1,0,40,0,8,0
18398,2,44,1,3000,6,0,2,0
33260,1,11,2,4096,8,0,8,0
6861,1,5,1,5747,32,1,9,0
39946,1,29,1,5863,21,57,11,0
43871,2,36,1,0,12,21,3,0
21246,1,10,1,0,94,0,4,0
18912,2,2,1,13000,1,12,12,0
21481,2,33,1,10000,56,11,9,0
27502,1,39,1,13604,20,0,14,0
10251,2,30,1,0,1,5,20,0
37319,2,19,1,912,10,0,5,0
31295,2,38,1,22999,12,0,40,1
48038,2,36,1,6518,16,7,41,0
25274,1,29,1,7169,18,0,26,0
38944,2,15,1,4000,45,0,3,0
14066,2,48,1,16831,10,10,28,1
18552,1,5,1,0,4,9,54,0
29206,1,10,1,8000,14,0,7,0
40794,1,44,1,0,13,0,2,0
24096,2,13,1,10000,6,0,9,0
9399,1,15,1,3578,7,0,5,0
45520,1,19,1,1459,12,9,4,0
39784,1,20,1,0,7,0,9,0
36307,2,5,1,0,100,0,3,0
20249,2,44,1,3000,25,14,2,0
39967,2,25,1,0,11,4,2,0
46350,2,20,1,0,40,0,10,0
42239,2,44,1,476,24,0,1,0
20880,1,44,1,2345,42,0,15,0
9563,2,17,1,7000,50,0,6,0
41721,1,29,1,8137,10,11,25,0
7081,2,49,1,2921,10,0,17,0
15872,2,17,1,4000,14,0,3,0
12336,2,6,1,7000,62,2,6,1
32617,2,13,1,0,3,0,11,0
36110,2,15,1,5000,18,13,4,0
26611,1,20,1,5975,21,1,6,0
25045,1,4,1,1170,9,0,3,0
11668,2,46,1,5000,22,1,4,0
29519,1,43,1,3401,37,0,19,0
4030,2,4,1,19948,29,0,75,1
16270,1,35,1,4781,11,0,7,0
26760,1,36,1,8245,10,0,41,0
17724,2,16,1,0,5,0,4,0
48743,2,2,1,0,22,0,10,0
11000,2,46,1,6000,2,0,5,0
36775,1,51,1,0,9,0,2,0
42056,1,35,1,0,56,0,24,0
39222,2,16,1,1260,12,0,2,0
49414,1,44,1,1761,35,10,28,0
17296,1,21,1,8000,12,7,7,0
33671,2,44,1,0,69,6,3,0
31738,2,2,1,6000,12,12,5,0
16425,2,23,1,8000,23,0,7,0
36727,1,44,1,5000,25,2,4,0
19461,2,45,1,0,5,3,2,0
49782,2,43,2,4316,20,1,5,0
39932,2,49,1,2216,54,0,8,0
15364,2,15,1,0,1,0,9,0
10952,1,46,1,0,9,0,12,0
46803,1,23,1,3000,33,1,2,0
20605,2,48,1,3000,59,0,2,0
21105,2,48,1,7000,100,0,6,1
25014,2,4,1,8000,47,0,7,0
2150,1,6,1,6000,9,0,5,0
16667,2,34,1,2452,24,0,3,0
33566,1,43,1,0,22,0,2,0
35159,1,10,1,0,15,0,18,0
17225,1,36,2,4426,16,0,4,0
34752,2,32,1,4000,16,1,3,0
2375,2,5,1,0,27,7,4,0
29067,2,4,1,4000,17,0,3,0
43248,1,35,1,2404,3,0,2,0
17727,1,44,1,4000,19,1,3,0
2098,1,2,1,0,15,1,6,0
34436,2,11,1,3075,7,2,4,0
24865,2,47,1,5000,49,3,4,0
45118,1,6,1,3000,6,6,2,0
15976,1,29,1,0,46,29,12,0
10038,1,5,1,7000,30,0,6,0
4765,2,15,1,0,31,34,8,0
1411,1,13,1,5000,13,30,4,0
20178,1,5,2,0,42,0,15,0
19059,2,23,1,0,66,4,24,0
34221,1,29,1,13000,92,36,12,1
10008,2,16,1,5048,44,12,14,0
16367,2,34,1,0,31,0,3,0
13512,2,35,1,9000,14,17,8,0
10803,1,44,1,0,10,0,2,0
45253,1,37,1,4000,27,19,3,0
227,2,27,1,0,17,1,7,0
32661,2,44,1,7000,26,1,6,0
46344,1,10,1,0,21,16,4,0
14037,2,15,1,0,20,0,3,0
5129,2,10,1,5000,42,0,4,0
10338,1,15,1,15000,19,10,14,0
49910,2,10,1,12000,8,1,11,1
21883,1,23,1,4572,40,5,4,0
27164,1,41,1,3750,38,19,6,0
48437,1,20,1,5998,64,0,7,0
8629,1,39,1,0,7,4,10,0
12897,1,19,1,0,26,1,4,0
2950,2,15,1,0,5,0,2,0
1175,1,49,1,4000,4,0,3,0
7902,2,35,2,1593,79,3,3,0
23981,2,10,1,3922,4,0,8,0
44827,1,7,1,4000,12,6,3,0
44162,1,29,2,0,7,5,3,0
20483,2,16,1,846,81,17,4,0
2892,1,36,1,3000,12,0,2,0
37875,2,36,1,0,26,0,5,0
12034,2,26,1,12000,24,0,11,0
47585,1,45,1,0,80,0,8,0
29654,1,48,1,19675,9,0,28,1
24622,1,6,1,5000,4,18,4,0
32011,2,10,1,4984,4,3,5,0
34473,1,35,1,0,23,0,2,0
35165,2,5,1,0,21,20,4,0
49631,1,36,1,3000,15,1,2,0
32259,1,5,1,0,2,0,2,0
18897,2,2,1,3540,78,3,6,0
21540,1,5,1,0,7,0,23,0
21442,2,49,1,0,5,4,3,0
37710,2,44,1,3000,100,0,2,0
48762,2,35,1,1977,14,0,11,0
48210,2,10,1,10547,15,22,33,0
19046,1,43,1,2333,25,0,6,0
43553,1,32,1,0,18,0,2,0
42200,2,44,1,0,5,14,27,0
17952,1,10,1,0,13,17,3,0
6552,1,21,1,3422,6,0,5,0
35403,1,7,1,14785,14,0,18,0
47105,1,38,1,4000,14,2,3,0
49363,1,11,1,4000,3,0,3,0
41732,2,5,1,11873,15,0,13,1
1699,2,35,1,5000,89,0,4,0
19445,1,35,1,6000,20,1,5,0
27272,2,18,1,7707,23,6,10,0
5550,1,15,1,4945,18,20,18,1
26613,2,5,1,3000,5,0,2,0
7657,1,33,1,3000,11,0,2,0
47785,2,5,1,0,30,0,6,0
49329,1,34,1,9000,26,0,8,0
11488,2,25,1,2362,9,0,3,0
25589,2,11,1,10000,18,0,9,0
48719,2,36,1,0,8,0,3,0
34151,1,35,1,0,3,2,5,0
42156,2,5,1,0,22,0,3,0
35163,1,10,1,0,11,0,3,0
47372,1,35,1,3713,12,0,14,0
20555,1,10,1,6000,16,7,5,0
12803,2,46,1,7000,21,0,6,0
34280,1,39,1,9457,10,1,17,0
44374,1,5,2,0,6,0,2,0
25250,1,5,1,1372,21,0,15,0
31639,2,5,1,6049,8,0,20,0
32305,1,11,1,7000,17,3,6,0
27309,1,28,1,0,22,1,3,0
6037,1,11,1,0,3,0,6,0
24442,1,10,1,0,41,0,19,0
1498,1,37,1,3000,70,0,2,0
39194,2,44,1,5000,60,0,4,0
11822,2,44,1,513,8,0,5,0
27174,2,10,1,5000,58,2,4,0
16157,1,13,1,0,36,25,6,0
18963,1,35,1,0,27,4,4,0
25570,1,39,1,9000,6,54,8,0
3283,2,15,1,3000,18,11,2,0
31628,1,44,1,4000,100,0,3,0
39056,2,46,1,0,2,0,4,0
30507,2,5,1,6287,8,0,6,0
32128,2,7,1,2018,2,0,7,0
19409,2,2,1,7005,4,0,27,0
29186,2,10,1,3000,99,0,2,0
12371,2,4,1,5789,11,0,7,0
38771,2,21,1,5000,25,0,4,0
751,2,24,1,1020,28,0,8,0
41600,2,15,1,3000,4,0,2,0
20517,1,6,1,0,4,38,11,0
28327,2,10,1,4000,13,0,3,0
19111,1,16,1,3541,65,0,17,0
11298,1,10,1,6677,28,14,14,0
39634,1,5,1,0,9,0,1,0
24574,2,44,1,0,8,8,5,0
312,1,5,1,4468,24,0,6,0
21909,1,15,1,0,5,3,11,0
19588,1,16,1,0,28,12,6,0
29745,1,13,1,0,24,1,17,0
4666,2,44,1,7310,10,0,14,0
35751,1,48,1,13848,26,0,22,1
39148,2,43,1,6886,13,5,10,0
22129,1,6,1,0,18,0,7,0
1697,1,43,1,5000,100,4,4,0
7417,2,5,1,4000,6,8,3,0
12641,1,15,1,0,50,5,7,0
6866,2,43,1,0,7,9,3,0
28386,1,44,1,3000,30,1,2,0
19650,1,15,1,4000,3,8,3,0
5054,1,36,1,7995,100,4,15,1
49770,1,19,1,3000,100,0,2,0
23636,1,44,1,3000,100,2,2,0
33250,1,18,2,399,5,1,6,0
7600,1,14,1,8575,32,1,12,0
43393,1,20,1,4000,85,0,3,0
43457,1,7,1,0,15,1,3,0
37408,2,10,1,4000,42,0,3,0
41025,1,5,1,716,24,4,7,0
47279,1,5,1,9000,32,0,8,0
48264,1,44,1,1883,16,28,3,0
11073,1,4,1,5000,19,0,4,0
12170,1,5,1,0,11,8,3,0
39202,1,23,1,0,3,0,8,0
8305,1,10,1,3000,38,0,2,0
48482,2,5,1,0,8,11,6,0
47650,2,22,1,8000,45,0,7,0
2490,2,39,1,0,30,12,7,0
22071,1,44,1,7000,7,0,6,0
45537,2,36,1,0,90,0,10,0
15182,1,45,1,4867,26,8,9,0
4594,1,5,1,1481,33,3,8,0
47826,1,19,1,0,19,0,2,0
14400,1,18,1,4937,24,5,8,0
31834,1,46,1,0,16,0,3,0
1327,1,32,1,0,57,0,22,0
28887,1,20,1,0,24,20,3,0
5757,1,39,1,0,15,0,15,0
34206,1,23,1,6000,7,0,5,0
36154,2,32,1,2364,8,0,2,0
20724,1,29,1,13976,92,28,34,1
36995,1,28,1,8016,44,0,13,1
3351,1,40,1,5765,6,3,24,0
25394,2,44,1,4000,100,4,3,1
49489,1,37,1,0,22,0,10,0
20025,1,16,1,4000,100,0,3,0
49726,1,49,1,0,14,0,7,0
439,1,5,1,3065,19,0,5,0
24877,2,5,1,11062,28,15,75,1
6741,1,37,1,2932,3,0,12,0
15254,1,44,1,6000,19,7,5,0
29978,2,36,1,5000,13,1,4,0
5685,2,35,1,4047,89,0,7,1
42439,1,46,2,5634,8,1,41,0
46101,1,23,1,0,12,0,3,0
1189,1,5,1,5000,23,60,4,0
9995,1,5,1,11768,42,10,11,0
44371,2,24,1,3668,27,0,3,0
31232,2,5,1,0,53,0,75,1
41573,1,44,1,3000,16,1,2,0
41160,2,21,1,8429,64,16,14,1
33062,1,41,1,4316,19,0,6,0
43389,1,2,1,5000,24,3,4,0
33377,2,29,1,811,3,0,4,0
6650,1,39,1,4000,39,0,3,0
46928,2,10,1,7000,13,50,6,0
25933,2,29,1,4000,41,0,3,0
47240,1,44,1,6000,35,5,5,0
21570,2,10,1,4009,8,0,4,0
33866,1,35,1,0,24,0,15,0
7982,1,10,1,7000,17,41,6,0
9596,1,10,1,3803,6,0,8,0
44736,2,20,1,5000,10,0,4,0
27133,1,29,1,2411,5,0,2,0
47508,1,5,1,6946,25,4,10,0
774,1,47,1,6000,13,0,5,0
46077,1,35,1,0,34,37,2,0
3395,1,5,1,4801,11,0,4,0
25870,2,39,1,0,43,4,18,0
45168,2,5,1,0,100,0,6,0
21566,1,44,1,14000,9,0,13,0
32117,2,21,1,6060,16,0,7,0
38370,1,36,1,5000,79,0,4,0
21116,1,5,1,499,31,0,9,0
32565,1,23,1,2787,71,0,6,0
10710,2,4,1,0,5,0,7,0
40749,1,3,1,4000,19,5,3,0
25916,1,15,1,4000,8,3,3,0
11593,1,24,1,0,11,0,16,0
23816,2,44,1,6000,30,0,5,0
28598,2,44,1,1620,17,0,15,0
15508,1,3,1,0,15,0,7,0
28892,2,15,1,3014,27,0,24,0
11297,2,11,1,5154,24,1,8,0
5810,1,14,1,5000,5,0,4,0
22793,2,44,1,0,8,3,1,0
47774,2,39,1,7000,35,3,6,0
31788,1,19,1,9000,36,0,8,0
22015,1,19,1,0,43,21,8,0
49484,1,5,1,4309,11,0,6,0
48675,1,25,1,3000,13,0,2,0
29708,1,32,1,6405,4,0,21,0
6223,2,10,1,1213,7,3,5,0
43298,1,39,1,3215,5,9,33,0
44000,1,25,2,3000,15,0,2,0
18648,2,41,1,0,19,0,18,0
1427,1,4,1,8000,32,0,7,0
8102,2,21,1,0,10,1,6,0
41477,1,44,1,2000,36,0,1,0
2755,2,5,1,2920,14,0,5,0
2618,1,41,1,623,29,6,3,0
10881,2,11,1,6945,25,8,23,0
12816,2,25,1,0,13,1,3,0
32766,1,35,1,0,30,7,5,0
17896,1,44,1,9968,100,0,24,1
36938,1,10,1,0,82,1,3,0
47655,1,18,1,3706,47,1,10,0
37620,2,46,1,0,8,0,3,0
1764,2,15,1,0,7,0,11,0
26654,2,19,1,5000,21,2,4,0
28645,1,32,1,0,10,0,7,0
1657,2,37,1,0,5,0,7,0
8203,1,36,1,11000,5,1,10,0
2278,1,6,1,5195,13,14,6,0
49717,2,44,1,1919,6,1,6,0
11248,2,5,1,3000,28,22,2,0
43729,2,31,1,0,19,5,2,0
23390,1,46,1,18317,25,15,28,1
37129,1,5,1,3000,45,6,2,0
7748,2,34,1,8000,27,0,7,0
4560,2,10,1,7142,95,19,9,0
23644,2,21,1,7818,15,7,7,0
47264,1,5,1,2883,18,0,15,0
33219,1,46,1,8885,5,1,9,0
897,2,6,1,1274,53,60,6,0
37605,1,10,1,4000,4,0,3,0
16531,2,21,1,4000,30,0,3,0
2928,2,39,1,4000,3,1,3,0
47994,1,37,1,4465,19,0,4,0
16592,1,26,1,10496,39,14,10,0
43379,2,44,1,0,6,10,4,0
6562,2,15,1,3153,78,19,7,0
35923,1,21,1,0,32,2,5,0
10244,1,43,1,6000,34,0,5,0
42537,2,10,1,7000,30,4,6,0
39549,2,5,1,4883,2,13,56,0
15727,2,32,1,9468,13,28,27,0
32177,1,43,1,8000,45,0,7,0
33311,1,44,1,10000,11,0,9,0
49118,1,33,1,7407,100,0,54,1
6402,1,2,1,4000,12,0,3,0
39705,2,32,1,5000,16,10,4,0
41028,2,36,1,1764,2,0,9,0
33139,1,44,1,5515,43,1,6,0
44170,1,32,1,7000,24,0,6,0
28220,2,18,1,0,100,0,6,0
37112,2,43,1,5674,28,0,9,0
21397,2,20,1,2812,77,0,8,1
40127,1,46,1,14000,35,11,13,0
34454,2,5,1,121,11,1,4,0
24057,2,5,1,8000,24,3,7,0
18779,2,21,1,6000,5,0,5,0
26006,1,5,1,5000,37,0,4,0
36029,1,35,1,0,16,1,3,0
31124,1,25,1,1232,100,0,7,0
4680,1,44,1,4232,12,0,4,0
5772,2,32,1,6000,11,0,5,0
22910,2,46,1,0,7,0,12,0
38536,1,24,1,7502,17,13,9,0
42408,1,10,1,12000,24,0,11,0
32919,1,35,1,0,2,0,1,0
181,1,49,1,0,7,0,5,0
47906,2,23,1,3701,18,0,4,0
21582,1,5,1,3000,40,0,2,0
15939,1,37,1,3732,12,0,4,0
20680,1,41,1,0,26,0,6,0
10036,2,36,1,0,50,0,13,0
10424,2,15,1,6080,24,0,6,0
46451,1,35,1,0,14,0,9,0
8091,2,41,1,3000,20,0,2,0
11752,1,18,1,3000,14,0,2,0
35101,2,28,1,3000,6,3,2,0
21668,2,43,1,6932,44,3,12,0
22096,1,44,1,1752,6,0,9,0
15613,1,21,1,6000,56,0,5,0
14,2,38,1,9000,41,3,8,0
4252,1,20,1,3000,100,7,2,0
8495,2,37,1,0,19,0,8,0
3675,1,11,1,9000,20,3,8,0
8722,1,44,1,3000,20,0,2,0
13557,2,49,1,0,19,9,14,0
37677,1,5,1,0,54,60,14,0
7672,2,15,1,9000,16,8,8,0
29354,1,49,1,3811,29,0,17,0
17081,2,44,1,5000,14,2,4,0
18742,2,39,1,0,34,11,11,0
21122,2,35,1,9282,26,0,9,0
40856,2,23,1,0,18,13,5,0
40949,1,44,1,3000,49,10,2,0
47825,1,5,1,2489,15,7,2,0
4497,2,34,1,4640,52,5,4,0
47471,1,5,1,3000,8,0,2,0
5461,1,29,1,7000,32,0,6,0
11790,1,35,1,1436,11,7,4,0
33241,1,7,1,0,14,1,6,0
11743,2,11,1,3000,5,4,2,0
13553,1,10,1,0,12,7,17,0
23519,2,25,1,570,22,1,15,0
13054,1,18,1,12557,67,0,75,1
13815,2,15,1,3000,42,0,2,0
30270,1,5,1,8000,10,1,7,0
38470,1,34,1,0,23,4,13,0
10078,2,44,1,926,19,15,22,0
23459,1,25,2,9046,100,1,17,1
23069,1,44,2,13272,68,0,20,1
30638,2,10,1,1874,69,9,75,1
24018,1,35,1,10454,34,60,13,1
38434,2,5,1,9986,11,15,23,1
38821,1,10,1,3000,12,0,2,0
1214,1,32,1,7550,13,0,15,0
19212,1,29,1,0,3,0,2,0
10330,1,5,1,5241,12,4,10,0
12791,1,35,1,3000,12,0,2,0
29689,1,37,1,3000,29,2,2,0
33870,2,10,1,7102,2,0,13,0
3684,1,46,1,0,17,0,8,0
30902,1,48,1,5454,29,0,5,0
10238,2,15,1,6000,32,0,5,0
37471,1,11,1,3000,8,7,2,0
15663,2,36,1,0,13,3,4,0
19167,1,4,1,1954,25,4,7,0
11551,1,36,1,6000,37,0,5,0
10288,2,19,1,2000,17,0,1,0
36475,1,46,1,7000,100,0,6,0
31201,2,35,1,5888,22,0,6,0
39960,1,29,1,15189,46,8,41,1
3915,2,29,1,0,22,22,18,0
26612,1,10,2,3000,24,0,2,0
33232,1,14,1,38,17,0,2,0
40142,1,23,1,3000,4,1,2,0
17004,1,5,1,11000,42,1,10,0
41832,2,11,1,0,10,0,5,0
14046,1,4,1,2145,23,9,8,0
47193,1,6,1,965,4,4,3,0
23211,1,39,1,5549,49,0,6,0
41783,1,49,1,4000,22,0,3,0
48879,1,44,1,8000,24,0,7,0
39267,2,44,1,3643,21,9,8,0
32125,1,29,1,3336,44,4,8,0
44795,1,39,1,0,37,0,3,0
44892,2,10,1,4000,17,5,3,0
44998,1,39,1,6000,12,0,5,0
45400,1,16,1,0,60,0,5,0
45147,2,28,1,0,6,4,3,0
44337,2,45,1,3491,27,2,5,0
25550,2,29,1,2755,63,52,2,0
22205,1,50,1,16205,57,2,28,1
24568,2,29,1,11000,19,12,10,0
39155,1,41,1,0,42,0,6,0
48671,1,6,1,14000,13,0,13,0
18389,1,36,1,9698,5,38,23,0
32524,1,14,1,0,15,0,6,0
11226,1,5,1,0,51,60,6,0
7021,2,5,1,0,11,1,7,0
40072,1,24,1,678,75,0,17,0
3443,2,19,1,4000,12,0,3,0
632,2,24,1,0,57,39,6,0
26318,2,21,1,8487,9,0,10,0
49899,1,6,1,0,6,10,4,0
37248,2,20,1,17000,7,0,16,0
20195,1,35,1,249,9,3,2,0
27569,1,44,1,0,13,1,8,0
601,2,29,1,4000,9,3,3,0
38877,2,29,1,609,60,0,10,0
47885,1,35,1,7345,3,0,11,0
9546,1,41,1,4827,31,2,8,0
26013,1,46,1,0,40,0,4,0
17234,1,15,1,0,52,31,3,0
44512,2,2,1,0,3,0,5,0
39582,1,5,1,10106,100,0,11,1
7946,2,3,2,6992,4,0,18,0
45504,2,6,1,0,31,22,19,0
24353,1,3,1,4464,47,2,12,0
25894,1,17,1,9000,9,0,8,0
20038,1,41,1,0,13,0,20,0
17713,1,5,1,0,3,0,4,0
18181,1,32,1,7000,12,0,6,0
31858,2,48,1,10560,20,0,20,0
4220,1,23,1,3000,87,15,2,0
33198,1,23,1,5000,20,34,4,0
920,1,42,1,5000,100,0,4,0
15527,1,4,1,5057,31,0,5,0
12349,1,7,1,5000,23,0,4,0
8855,1,5,1,10159,16,0,22,1
18999,1,48,1,0,11,0,2,0
9427,1,11,1,2084,28,0,20,0
8944,2,36,1,5000,53,0,4,0
32236,2,36,1,3868,18,1,4,0
35582,2,40,1,3000,5,2,2,0
39118,2,15,1,11911,42,0,13,0
27629,2,4,1,0,100,0,13,0
39361,1,7,1,279,16,27,2,0
905,1,11,1,37,23,0,9,0
17412,2,47,2,1812,74,0,12,1
32072,1,11,1,7172,46,0,7,0
26434,1,11,1,11770,26,38,13,0
42025,1,16,1,0,99,4,3,0
8958,2,5,1,9000,24,1,8,0
29132,1,46,1,2927,67,0,4,0
44497,2,24,1,0,69,22,4,0
10539,2,7,1,6000,77,2,5,0
31184,1,16,1,8237,25,5,17,0
3319,2,50,1,0,6,0,3,0
34639,1,15,1,1405,11,0,5,0
158,1,19,1,7000,14,0,6,0
46259,1,3,1,2232,23,0,3,0
4326,2,11,1,3000,21,0,2,0
18624,2,11,1,4000,47,7,3,0
26952,1,16,1,6140,5,0,7,0
5074,1,48,1,0,11,21,11,0
597,1,4,1,3796,4,0,34,0
33832,1,15,1,4000,47,0,3,0
8340,1,29,1,0,26,1,7,0
22082,1,5,1,5000,10,0,4,0
23884,2,36,1,6000,45,0,5,0
5435,1,24,2,4000,39,0,3,0
27647,1,37,1,5547,17,0,16,0
37437,1,35,1,11450,100,0,18,1
16469,2,49,1,1179,12,0,8,0
12924,1,15,1,2984,34,0,4,0
48135,2,5,1,0,100,0,11,0
10545,2,34,1,5338,36,9,12,0
1479,1,23,1,0,100,8,16,0
47980,1,43,1,4960,13,16,5,0
22307,2,5,1,2000,37,0,1,0
32498,1,24,1,4000,2,9,3,0
10114,1,32,1,2210,16,12,13,0
12681,2,20,1,9834,44,0,13,1
7708,2,48,1,0,19,0,2,0
33180,1,24,1,5000,45,4,4,0
22198,1,35,1,9262,28,0,18,0
309,1,45,1,4000,3,21,3,0
39879,1,18,1,0,7,60,3,0
472,1,24,1,0,25,3,5,0
41683,1,2,1,0,14,1,5,0
18336,2,35,1,0,47,0,2,0
13361,2,6,1,4000,7,4,3,0
42884,1,10,1,0,14,0,6,0
16615,1,26,1,7000,5,17,6,0
45199,1,17,2,4964,11,0,6,0
24479,1,44,1,0,7,1,10,0
9241,1,44,2,10000,100,15,9,1
30460,1,44,1,5555,5,0,10,0
37831,1,46,1,4000,5,0,3,0
13481,2,39,1,4000,11,30,3,0
41063,1,48,1,4000,100,7,3,1
15279,2,10,1,5000,22,0,4,0
5083,2,23,1,8957,52,0,8,0
17688,1,37,1,0,7,6,6,0
36543,2,48,2,2822,6,2,7,0
38417,2,44,1,0,100,3,4,0
9566,1,5,1,4294,6,3,5,0
9688,1,29,1,3000,56,1,2,0
20259,1,44,1,15673,14,0,17,0
12234,1,46,1,1491,8,0,13,0
28537,2,36,1,0,50,19,6,0
1271,1,11,1,4537,18,0,16,0
42366,2,35,1,0,11,5,3,0
32419,1,18,1,1948,10,9,3,0
16225,1,23,1,3000,90,0,2,0
46620,1,23,1,2703,4,8,4,0
14199,1,18,1,4000,10,0,3,0
9807,2,41,1,3517,50,0,4,0
15743,1,5,1,6000,3,0,5,0
48599,1,5,1,4000,55,1,3,0
18057,1,5,1,0,15,0,2,0
1340,1,23,1,8000,12,60,7,0
48284,2,48,1,0,13,0,6,0
23932,1,32,1,0,89,1,13,0
27139,1,32,1,3048,16,9,4,0
16420,2,15,1,0,5,0,8,0
49258,1,45,1,0,7,0,4,0
32897,2,1,1,15116,7,6,22,1
14789,1,18,1,0,47,0,5,0
19261,1,16,1,5458,8,0,5,0
8621,1,19,1,0,14,3,75,0
23541,1,18,1,4000,27,4,3,0
31887,1,7,1,0,12,21,2,0
38391,2,39,1,5587,40,0,27,1
40082,1,19,1,0,85,0,12,0
37833,2,15,1,10000,29,3,9,0
5402,2,10,1,0,2,0,8,0
47221,1,12,1,2333,4,0,5,0
97,1,25,1,7493,27,0,15,0
37193,2,29,1,2000,33,0,1,0
18005,2,24,1,0,10,2,9,0
24629,2,29,1,3859,24,10,8,0
4914,2,44,1,6000,50,60,5,1
5629,1,15,1,0,2,0,3,0
49793,1,5,1,0,75,15,12,0
43120,2,24,1,5509,21,1,10,0
24056,1,10,1,4000,10,0,3,0
45534,1,1,1,7000,51,0,6,0
14523,1,19,1,0,45,0,2,0
49289,1,47,1,0,19,15,4,0
1772,1,3,1,1533,4,2,3,0
34597,2,11,1,5000,10,6,4,0
42946,1,44,1,0,100,0,2,0
47435,1,10,1,0,49,6,6,0
34001,2,38,1,8228,14,4,8,0
26657,2,15,1,0,6,7,6,0
3350,1,5,1,0,15,2,8,0
42086,2,15,1,6000,36,12,5,0
29089,1,35,1,0,19,0,27,0
14051,2,18,1,5000,33,17,4,0
37989,1,21,1,0,18,0,6,0
21583,2,11,1,4341,30,0,8,0
48647,1,5,1,0,43,41,8,0
43245,1,15,1,5000,18,3,4,0
24483,1,35,1,7000,12,3,6,0
14010,2,35,1,4000,4,15,3,0
1492,1,44,1,5000,23,15,4,0
18806,1,32,1,0,19,0,4,0
49505,1,5,1,0,43,0,6,0
3114,1,5,1,7000,15,0,6,0
36709,1,5,1,7339,18,0,10,0
12180,1,6,1,4000,12,0,3,0
27167,1,23,1,189,9,0,3,0
15233,1,15,1,3000,55,0,2,0
12104,2,23,1,0,9,0,9,0
49419,1,5,1,6000,9,20,5,0
32469,1,44,1,7135,100,0,40,1
29914,1,5,2,5000,89,8,4,0
6667,1,41,1,0,26,0,3,0
42852,1,41,1,5000,17,0,4,0
15598,1,5,1,0,83,0,17,0
44359,1,35,1,0,21,0,2,0
27596,2,11,1,11796,34,0,24,0
12224,2,35,1,4000,17,0,3,0
39736,1,11,2,0,44,2,8,0
3836,2,39,1,6000,44,0,5,0
38241,1,10,2,862,20,0,18,0
23847,1,2,1,11923,12,0,41,1
286,1,36,1,5000,3,2,4,0
17042,1,4,1,6000,29,0,5,0
18576,1,39,1,3000,32,4,2,0
25637,1,5,1,6000,8,1,5,0
33393,1,19,1,4660,37,0,5,0
19661,1,44,1,9000,8,0,8,0
17006,1,36,1,1203,43,3,6,0
448,1,29,1,5000,85,0,4,0
4292,2,5,1,0,12,0,7,0
17892,2,33,1,5000,16,0,4,0
34152,1,35,1,4178,3,46,11,0
20603,1,36,1,6401,35,5,41,0
28166,2,5,1,8331,11,7,11,0
8247,1,11,1,7000,73,2,6,0
18249,1,35,1,8069,23,4,13,0
15383,1,44,1,9000,18,0,8,0
45528,2,10,1,0,20,0,11,0
27674,2,5,1,4000,16,0,3,0
10399,2,44,1,5000,6,0,4,0
44068,1,6,1,0,12,0,17,0
44939,2,44,1,0,30,0,7,0
21081,2,7,1,1781,53,0,3,0
16708,1,15,1,0,100,0,7,0
40189,1,32,1,685,43,2,20,0
34196,2,37,1,4000,4,0,3,0
36796,2,26,1,685,19,0,5,0
39053,1,7,1,17000,21,20,16,0
4738,1,49,1,2974,25,0,3,0
39399,1,35,1,0,13,4,4,0
30728,2,15,1,0,16,6,3,0
7050,2,5,1,3087,45,0,12,0
27976,2,18,1,0,100,21,1,0
35944,1,35,1,0,89,36,1,0
205,1,26,1,0,8,0,5,0
30488,2,29,1,9931,8,9,34,0
18452,1,5,1,9372,35,0,12,0
20732,1,35,1,7977,22,2,22,0
31344,1,39,1,5000,6,21,4,0
9982,1,10,1,0,36,13,7,0
10278,2,48,1,8000,3,10,7,0
1563,1,9,1,4000,4,0,3,0
41850,1,29,1,2897,19,0,56,1
33629,1,5,1,0,19,7,26,0
25796,1,37,1,72,32,8,8,0
20647,2,44,1,0,83,8,13,0
21702,1,48,1,3329,34,0,5,0
38697,1,46,1,5000,12,0,4,0
1969,2,16,1,4000,2,26,3,0
35757,1,36,1,4553,10,0,8,0
7351,1,46,1,7032,22,23,12,0
34689,2,4,1,21133,53,0,27,1
24769,1,29,1,3997,16,0,5,0
8411,2,29,1,3000,68,0,2,0
30428,1,4,1,0,16,0,7,0
11188,2,18,1,7000,23,60,6,0
38022,1,39,1,8000,20,0,7,0
14764,1,5,1,5000,11,0,4,0
38685,1,15,1,4000,18,0,3,0
21817,1,44,1,6832,22,11,20,0
47821,2,16,1,8861,6,12,8,0
14355,2,5,2,8000,15,0,7,0
14201,1,5,1,8012,11,0,10,0
6043,1,16,1,3015,44,48,4,0
42324,1,44,1,2096,42,0,4,0
21975,1,44,1,5564,6,0,12,0
3923,1,10,1,6000,18,0,5,0
44567,1,10,1,4000,8,3,3,0
25881,1,23,1,0,5,0,2,0
22337,1,43,1,2884,27,2,4,0
30358,1,43,1,7000,3,0,6,0
17186,1,20,1,0,13,0,2,0
33695,1,15,1,3690,16,0,5,0
4150,1,2,1,1203,24,11,34,0
32847,1,15,1,0,6,0,25,0
21938,2,26,1,0,50,1,52,0
87,1,10,1,10681,100,0,10,1
37414,1,7,1,5000,2,8,4,0
35888,2,7,1,2920,100,1,13,0
5274,1,36,1,5000,15,7,4,0
9634,1,3,1,5000,63,6,4,0
41869,1,44,1,0,34,0,1,0
23836,1,11,1,8000,39,2,7,0
21708,2,20,1,1718,100,13,12,0
20357,1,6,1,0,67,3,15,0
45041,2,24,1,7000,84,18,6,1
16658,1,35,1,0,16,10,7,0
14609,1,13,1,8460,100,0,14,1
33081,1,4,1,3692,20,0,3,0
25264,1,20,1,6564,74,2,10,0
45467,1,36,1,4000,48,0,3,0
34212,2,15,2,0,10,0,3,0
32489,2,33,1,9149,38,0,24,0
6691,2,48,1,4000,1,11,3,0
49133,1,15,1,1619,2,0,8,0
27801,2,29,1,5000,48,5,4,0
2716,1,2,1,0,28,0,10,0
11310,1,25,1,0,21,0,3,0
44045,2,29,1,0,4,2,7,0
42980,1,48,1,7000,40,0,6,0
32068,1,5,1,3000,9,6,2,0
46813,1,10,1,9000,16,9,8,0
23934,1,44,1,0,3,0,10,0
32741,1,44,1,0,27,0,11,0
26978,1,4,1,3000,63,0,2,0
37483,2,4,1,9000,11,0,8,0
39924,2,29,1,5000,17,0,4,0
15539,2,15,1,0,5,8,5,0
41364,1,25,1,10082,11,0,12,0
11835,2,5,1,5401,16,11,10,0
44917,1,23,1,0,14,0,23,0
15485,1,38,1,4000,17,0,3,0
41470,1,5,1,3724,10,0,5,0
15761,1,35,1,4000,48,0,3,0
15029,1,15,1,0,10,9,6,0
465,2,5,1,4000,8,0,3,0
9088,2,10,1,9106,45,0,10,0
3623,1,5,1,0,13,0,7,0
24489,2,20,1,4817,94,6,8,0
22137,1,46,1,5000,23,9,4,0
17934,1,37,1,0,3,13,13,0
47569,1,34,1,0,2,3,6,0
41671,1,17,1,5000,12,0,4,0
20032,1,44,1,4141,11,3,16,0
25457,1,44,1,0,10,0,17,0
9573,2,23,1,0,22,0,3,0
24583,1,5,1,4000,10,0,3,0
23999,2,44,1,0,100,0,2,0
8766,1,10,1,5000,24,3,4,0
44855,1,18,1,7000,5,2,6,0
3201,1,42,1,3793,11,0,7,0
37523,2,24,1,5405,100,0,11,0
40915,1,19,1,0,9,0,5,0
5015,2,39,1,5715,96,0,5,1
21455,1,49,1,2268,4,0,4,0
30589,1,21,1,2492,16,0,3,0
39631,2,44,1,6934,34,8,14,0
30168,1,36,1,13742,8,5,16,0
26523,1,7,1,3000,23,0,2,0
26648,1,44,1,0,36,0,3,0
46516,1,24,1,11000,13,0,10,0
33581,1,29,1,0,36,11,54,0
44085,1,16,1,5927,34,6,7,0
46842,1,44,1,0,10,5,4,0
39104,2,10,1,8846,41,0,13,1
37781,1,5,1,8355,19,0,17,0
9173,2,36,1,0,20,12,5,0
29774,1,21,1,4677,10,0,4,0
28712,1,33,1,12301,35,0,25,1
47437,2,5,1,6857,53,0,39,1
28451,2,43,1,4000,10,1,3,0
32389,1,39,1,2149,73,1,5,0
31852,2,17,1,4042,33,0,8,0
26783,1,21,1,2162,42,5,6,0
19829,1,44,1,12396,26,20,14,0
12249,2,17,1,1486,27,0,4,0
42348,1,4,1,0,30,0,7,0
6119,1,49,1,18141,16,3,19,1
49747,2,28,1,2000,11,0,1,0
47954,1,11,1,2952,4,0,6,0
28388,1,20,1,4759,9,2,14,0
3877,1,44,1,8400,10,1,16,0
48291,1,36,1,9209,5,0,18,0
24386,2,15,1,0,27,0,15,0
1304,2,5,1,4000,32,0,3,0
46523,2,36,1,9000,36,8,8,0
40058,2,11,1,0,4,0,24,0
46628,2,17,1,4360,7,0,4,0
2651,2,44,1,3000,11,0,2,0
47760,1,35,1,10271,18,0,37,1
25829,2,39,1,0,35,48,17,0
6687,2,25,1,5070,10,0,5,0
40626,1,35,1,0,44,10,4,0
6347,1,29,1,5000,42,3,4,0
33024,1,15,1,14123,31,6,18,0
47140,2,39,1,2884,10,0,4,0
27640,1,32,1,0,3,1,75,0
3442,2,47,1,16340,100,0,31,1
40080,1,21,1,0,5,0,16,0
33531,1,49,1,5000,21,3,4,0
27838,1,11,1,0,100,6,11,0
14982,1,49,1,0,22,0,5,0
35320,1,29,1,0,46,0,2,0
45388,2,49,1,8889,2,10,11,0
24058,1,25,1,4789,15,1,10,0
17905,1,46,1,4000,39,2,3,0
30408,1,32,1,9040,56,0,11,0
2134,2,10,1,12983,21,0,22,1
13759,1,11,1,3000,17,0,2,0
10334,1,11,1,5603,77,1,5,0
14858,1,4,2,5266,2,0,6,0
5118,1,44,1,7702,43,4,7,0
41437,1,45,1,0,19,1,5,0
41795,1,49,1,0,28,3,5,0
18154,1,4,1,12199,79,13,16,1
29422,2,44,1,2562,83,0,8,0
4991,2,46,1,3714,15,2,10,0
6147,1,4,1,4617,28,0,5,0
18192,2,10,1,0,9,0,1,0
15552,2,35,1,7000,12,0,6,0
28916,2,11,1,2272,10,17,6,0
31197,1,43,1,8000,44,3,7,0
32812,1,10,1,4000,31,0,3,0
39172,1,22,1,6463,13,0,6,0
42305,2,49,1,70,82,0,3,0
20231,2,32,1,3000,6,10,2,0
29463,1,46,1,2582,33,11,7,0
2259,1,43,1,7575,29,20,7,0
15126,1,35,1,11000,6,1,10,0
33361,1,15,1,447,5,0,11,0
48555,1,5,1,6000,85,0,5,0
4421,1,37,1,6979,24,2,7,0
25770,1,10,1,5660,58,26,6,0
48050,2,23,1,5000,17,0,4,0
28236,1,35,1,3000,24,31,2,0
31702,1,44,1,0,100,2,3,0
20973,1,5,1,3000,100,0,2,0
48976,1,50,1,0,9,0,2,0
18667,2,33,1,0,15,0,25,0
2053,2,10,1,508,28,0,2,0
45322,1,45,2,9000,2,0,8,0
15094,1,5,1,875,27,0,4,0
264,1,41,1,0,25,0,7,0
26928,2,24,1,1687,39,0,9,0
45067,1,15,1,6698,16,25,7,0
46859,2,23,1,2532,62,0,7,0
28666,1,44,1,9132,100,7,9,1
12793,2,6,1,0,43,2,4,0
21290,2,10,1,991,16,3,6,0
1195,1,35,1,0,56,0,4,0
45405,2,13,1,4441,11,5,4,0
49644,2,5,1,0,8,2,19,0
3178,1,5,1,0,13,0,8,0
34279,1,35,1,0,2,5,2,0
26101,2,13,1,0,77,0,2,0
13005,1,41,1,3000,56,2,2,0
1818,2,5,1,0,32,2,4,0
37114,1,32,1,0,56,0,4,0
38943,1,10,1,0,53,0,9,0
19317,2,44,1,1386,96,0,15,0
24309,2,17,1,0,22,0,7,0
8903,1,36,1,0,38,0,19,0
33992,1,5,1,0,10,0,3,0
40519,1,12,1,2704,4,0,2,0
38024,2,20,1,1514,10,2,5,0
15166,2,35,2,5283,79,6,6,0
31551,2,25,1,7000,3,0,6,0
38950,2,19,1,8000,7,14,7,0
18368,1,20,1,28,12,16,3,0
44514,1,19,1,1356,33,0,4,0
15846,2,15,1,11406,3,0,25,1
34205,2,41,1,1456,6,4,9,0
38439,1,11,1,8000,2,0,7,0
18139,2,8,1,6000,40,0,5,0
3887,2,18,1,3979,3,0,4,0
25649,1,22,1,7000,13,0,6,0
495,2,44,1,3000,33,1,2,0
41256,2,24,1,4370,20,0,6,0
44571,2,16,1,0,3,0,6,0
44747,2,35,1,14249,29,0,31,0
44498,2,2,1,0,7,30,3,0
46972,1,43,1,7000,19,0,6,0
34539,1,13,1,0,10,11,18,0
36471,1,50,1,0,14,0,14,0
1275,1,5,1,4000,5,0,3,0
20431,2,44,1,4000,65,0,3,0
46256,2,30,1,0,43,4,2,0
11987,1,44,1,3000,3,0,2,0
38767,2,44,1,5292,67,16,6,0
42237,2,21,1,4000,9,5,3,0
21274,1,5,1,5000,36,0,4,0
26104,1,7,1,6000,19,0,5,0
45570,1,38,1,7000,25,0,6,0
42100,1,36,1,2751,30,7,3,0
23975,1,5,1,5000,2,9,4,0
4440,1,39,1,14254,29,6,29,1
28112,1,44,1,9000,13,0,8,0
41762,1,5,1,9022,4,15,29,0
7909,1,5,1,9000,100,18,8,0
25027,2,2,1,2870,12,2,2,0
8269,1,7,1,342,8,1,9,0
811,2,29,1,6000,5,17,5,0
41544,1,37,1,6361,68,0,13,0
9295,1,33,1,9000,23,6,8,0
2309,2,49,1,5000,6,0,4,0
30994,1,26,1,7000,62,5,6,0
10782,2,5,1,5000,15,3,4,0
26902,1,5,1,0,31,0,4,0
19274,1,18,1,9788,10,1,10,0
5219,1,35,1,3000,6,0,2,0
10647,1,29,2,0,11,0,4,0
518,2,10,1,2595,7,2,10,0
5796,2,33,1,3727,6,12,7,0
24721,1,4,1,4000,38,0,3,0
30854,1,46,1,0,15,0,9,0
6483,1,43,1,4248,6,0,9,0
11119,1,44,1,7000,69,0,6,0
14096,2,7,1,0,20,0,15,0
24871,2,39,1,3000,100,0,2,0
24077,1,16,1,0,5,1,8,0
14091,2,10,2,8352,12,6,8,0
14312,1,10,1,1119,31,0,7,0
34188,2,5,1,2784,48,0,2,0
5389,1,38,1,8000,30,7,7,0
48153,2,35,1,4000,22,10,3,0
48967,2,36,1,5000,17,48,4,0
17497,1,29,1,0,24,0,2,0
2899,1,36,1,3000,36,0,2,0
10611,1,5,1,0,12,1,4,0
46774,1,44,1,4030,3,0,25,0
30938,1,23,1,0,11,30,4,0
38031,2,39,1,6000,16,0,5,0
14873,2,23,1,9448,18,0,11,0
27347,1,3,1,0,19,0,17,0
35750,1,44,1,0,5,0,3,0
48745,1,43,1,9531,6,0,21,0
40660,2,5,1,0,2,0,4,0
3616,2,29,1,6000,74,1,5,0
28820,1,16,1,0,4,0,14,0
27373,1,44,1,0,2,0,4,0
35672,2,7,1,8698,16,0,17,0
42401,2,4,1,9260,46,0,10,0
44215,2,44,1,7000,13,0,6,0
4186,1,15,1,541,60,0,2,0
9038,1,44,1,6282,89,0,7,0
34422,1,44,1,9000,89,0,8,1
5490,2,29,1,5000,25,0,4,0
12493,1,44,1,4000,5,0,3,0
8125,2,5,1,8000,16,0,7,0
43229,2,38,1,6143,18,0,25,0
37156,2,39,1,0,19,0,11,0
23110,2,5,1,0,22,24,7,0
27119,1,5,1,10000,2,0,9,0
43509,2,15,1,13700,13,2,25,0
48197,1,5,1,2233,22,8,10,0
35087,1,11,1,1662,9,2,8,0
20219,1,30,1,4772,6,1,5,0
4541,2,5,1,0,3,15,11,0
11584,2,5,1,0,17,5,4,0
17156,1,10,1,7404,60,1,16,0
30798,1,48,1,6000,13,4,5,0
45373,2,43,1,0,16,13,4,0
44631,1,6,1,6000,46,0,5,0
48855,1,32,1,4000,80,15,3,1
18818,1,46,1,4000,7,0,3,0
35912,2,29,1,0,59,0,7,0
20238,1,16,1,8000,2,0,7,0
42837,1,10,1,4000,18,0,3,0
4940,1,17,1,14395,33,0,25,1
5190,1,5,2,3000,12,2,2,0
35708,1,11,1,2000,5,41,1,0
16815,1,36,1,0,18,20,3,0
5990,2,13,1,6000,11,0,5,0
38559,2,26,1,4000,11,2,3,0
47043,1,44,1,6009,8,8,13,0
31328,1,10,1,3000,2,0,2,0
45936,1,2,1,5326,12,0,5,0
8342,1,37,1,0,3,7,3,0
33834,2,46,1,6000,18,0,5,0
42084,1,33,1,7549,21,0,17,0
21964,1,37,1,3,34,0,4,0
26641,1,39,1,6000,100,0,5,0
6071,2,11,1,5000,44,2,4,0
25585,1,44,1,6000,63,0,5,0
28349,2,10,1,3000,24,1,2,0
36139,1,46,1,4000,24,13,3,0
3501,1,14,1,7160,46,0,9,0
7165,2,5,1,4000,30,3,3,0
23201,2,46,1,1217,18,0,6,0
17726,2,39,1,604,7,0,4,0
35926,2,44,1,0,9,0,2,0
11714,2,44,1,4000,100,3,3,0
27520,1,32,1,1985,6,21,24,0
47662,2,5,1,0,5,2,2,0
30211,1,5,1,1127,78,0,6,0
23819,1,43,1,6384,39,0,7,0
45832,1,20,1,9561,31,15,9,0
23281,1,48,1,5987,34,1,7,0
510,1,10,1,10098,12,3,10,0
4417,1,6,1,0,2,5,5,0
16271,1,32,1,3000,18,3,2,0
30411,1,29,1,2000,21,7,1,0
16291,1,29,1,4000,100,0,3,0
108,2,15,1,839,10,5,6,0
28486,1,11,1,0,21,1,17,0
13859,1,19,1,8039,50,0,45,0
34260,1,32,1,0,28,7,39,0
967,2,12,1,6000,12,0,5,0
16107,2,5,1,1833,2,0,21,0
31147,1,35,1,3639,10,0,15,0
21418,2,35,1,1363,7,0,17,0
17003,2,20,1,5000,13,0,4,0
44376,1,15,1,0,26,0,9,0
46611,2,4,2,6202,50,0,8,0
38837,1,20,1,3000,45,0,2,0
30774,2,39,1,9732,9,25,13,0
4609,1,23,1,4466,25,1,7,0
44261,2,7,1,4000,10,0,3,0
2549,2,5,1,1616,5,0,14,0
17538,2,29,1,0,50,0,19,0
39848,1,35,1,4000,41,0,3,0
30053,1,10,1,3622,12,0,47,0
29194,1,33,1,7990,11,0,7,0
29074,2,44,1,8000,17,3,7,0
18907,1,46,1,4000,2,7,3,0
25778,2,15,1,4000,9,26,3,0
41742,1,33,1,0,1,3,7,0
11243,2,5,1,0,19,0,3,0
1517,1,16,1,7242,11,1,22,0
47586,2,6,1,7000,100,0,6,0
1464,1,2,1,0,13,1,47,0
33243,2,46,1,7000,27,2,6,0
11032,2,19,1,5986,39,0,47,0
29106,2,10,1,0,8,2,8,0
39326,2,20,1,3290,23,0,5,0
18886,1,23,1,5513,16,8,9,0
43789,1,34,1,0,14,25,2,0
5942,1,5,1,4904,15,0,6,0
44750,2,35,1,0,69,0,3,0
27777,1,44,1,0,24,4,5,0
23569,1,15,1,0,20,0,24,0
38454,1,39,1,11000,100,18,10,1
378,1,20,1,0,8,0,6,0
5653,1,16,1,12000,32,20,11,0
23572,1,25,1,3000,100,32,2,0
5299,2,13,1,0,100,27,7,0
35230,2,43,1,4245,5,11,4,0
42487,1,17,1,3000,67,60,2,1
20434,1,21,1,2762,28,0,11,0
14144,1,24,1,4000,5,3,3,0
12005,1,43,1,0,10,5,75,0
25804,1,41,1,2885,19,2,4,0
47301,2,44,1,6454,100,1,9,0
2868,2,32,1,0,15,12,3,0
40005,2,7,2,0,18,0,9,0
27805,1,6,1,4000,79,0,3,0
31558,2,5,1,4000,61,20,3,0
32461,2,32,1,9000,16,1,8,0
10386,2,35,2,0,65,0,29,0
26962,1,3,1,3000,25,0,2,0
18353,1,49,1,6000,11,0,5,0
25479,1,15,1,4000,4,0,3,0
15082,1,5,1,7747,27,0,9,0
34896,1,37,1,0,15,0,11,0
44732,2,15,1,0,20,0,53,0
15772,2,18,1,1905,26,0,42,0
28444,2,7,1,0,20,0,35,0
37101,1,15,1,8258,10,2,21,0
21451,1,18,1,5252,16,0,28,1
49135,2,35,1,5710,17,0,6,1
14577,2,44,1,131,5,0,23,0
46217,1,5,1,0,24,2,12,0
9299,1,5,1,8022,39,27,20,1
6113,1,35,1,1614,3,1,6,0
42447,1,39,1,3000,8,0,2,0
8373,1,33,1,11602,16,0,11,0
47326,1,25,1,4895,32,4,5,0
46341,2,5,1,4000,71,7,3,0
30312,1,35,1,14000,18,0,13,0
41415,1,32,1,4000,7,0,3,0
41532,1,43,1,8000,12,16,7,0
10931,2,32,1,0,50,5,6,0
12473,2,6,1,4000,19,0,3,0
46843,2,14,1,3000,100,9,2,0
16542,1,35,1,23972,16,0,52,1
48306,1,36,1,0,2,2,2,0
8358,2,49,1,4000,6,0,3,0
1180,2,46,1,0,14,0,5,0
18949,2,19,1,7154,35,4,17,0
29361,1,1,1,5944,3,1,6,0
1802,2,35,1,9286,5,10,21,0
20486,1,35,1,9000,20,4,8,0
42681,2,49,1,4000,34,0,3,0
37228,1,5,1,0,6,9,7,0
31234,1,46,1,0,100,0,3,1
19781,1,11,1,4000,35,0,3,0
17355,2,41,1,10041,15,0,20,0
46024,1,35,1,0,42,1,1,0
16842,2,35,1,3000,8,18,2,0
42749,2,33,1,16992,66,10,31,1
22391,1,5,1,6000,8,0,5,0
19814,1,5,1,1930,100,0,18,1
14881,1,44,1,2783,22,25,3,0
33076,1,44,1,0,47,1,6,0
2044,2,4,1,3000,16,0,2,0
42924,2,16,1,3609,9,0,8,0
49503,2,19,1,3000,100,22,2,0
39427,2,36,1,2940,100,0,27,0
12598,1,44,1,4000,92,5,3,0
42395,1,10,1,4000,21,3,3,0
26765,1,18,1,8000,40,0,7,0
40920,1,5,1,7000,10,12,6,0
45954,1,48,1,6610,13,8,10,0
30877,1,25,1,5000,22,5,4,0
47744,1,36,1,7000,5,6,6,0
29275,1,49,1,3000,39,0,2,0
2859,2,16,1,0,42,21,16,0
40622,1,15,1,0,49,0,24,0
9740,2,19,1,143,6,0,17,0
13756,1,15,1,2727,26,0,9,0
12669,1,34,1,831,43,3,27,0
28008,2,11,1,4537,10,0,5,0
18869,1,2,1,5000,8,15,4,0
16671,1,10,1,4000,26,16,3,0
1347,1,29,1,0,21,0,4,0
43233,1,49,1,5000,14,0,4,0
27024,1,4,1,1465,32,0,2,0
9378,1,32,1,3000,82,1,2,0
3103,1,4,1,7856,100,5,30,1
5614,1,11,1,0,13,0,4,0
1428,1,48,1,3000,3,0,2,0
23038,1,38,1,51,12,0,15,0
29160,2,2,1,0,9,4,5,0
49553,2,7,1,0,19,9,25,0
44070,1,5,1,11247,20,0,17,1
16743,2,5,2,12000,6,0,11,0
14559,1,13,1,13000,6,0,12,0
33890,2,35,1,3048,38,13,8,0
18274,1,16,1,4000,30,0,3,0
32026,1,5,1,340,25,2,9,0
20319,1,13,1,4000,100,0,3,0
9843,2,28,1,8000,11,0,7,0
12152,1,23,1,4000,10,0,3,0
31994,2,24,1,0,1,0,3,0
45181,2,41,1,3020,1,0,17,0
22720,1,18,1,11606,97,35,11,0
13558,1,5,1,0,6,2,3,0
6137,2,16,1,0,12,16,17,0
48216,2,35,1,9271,11,4,11,0
5289,1,44,1,4000,3,1,3,0
46936,1,36,1,11000,64,0,10,0
27444,1,5,1,3000,9,0,2,0
21204,1,35,1,4000,15,28,3,0
14015,1,5,1,0,23,0,21,0
32343,1,43,1,6000,40,17,5,0
7654,1,11,1,7760,95,33,7,1
37576,2,49,1,0,40,4,15,0
10773,1,5,1,1346,12,0,4,0
23701,1,5,1,14000,9,47,13,1
23666,1,11,1,0,3,0,4,0
7901,1,46,1,5000,72,2,4,0
17895,2,5,1,0,40,0,6,0
43066,2,16,1,5000,15,0,4,0
22911,1,36,1,0,15,4,7,0
49812,1,18,1,3597,18,23,13,0
41999,1,29,1,3811,24,16,4,0
25067,2,37,1,3000,67,0,2,0
31717,1,41,1,1357,6,10,4,0
45601,2,10,1,0,3,0,2,0
2936,2,11,1,4000,56,5,3,1
16585,1,45,1,8000,8,0,7,0
2233,1,32,1,4671,12,0,40,0
3593,1,39,1,5458,7,0,12,0
42986,2,34,1,0,15,0,22,0
36156,1,5,1,0,42,0,9,0
47067,1,43,1,1431,25,0,8,0
38475,1,36,1,7264,8,29,10,0
46638,2,15,1,5368,27,10,14,0
35026,1,44,1,3322,3,23,6,0
4217,1,5,1,1078,19,0,24,0
20815,2,6,1,0,11,0,5,0
8509,1,36,1,0,2,6,6,0
30145,1,43,1,0,40,4,15,0
7280,2,44,1,2821,27,0,5,0
31212,2,21,1,3123,2,0,5,0
45194,2,47,1,0,17,10,10,0
43541,1,6,1,0,17,1,3,0
34183,1,20,1,3000,7,0,2,0
43809,1,35,1,13907,35,0,21,0
33602,2,37,1,3000,40,0,2,0
30266,2,16,1,7000,5,0,6,0
21328,2,21,1,9000,38,25,8,1
1333,2,39,1,1425,16,7,53,0
22873,1,5,1,0,16,1,3,0
15160,2,5,1,5360,39,0,5,0
46013,1,12,1,6000,22,0,5,0
279,1,5,1,4517,40,9,4,0
6647,1,48,1,0,28,0,6,0
26414,2,16,1,12000,8,5,11,0
13903,1,49,2,0,22,0,4,0
6353,1,15,1,5583,66,0,75,1
23336,1,35,1,0,92,0,8,0
49538,1,36,1,5000,27,20,4,0
37825,2,37,1,174,100,0,35,0
6276,2,28,1,5000,31,1,4,0
15600,1,48,1,9945,68,8,14,1
22647,1,10,1,5593,34,20,19,0
375,1,26,1,4000,6,0,3,0
27792,1,10,1,0,9,9,4,0
2088,1,6,1,12000,48,0,11,0
38501,1,26,1,1728,11,0,3,0
9441,1,44,1,0,8,44,13,0
16349,1,46,1,4000,13,0,3,0
20821,1,15,1,16000,23,1,15,0
25050,1,24,1,2342,9,0,4,0
19080,1,23,1,4000,22,0,3,0
14349,2,41,1,0,25,9,3,0
45240,1,10,2,1852,84,0,8,0
4901,2,26,1,0,18,20,4,0
6515,1,51,1,1753,4,0,25,0
26886,2,37,1,8786,6,0,25,0
38586,2,35,1,0,11,0,25,0
1147,1,5,1,10653,5,7,22,0
12960,1,4,1,2682,61,4,7,0
30288,1,44,1,11109,9,9,22,1
40760,1,49,1,7000,13,8,6,0
12991,2,1,1,5271,8,0,7,0
46399,2,20,1,0,73,0,4,0
24535,2,44,1,8760,6,30,31,1
15018,2,2,1,3000,24,4,2,0
49530,1,44,1,4137,58,0,7,0
44836,1,36,1,1021,1,10,3,0
27834,2,39,1,12000,9,0,11,0
45037,1,29,1,5000,6,0,4,0
45169,1,1,1,5000,13,7,4,0
17599,2,35,1,0,4,4,9,0
10369,1,41,1,5000,29,2,4,0
47656,1,46,1,0,6,0,2,0
10701,1,44,1,0,25,0,2,0
49324,2,36,1,3000,5,0,2,0
34048,1,17,1,6000,34,0,5,0
29368,1,5,1,7000,64,0,6,0
7282,1,11,1,3887,15,0,18,0
39356,1,18,1,0,18,8,2,0
5138,1,17,1,0,10,2,14,0
397,2,35,1,0,7,0,6,0
20027,2,36,1,0,52,8,24,0
26033,1,20,2,0,53,0,12,0
45066,1,4,1,0,23,0,11,0
39508,1,44,1,0,59,0,16,0
12624,2,15,1,0,11,17,8,0
19176,1,6,1,14000,10,1,13,0
49821,2,15,1,3220,4,1,8,0
13392,1,35,1,0,17,37,6,0
4149,2,25,1,1792,8,0,4,0
32711,1,3,1,4000,5,2,3,0
41032,1,5,1,0,13,0,3,0
13207,2,5,1,3345,64,0,10,0
47295,1,5,1,11634,100,9,13,1
37990,1,39,1,3557,18,16,6,0
19712,2,44,1,5000,17,0,4,0
37294,1,29,1,10623,100,0,14,1
43125,2,15,1,5000,68,6,4,0
45925,2,15,1,0,7,0,7,0
13801,2,20,1,6000,36,13,5,0
24350,2,16,1,4533,30,0,4,0
29515,1,43,1,27,73,4,4,0
36557,1,10,1,5000,9,7,4,0
27775,1,6,1,0,2,0,5,0
11779,2,7,1,6000,15,0,5,0
35083,1,24,1,0,7,3,19,0
399,2,39,1,4000,15,0,3,0
7568,2,19,1,3000,14,1,2,0
14502,2,5,1,8000,73,0,7,0
27345,1,29,1,3000,4,0,2,0
23031,1,15,1,1088,49,11,2,0
46069,1,43,1,7000,16,8,6,0
49263,1,5,1,6000,8,0,5,0
35332,2,21,1,1705,38,0,14,0
46847,2,32,1,3241,41,0,22,0
4215,1,11,1,5815,45,0,6,0
5184,1,39,1,14000,100,0,13,1
15608,1,23,1,5000,26,8,4,0
44777,1,1,1,3000,6,0,2,0
13059,1,4,1,3623,4,4,15,0
34283,2,21,1,8957,11,0,12,0
19610,1,5,1,3543,56,3,9,0
15700,2,11,2,0,5,9,2,0
49101,1,44,1,0,31,38,40,0
37682,2,24,1,9198,8,0,10,0
6988,1,5,1,3049,61,9,17,0
22699,1,35,1,0,5,0,7,0
5501,2,44,1,4000,100,4,3,0
4816,1,23,1,0,85,3,3,0
47632,1,5,1,0,22,0,3,0
43043,1,26,1,10756,10,0,20,0
4572,1,42,1,8000,88,9,7,1
22452,1,36,1,3000,24,0,2,0
25286,2,38,1,5878,100,0,15,0
4184,1,4,1,0,36,8,6,0
42830,2,13,1,9000,38,0,8,0
3603,1,23,1,8000,100,0,7,0
567,2,11,1,3819,20,0,32,0
10963,2,41,1,8478,100,0,12,0
23869,2,5,1,10146,26,53,25,0
48978,2,5,1,4314,27,5,17,0
47461,2,44,1,5990,36,8,10,0
45713,2,10,1,0,10,0,4,0
18710,2,35,1,10000,30,8,9,0
10576,2,46,1,8000,20,0,7,0
6248,1,41,1,4000,15,0,3,0
43047,1,39,1,9000,10,0,8,0
15726,1,4,1,5775,36,0,9,0
47337,1,44,1,0,35,0,2,0
34129,1,46,1,7000,36,0,6,0
45156,1,43,1,0,8,7,6,0
32893,1,19,1,2945,9,5,4,0
7606,2,32,1,9000,6,0,8,0
6025,2,10,1,0,17,0,25,0
28660,1,3,1,6000,100,0,5,0
23758,1,32,1,5000,19,0,4,0
32745,2,5,1,0,15,4,12,0
25315,2,5,1,3523,8,6,34,0
42799,1,25,1,11130,17,0,14,0
1639,1,25,1,0,23,0,2,0
38835,1,40,1,0,25,0,2,0
19833,1,36,1,4701,56,0,9,0
46071,1,34,1,0,16,25,3,0
17318,2,44,1,13000,11,0,12,0
8994,1,19,1,3000,5,0,2,0
41594,1,5,1,6000,39,0,5,0
25273,1,16,1,5817,65,0,9,0
3389,2,49,1,4000,38,0,3,0
31580,2,18,1,0,8,0,75,0
47884,1,5,1,6000,8,6,5,0
29457,2,10,1,5000,17,0,4,0
9549,1,35,1,2000,19,0,1,0
20197,1,25,1,12407,100,3,17,1
38523,1,49,1,0,48,4,10,0
8687,1,48,2,678,12,0,11,0
30013,1,40,1,2151,8,0,3,0
43589,1,39,1,0,29,0,5,0
36373,1,20,1,10998,24,0,11,0
19731,2,6,1,0,9,6,5,0
34425,2,44,1,3756,13,0,3,0
41374,2,4,2,4000,50,15,3,1
24732,1,24,1,2131,2,0,40,0
20553,1,5,1,3000,1,2,2,0
8769,1,46,1,7000,4,0,6,0
40619,1,3,1,0,23,0,9,0
46286,1,10,1,3000,72,2,2,0
29495,1,38,1,4000,3,20,3,0
30396,2,49,1,0,100,13,9,0
19927,2,21,1,1171,9,0,13,0
4049,2,15,1,1132,19,0,3,0
22614,2,10,1,16000,16,0,15,1
30427,1,36,2,0,44,0,2,0
25944,1,11,1,4918,24,7,6,0
42246,1,46,1,0,37,0,11,0
40449,2,10,1,16747,8,24,18,1
31811,1,10,1,0,20,0,4,0
5765,1,33,1,4000,11,0,3,0
5816,1,20,1,0,11,5,6,0
30048,1,29,1,14074,13,0,21,0
7237,1,32,1,8000,24,0,7,0
23039,2,5,1,8000,28,5,7,0
41789,2,38,1,13874,20,0,27,1
46410,2,36,1,1611,32,3,2,0
15937,1,32,1,9134,4,7,27,0
38936,1,4,1,0,55,4,4,0
9104,1,45,1,0,21,0,4,0
14303,1,36,1,2571,8,0,6,0
26977,1,49,1,2858,95,11,5,0
2680,2,37,1,0,18,9,3,0
13609,1,42,1,5000,15,40,4,0
48692,2,19,1,6000,9,0,5,0
7376,1,5,1,3000,8,0,2,0
36890,1,46,1,6000,41,0,5,0
2506,1,37,1,2068,4,0,4,0
38284,2,4,1,2326,48,0,7,0
21927,2,10,1,418,32,19,6,0
49396,1,17,1,9487,86,24,32,1
23046,2,40,1,0,63,0,18,0
43896,2,41,1,0,54,0,17,0
15963,2,28,1,4000,22,5,3,0
35879,1,44,1,4569,21,8,6,0
19569,1,24,1,0,15,0,7,0
2715,2,20,1,4000,24,11,3,0
15562,1,36,1,0,51,0,9,0
9698,1,35,1,7000,98,10,6,0
28990,2,44,1,494,47,0,3,0
4771,1,11,1,3901,8,0,75,0
9536,1,10,1,4000,39,20,3,0
42245,2,5,1,3000,21,10,2,0
37282,1,15,1,0,48,3,3,0
45748,1,18,1,0,25,0,5,0
22335,1,45,1,6935,11,17,7,0
19665,2,44,1,0,100,0,37,0
15250,1,5,1,2924,7,0,2,0
36227,1,5,1,0,23,0,5,0
17017,2,36,1,0,17,0,8,0
34126,1,6,1,480,16,0,7,0
31584,2,5,1,9833,10,0,9,0
6376,1,6,1,2572,29,8,31,0
43479,1,29,1,8000,12,4,7,0
25203,2,15,1,4000,27,9,3,0
15816,2,37,1,5000,15,0,4,0
26771,1,5,1,2000,6,0,1,0
16855,1,15,1,4000,18,3,3,0
36262,1,32,1,0,14,0,5,0
438,1,14,1,4000,17,2,3,0
30224,1,29,2,8583,23,0,11,0
7316,1,10,1,5000,81,7,4,0
4929,2,19,1,1111,15,0,8,0
24682,1,35,1,2815,13,0,24,0
16934,2,44,1,2000,9,0,1,0
5243,2,48,1,1712,48,0,4,0
4472,2,29,1,2628,4,0,38,0
19601,1,25,1,6733,39,5,12,0
8048,1,18,1,8000,10,0,7,0
28457,2,15,1,4312,16,17,15,0
14300,2,10,1,3024,48,3,6,0
31964,2,17,1,3000,100,0,2,1
40465,1,32,1,12939,21,0,17,0
13067,1,24,1,5000,55,1,4,0
38882,1,5,1,1271,2,0,3,0
17832,2,21,1,3774,53,60,6,1
29107,2,12,1,5000,47,0,4,0
47858,1,35,1,7000,20,11,6,0
4236,2,15,1,5255,11,0,5,0
44793,1,36,1,4000,13,13,3,0
38705,2,47,1,3149,12,0,6,0
8724,1,40,1,0,1,0,4,0
29118,1,5,1,12000,56,16,11,1
20764,1,46,1,2906,19,0,3,0
17511,2,48,1,0,20,2,2,0
33856,1,35,1,3977,6,5,5,0
27240,2,5,1,0,37,0,2,0
9410,1,5,1,8591,17,4,10,0
14522,1,5,1,10000,13,0,9,1
20796,1,32,1,0,13,0,5,0
43579,2,5,1,3000,3,4,2,0
37704,2,35,1,6000,8,1,5,0
23659,2,21,1,6014,5,0,7,0
37355,2,32,1,5000,8,4,4,0
40520,1,29,1,3151,10,0,13,0
24529,2,36,1,9000,8,9,8,0
5827,1,39,1,0,82,6,32,0
9620,1,25,1,2345,65,0,2,0
35906,2,32,1,0,20,0,10,0
34953,2,11,1,0,24,1,3,0
27903,1,44,1,10184,18,10,17,0
17757,1,5,1,2000,10,38,1,0
30881,1,44,1,0,7,0,8,0
22866,2,35,1,0,3,0,2,0
14207,1,35,1,3325,66,0,4,0
34772,1,15,1,6000,29,0,5,0
36435,1,7,1,7000,41,5,6,0
49091,2,43,1,0,3,1,4,0
17256,1,11,1,3000,18,0,2,0
11672,1,5,1,1847,52,11,3,0
42573,1,35,1,0,39,0,3,0
46689,1,13,1,547,100,0,13,0
42311,1,6,1,0,37,3,5,0
29133,1,7,1,0,37,0,4,0
9049,2,44,1,13201,8,0,18,0
2623,1,5,1,3000,57,0,2,0
6335,1,36,1,0,7,60,7,0
25864,1,32,1,6000,43,0,5,0
44213,2,32,1,3612,8,0,3,0
45328,1,11,1,6000,36,6,5,0
32434,1,25,1,6745,2,0,28,0
41788,1,10,1,1020,24,3,17,0
32872,1,23,1,7915,100,28,10,1
17397,1,35,1,2358,39,34,6,0
7574,1,23,1,4000,7,0,3,0
47292,2,11,1,5000,51,0,4,0
16613,1,35,1,0,44,0,17,0
24801,2,49,1,3000,7,4,2,0
23638,1,35,1,5684,20,13,56,1
7830,1,11,1,9000,9,9,8,0
17837,2,44,1,0,100,13,4,0
8709,1,15,1,0,98,0,24,0
3109,1,16,1,1258,19,2,3,0
1417,2,5,1,5000,47,0,4,0
31770,2,32,1,5000,33,0,4,0
15103,1,6,1,2214,100,0,6,0
21705,1,44,1,0,72,21,4,0
31069,2,3,1,1625,68,3,2,0
3496,1,20,1,1548,4,6,9,0
37364,1,46,1,8000,44,0,7,0
37249,1,6,1,4000,24,0,3,0
30815,1,44,1,2000,19,0,1,0
35107,1,29,1,10000,39,7,9,0
14899,1,24,1,6671,26,0,22,0
16722,2,8,1,0,24,12,5,0
39446,1,35,1,13102,3,6,21,1
16702,2,37,1,449,6,0,6,0
17732,2,11,1,8824,3,3,10,0
31507,1,29,1,0,0,2,4,0
15136,2,13,1,8346,13,2,8,0
14659,2,15,1,0,9,1,2,0
37295,2,15,1,4000,43,0,3,0
24136,1,5,1,5000,20,0,4,0
34107,1,19,1,0,43,0,3,0
45764,1,46,1,3000,100,1,2,0
40432,2,11,2,6000,4,0,5,0
29617,1,14,1,0,21,0,6,0
48603,2,4,1,5556,3,9,6,0
18137,1,20,1,5000,3,0,4,0
46642,1,5,1,625,9,0,13,0
28079,2,44,1,4468,7,0,7,0
49766,1,44,1,5000,11,0,4,0
30841,2,32,1,7229,5,3,18,0
22859,1,6,1,702,16,0,10,0
2497,1,36,1,3558,100,1,43,0
43265,2,43,1,0,25,15,5,0
38610,1,29,1,4000,18,6,3,0
15389,2,38,1,11362,29,0,34,1
11116,1,29,1,6628,41,0,7,0
33099,1,44,1,0,8,0,6,0
10485,1,43,1,1478,22,2,9,0
44853,1,43,1,8000,9,0,7,0
47336,2,6,1,12138,23,0,15,0
13596,2,21,1,5000,7,0,4,0
32637,1,39,1,2652,18,0,15,0
5776,1,13,1,2598,28,0,14,0
41701,1,44,1,0,23,0,5,0
46643,1,10,1,2154,12,0,6,0
29499,1,5,1,2396,66,0,3,0
44763,1,5,1,9341,15,0,11,0
14935,2,48,1,7746,44,0,9,0
45957,1,35,1,0,100,12,3,0
5149,2,10,1,0,31,0,16,0
40381,2,5,1,7535,10,40,17,0
34051,1,15,1,4000,5,0,3,0
6550,2,39,1,0,32,0,9,0
46892,2,5,1,4819,8,1,14,0
47964,1,6,1,0,6,0,4,0
48994,1,32,1,0,9,4,7,0
9659,1,10,1,15000,6,0,14,0
10995,2,20,1,0,32,1,6,0
34656,2,4,1,0,37,54,8,0
28739,2,11,1,4528,48,0,17,0
12308,2,14,1,3000,17,7,2,0
49979,2,44,1,0,45,0,15,0
30466,2,37,1,4000,4,6,3,0
25304,2,5,1,1978,90,9,56,1
42047,2,39,1,7557,13,0,13,0
1110,1,10,1,5756,36,0,13,0
48227,1,44,1,10352,14,1,10,0
42035,2,35,1,0,6,4,8,0
6011,1,10,1,0,100,3,4,0
29238,2,32,1,3000,18,0,2,0
7556,1,6,1,7000,15,0,6,0
47957,1,6,1,6726,16,21,10,0
20398,2,44,1,8000,19,0,7,0
9300,2,43,1,6259,6,2,39,0
354,1,35,1,3000,11,0,2,0
1134,2,35,1,2568,4,8,2,0
45725,1,5,1,0,57,3,9,0
44381,1,44,1,0,5,0,3,0
32001,1,48,1,4000,100,9,3,0
10945,1,6,1,0,19,0,14,0
22514,2,39,1,1688,6,0,5,0
13984,2,11,1,3000,26,0,2,0
3012,1,4,2,0,31,0,11,0
43601,2,24,1,8607,2,15,10,0
42880,1,49,1,0,56,0,26,0
9230,1,5,1,4000,22,5,3,0
32063,1,29,1,2619,38,4,10,0
38716,1,36,1,9749,14,0,9,0
18392,2,5,1,4046,3,0,8,0
40714,1,46,1,5000,39,2,4,0
39586,2,21,2,6000,100,1,5,1
44507,1,35,1,6000,72,0,5,0
29331,1,44,1,6000,9,0,5,0
7641,1,10,1,4000,50,35,3,0
12268,2,5,1,3630,16,0,6,0
44041,2,12,1,8000,40,11,7,0
18725,2,21,1,0,8,0,7,0
38358,2,35,1,0,100,0,9,0
40539,2,13,1,2000,25,57,1,0
10045,2,10,1,7090,89,0,20,1
2826,1,44,1,6000,0,4,5,0
36329,2,29,1,5837,100,3,9,1
26167,1,10,1,1072,100,0,4,0
4033,2,6,1,0,9,0,22,0
15825,1,10,1,6000,39,25,5,0
48014,1,19,1,3389,11,1,5,0
2714,1,23,1,0,100,0,8,0
40693,2,15,1,7000,10,8,6,0
13562,1,39,1,1457,14,2,9,0
13152,2,49,1,131,5,0,14,0
34091,1,35,1,0,6,0,10,0
15466,2,35,1,3000,21,0,2,0
17137,1,21,1,663,18,0,2,0
24633,1,5,1,11509,66,0,16,1
25419,1,16,1,3887,11,2,3,0
45605,2,44,1,6335,25,4,8,0
2857,2,11,1,10696,10,0,10,1
10086,1,23,2,0,4,1,4,0
5537,1,15,1,4000,9,0,3,0
22567,2,23,1,3625,16,0,12,0
48992,1,10,1,6000,36,0,5,0
4078,1,28,1,9579,8,2,27,0
18428,1,19,1,7743,8,6,8,0
5982,1,20,1,2409,16,2,3,0
49353,2,31,1,4000,4,26,3,0
42777,1,44,1,0,43,4,8,0
9036,2,15,1,12000,10,0,11,0
25673,1,27,1,5514,16,0,9,0
31409,1,23,1,0,53,8,3,0
48742,1,6,1,0,21,3,5,0
11273,1,36,1,3000,21,0,2,0
29009,1,33,1,2284,3,0,10,0
42131,2,23,1,2733,58,2,8,0
480,2,10,1,6000,21,2,5,0
16215,2,7,1,0,33,1,6,0
36553,1,36,1,7000,26,2,6,0
31843,1,41,1,2278,24,14,2,0
30188,1,48,1,0,20,0,2,0
267,1,43,1,7000,29,0,6,0
46780,1,18,1,4000,14,2,3,0
28668,2,36,1,2942,14,0,4,0
1091,2,50,1,8875,9,0,13,0
44558,2,2,1,8344,36,4,8,1
42740,1,4,1,6981,32,1,12,0
39526,2,17,1,5000,17,3,4,0
18343,2,41,1,6000,100,11,5,0
42077,1,15,1,8555,75,0,39,1
30579,1,5,1,7000,24,0,6,0
3194,2,11,1,6000,3,0,5,0
35964,1,5,1,778,51,8,10,0
30911,2,5,1,6000,19,7,5,0
47878,1,12,1,5000,19,0,4,0
2338,2,44,1,7801,5,4,61,1
1198,1,10,1,0,18,0,3,0
46676,2,41,1,3000,7,9,2,0
7779,1,36,1,3000,6,1,2,0
9872,2,44,1,5792,15,0,13,0
29596,1,15,1,3000,36,0,2,0
30123,1,10,1,2498,43,0,7,0
5135,2,48,1,0,37,0,4,0
14116,2,14,1,7000,15,16,6,0
39950,1,20,1,0,6,0,8,0
20650,1,46,1,0,41,3,13,0
3008,2,18,1,2372,10,8,24,0
38421,1,5,1,1614,26,0,4,0
9569,1,11,1,14296,15,11,15,1
10030,1,35,1,2779,28,1,5,0
28826,2,23,1,0,18,6,33,0
16982,2,39,1,0,15,21,10,0
21023,2,32,1,8000,2,0,7,0
30551,2,20,1,0,17,0,2,0
8935,1,46,1,0,20,0,41,0
42575,2,5,1,14793,16,0,15,0
24317,1,20,1,3000,6,5,2,0
24842,2,2,1,0,47,17,20,0
10569,1,35,1,0,40,0,16,0
26339,1,11,1,0,100,0,14,0
46413,2,35,1,4000,33,0,3,0
40091,2,32,1,10761,21,1,12,1
5511,2,45,2,3471,51,0,20,0
34870,2,20,1,4000,23,9,3,0
6340,1,2,1,9672,100,2,12,1
43446,2,29,1,4000,13,5,3,0
48299,1,10,1,12000,30,0,11,0
48104,1,24,1,0,16,0,9,0
24647,2,44,1,1668,20,0,19,0
6247,1,15,1,0,19,4,7,0
36773,2,15,1,4000,10,0,3,0
2221,2,49,1,6000,44,0,5,0
34105,2,26,1,4216,100,0,6,0
33606,2,15,1,0,100,5,3,0
3931,1,6,1,7000,14,0,6,0
22653,2,20,1,10000,14,0,9,0
27360,1,37,1,14800,13,7,15,0
7031,2,46,1,2848,7,6,3,0
49137,2,11,1,4000,5,0,3,0
775,1,43,1,619,24,5,4,0
574,1,45,1,3021,42,0,6,0
44346,1,32,1,5680,72,6,5,0
44089,2,32,1,9852,24,0,12,0
1466,1,11,1,4000,20,2,3,0
6168,2,23,1,3000,59,0,2,0
3368,2,39,1,3066,9,8,6,0
15308,1,15,1,0,25,0,12,0
3439,1,10,1,0,14,21,9,0
7493,2,5,1,0,9,0,8,0
24433,1,23,1,5490,10,0,7,0
40726,1,44,1,8000,29,8,7,0
36955,2,23,1,9000,2,0,8,0
23147,1,4,1,8672,5,10,10,0
10222,1,29,1,17945,19,0,75,1
27790,2,29,1,4000,100,0,3,1
38749,1,17,1,3000,77,0,2,0
38674,2,35,1,0,33,0,13,0
48915,2,33,1,4000,31,3,3,0
19086,2,48,1,9000,100,0,8,0
43689,1,51,1,0,2,0,2,0
9772,1,6,1,6090,23,6,6,0
34738,1,17,1,2000,7,0,1,0
30391,1,35,2,10000,61,0,9,0
6798,1,21,1,4000,25,0,3,0
37271,2,19,1,3000,12,0,2,0
27435,1,44,1,3030,56,29,3,0
13401,1,5,1,0,15,0,6,0
884,2,20,1,0,13,3,4,0
7304,1,34,1,5706,4,0,6,0
45125,1,18,1,9000,6,2,8,0
875,1,16,1,2000,18,0,1,0
45944,1,10,1,10000,2,0,9,0
11459,1,12,1,0,25,12,7,0
23878,1,44,1,0,6,0,4,0
12,1,10,1,3000,20,0,2,0
27814,1,4,1,0,61,26,10,0
10714,1,7,1,0,21,5,10,0
46015,1,1,1,4000,5,0,3,0
3646,2,32,1,7000,45,3,6,0
10449,1,15,1,4898,12,0,7,0
41969,2,10,1,1791,4,0,8,0
3814,2,10,1,5739,15,1,7,0
4524,1,6,1,0,6,0,5,0
7232,2,6,1,0,13,0,27,0
39424,1,51,1,4769,27,36,10,0
46648,1,19,1,1546,14,0,5,0
12548,2,39,1,1733,0,5,7,0
10918,1,36,1,0,16,2,9,0
16905,1,18,1,2971,39,0,29,0
39864,2,20,1,2836,7,0,10,0
24729,1,11,1,8000,29,0,7,0
12696,2,35,1,0,17,0,6,0
36115,1,5,1,0,18,1,23,0
29695,1,15,1,3000,100,0,2,0
7529,2,32,1,3000,11,56,2,0
28809,1,5,1,6000,18,2,5,0
4757,1,8,1,4000,86,11,3,0
30433,2,5,1,4000,87,0,3,1
1109,1,20,1,5000,34,0,4,0
11091,2,19,1,0,28,25,6,0
42877,2,3,1,5000,9,0,4,0
28137,2,5,1,7000,6,0,6,0
19861,2,36,1,9985,2,0,11,0
8055,2,25,1,3000,41,0,2,0
5887,2,32,1,2310,16,0,2,0
44552,2,41,1,0,100,0,5,0
3543,2,24,1,4000,14,5,3,0
8360,1,4,1,1312,14,0,13,0
15075,1,16,1,1524,3,0,65,0
40590,2,35,1,13732,14,0,48,0
19529,2,13,1,0,36,3,2,0
2334,1,32,1,0,53,9,2,0
37769,1,10,1,0,19,0,5,0
37792,2,35,1,4000,19,0,3,0
22895,1,20,1,10553,3,0,14,0
11791,2,15,1,9000,34,0,8,0
43629,1,18,1,0,38,1,16,0
47119,1,35,1,10000,14,10,9,0
17704,1,4,1,0,7,1,5,0
14475,2,35,1,11000,23,7,10,0
22428,1,29,1,4000,49,13,3,0
28884,2,10,1,0,24,3,36,0
5786,2,43,1,690,11,0,3,0
27396,1,29,1,2318,6,0,6,0
5884,1,5,1,4244,11,3,4,0
37912,1,10,1,0,12,0,2,0
7003,1,6,1,6758,31,5,9,0
8802,2,48,1,0,45,0,39,1
39804,1,26,1,4000,14,1,3,0
46758,2,10,1,1220,9,0,4,0
34685,2,10,1,4000,13,0,3,0
17118,1,37,1,0,7,0,22,0
31533,2,44,1,6000,7,0,5,0
269,1,35,1,1098,17,0,9,0
3143,1,7,1,3000,35,0,2,0
4801,2,18,1,3000,31,0,2,0
35869,2,23,1,0,14,0,8,0
7423,1,32,1,0,15,7,5,0
21414,1,22,1,4166,6,17,8,0
4397,2,16,1,7000,95,1,6,0
2157,2,5,1,3000,30,0,2,0
28373,2,26,1,8872,9,0,21,0
32051,1,5,2,6655,15,1,11,0
1442,1,48,1,6000,15,24,5,0
25016,1,40,1,3000,49,0,2,0
25073,1,5,1,0,2,60,23,0
27122,1,10,1,4898,21,0,8,0
49883,1,44,1,0,3,0,7,0
19547,1,3,1,1447,9,5,1,0
35894,1,44,1,3017,37,0,5,0
13906,1,25,1,0,12,0,3,0
32948,1,29,1,0,100,2,38,0
15559,1,5,1,1992,5,11,4,0
6528,1,38,1,0,24,28,5,0
49723,2,34,1,2341,23,7,3,0
17488,1,15,1,0,29,5,2,0
37635,1,44,1,0,100,0,16,0
16967,2,12,1,9322,42,0,21,0
12859,1,49,1,6000,1,0,5,0
48445,2,34,1,7000,54,0,6,0
11147,1,24,1,8475,5,0,31,0
24051,1,43,1,6000,100,0,5,1
1497,1,24,1,11000,15,10,10,0
734,2,25,1,14000,16,0,13,0
44489,2,17,1,3464,14,3,5,0
11904,1,35,1,3000,16,34,2,0
11130,2,15,1,0,23,6,3,0
16795,2,35,1,2866,27,11,12,0
33664,2,29,1,1510,7,0,9,0
21064,2,44,1,0,9,9,12,0
2331,1,44,1,5309,61,5,8,0
6329,1,33,1,5000,7,3,4,0
48538,2,41,1,2293,38,0,6,0
36841,2,31,1,5281,5,0,12,0
2073,1,46,1,5511,32,0,13,0
35884,2,39,1,8000,31,0,7,0
19960,1,11,1,2502,32,3,50,1
38708,1,39,1,0,19,0,10,0
23634,1,48,1,84,1,2,2,0
3220,1,44,1,0,42,0,6,0
28911,2,12,1,0,35,0,6,0
23848,2,32,1,3000,13,3,2,0
45262,2,17,1,2254,39,5,11,0
24889,2,44,1,5000,23,7,4,0
4041,1,44,1,0,12,19,11,0
27397,2,5,1,7082,28,10,10,0
26245,1,2,1,8028,32,0,17,0
10411,1,11,1,5000,37,8,4,0
41278,1,16,1,2948,17,2,4,0
26420,1,20,1,5000,11,0,4,0
445,1,10,1,3000,4,0,2,0
32614,2,44,1,5000,2,0,4,0
11251,1,18,1,3804,10,0,10,0
39233,1,36,1,0,99,9,4,0
40249,1,10,1,2162,59,5,12,0
39373,1,21,1,4592,11,5,9,0
13574,2,7,1,768,11,60,6,0
26816,1,38,1,3000,34,0,2,0
48421,1,19,1,4000,17,12,3,0
25218,1,32,1,4000,7,3,3,0
1337,2,10,1,3265,28,0,21,0
6565,1,46,1,1265,33,1,3,0
4958,1,42,1,9444,5,0,10,0
48694,2,49,1,3312,36,3,5,0
3974,1,10,1,16000,70,4,15,1
16110,1,17,1,0,31,3,4,0
22324,1,46,1,8970,7,8,39,0
5965,1,28,1,5232,11,0,11,0
31093,1,35,1,0,27,15,9,0
34345,1,29,1,1358,12,9,6,0
18926,1,15,1,6000,10,0,5,0
28613,2,15,1,6000,26,0,5,0
21223,1,20,1,0,12,0,2,0
6992,1,35,1,8000,28,16,7,0
29939,2,11,1,0,14,0,5,0
43705,1,5,1,2281,11,9,6,0
1475,2,35,1,0,100,10,17,0
48991,2,10,1,2307,19,0,4,0
24646,1,29,1,0,11,11,3,0
8858,2,20,1,1299,11,0,6,0
10878,2,29,1,0,63,0,4,0
1554,1,32,1,4000,7,14,3,0
37579,2,25,1,0,21,0,7,0
12690,1,24,1,5000,41,0,4,0
25618,1,29,1,0,59,14,5,0
41110,1,51,1,0,100,14,4,0
31133,1,11,1,4000,7,0,3,0
48804,2,5,1,9000,21,26,8,0
6044,1,37,1,0,6,0,16,0
43548,2,10,1,7253,40,0,15,0
28913,1,35,1,2732,23,0,6,0
44033,1,5,1,0,100,0,18,0
53,2,5,1,1352,6,1,4,0
37955,2,49,2,2353,36,9,6,0
275,1,25,1,1719,14,0,3,0
12232,1,5,1,0,100,20,20,0
13722,1,26,1,0,10,0,6,0
47341,2,7,2,9667,12,0,36,0
8491,1,39,1,8742,12,3,16,0
43143,2,44,1,537,1,4,6,0
25220,1,34,1,4000,24,0,3,0
38952,1,44,1,5948,100,4,8,0
21568,1,44,1,0,32,3,4,0
2120,2,15,1,5000,79,0,4,1
47554,1,38,1,3000,29,0,2,0
23726,1,5,1,4309,6,0,9,0
25604,1,44,1,0,76,0,1,0
36284,2,39,1,1845,4,0,13,0
21198,1,26,1,7000,18,0,6,0
30434,2,10,1,14506,29,1,21,1
34156,1,39,1,2306,21,10,12,0
10455,2,20,1,8000,87,7,7,1
15622,1,35,1,1409,59,2,2,0
34510,2,5,1,4657,2,0,9,0
17988,1,44,1,0,2,0,2,0
24598,1,5,1,5855,100,4,25,1
5031,2,18,1,0,13,0,13,0
34549,2,24,1,0,3,0,8,0
14160,1,11,1,5000,38,0,4,0
6364,1,46,1,3716,31,51,4,0
40769,1,29,1,7374,43,3,36,0
20644,1,35,1,0,48,0,6,0
15424,1,36,1,7000,18,0,6,0
49040,1,10,1,3000,10,16,2,0
21190,1,5,1,3000,44,0,2,0
15081,1,39,1,0,22,0,4,0
15812,1,5,1,0,26,0,7,0
30749,1,29,1,13000,49,18,12,0
36992,1,29,1,6266,9,0,13,0
41060,2,15,1,0,11,3,9,0
39690,1,44,1,2941,47,0,3,0
30316,1,49,1,841,43,0,13,0
31042,1,11,1,0,17,5,15,0
27318,1,35,1,6000,9,0,5,0
13644,1,26,1,0,20,0,5,0
453,1,17,1,8000,55,0,7,0
36294,1,35,1,16000,69,11,15,0
33103,1,15,1,0,14,0,2,0
32417,2,10,1,6000,50,1,5,0
11207,1,4,1,3497,23,9,8,0
11270,1,32,1,0,76,0,5,0
41776,1,44,1,0,2,0,10,0
29920,1,13,1,0,9,0,5,0
29749,2,46,1,0,54,0,5,0
11691,2,44,1,3780,12,5,12,0
28357,2,5,1,12000,90,0,11,0
12429,1,18,1,5000,34,9,4,0
40273,1,35,1,0,4,0,2,0
12155,2,20,1,0,19,13,5,0
17249,1,5,1,0,58,0,3,0
15011,2,32,1,2000,34,0,1,0
1879,2,36,1,7000,37,0,6,0
33963,1,19,1,5000,11,3,4,0
22498,1,2,1,1867,45,8,3,0
46348,2,26,1,5000,10,0,4,0
23891,2,16,1,0,16,0,3,0
29746,1,5,1,0,63,0,7,0
8477,1,44,1,6000,25,3,5,0
44993,1,5,1,0,22,43,26,0
47799,1,29,1,3000,18,7,2,0
31054,1,48,1,3204,18,25,55,0
42392,2,10,1,6627,58,0,38,1
6466,1,43,1,3432,4,0,3,0
18528,1,10,1,0,32,1,7,0
41813,1,15,1,0,30,6,1,0
20780,2,32,1,5323,36,0,9,0
17698,1,43,1,0,19,19,18,0
2533,1,10,1,0,21,0,13,0
43166,1,39,1,13973,5,13,13,0
22148,1,32,1,2667,8,0,3,0
35190,2,2,1,3665,29,0,4,0
20348,1,21,1,4564,9,8,9,0
13255,2,29,1,0,20,0,5,0
17163,1,39,2,5000,23,1,4,0
48080,1,32,1,11657,9,0,38,0
23877,1,44,1,5000,37,0,4,0
33804,2,5,1,2000,7,9,1,0
40093,1,6,1,4000,3,13,3,0
12097,1,10,1,0,21,0,10,0
16202,2,10,2,499,8,0,27,0
39407,1,5,1,10000,46,7,9,0
9589,1,2,1,4000,19,0,3,0
37988,1,5,1,0,54,0,4,0
43144,2,46,1,348,11,16,7,0
44912,1,44,1,3000,32,9,2,0
24,2,21,1,0,15,0,3,0
39213,2,11,1,643,21,4,2,0
41019,1,44,1,3000,9,0,2,0
22084,1,30,1,2000,22,39,1,0
30272,2,35,1,4135,12,0,27,0
17248,2,44,1,0,11,0,4,0
9133,1,5,1,0,12,13,4,0
36929,2,39,1,0,16,0,4,0
2808,1,10,1,6000,14,0,5,0
32838,2,19,1,5716,28,0,8,0
7329,1,46,1,0,37,0,2,0
13942,1,5,1,4302,4,0,6,0
49492,1,16,1,1611,9,9,6,0
26525,2,5,1,0,16,1,7,0
17613,1,10,1,7332,58,0,27,0
35055,1,44,1,5000,35,0,4,0
6876,1,5,1,7000,100,5,6,0
6135,2,44,1,0,30,2,3,0
5945,1,23,1,3000,6,4,2,0
9528,1,5,1,3473,15,0,4,0
40133,1,32,1,866,20,0,6,0
38075,1,5,1,11000,7,3,10,0
19967,2,44,1,4000,20,7,3,0
27190,1,37,1,3157,29,20,7,0
6217,1,44,1,2665,100,9,3,0
41359,1,50,1,5735,26,13,7,0
7655,1,28,1,0,31,0,3,0
6443,2,24,2,10000,27,0,9,0
4509,1,49,1,7000,4,34,6,0
23345,1,35,1,5000,100,16,4,0
3601,1,5,1,10103,100,0,38,1
14977,1,16,1,0,33,0,4,0
41806,2,5,1,10048,12,3,21,0
35922,1,11,1,6000,11,26,5,0
16823,1,29,1,0,26,5,4,0
6177,1,11,1,10136,13,1,32,1
12987,1,49,1,6865,2,0,9,0
27472,2,44,1,2715,100,0,9,0
4739,1,44,2,0,16,0,2,0
1513,1,35,1,0,45,1,1,0
12844,1,49,1,0,4,3,4,0
9811,1,48,1,4698,55,2,4,0
42422,1,15,1,4000,30,6,3,0
9762,1,10,1,5000,25,0,4,0
31435,2,15,1,3000,16,0,2,0
34917,1,11,1,7000,95,0,6,0
25984,1,5,1,5223,32,0,17,0
19296,1,5,1,6304,23,0,12,0
19671,2,11,1,6000,8,8,5,0
961,2,5,1,4310,17,13,5,0
19218,2,12,1,0,11,0,2,0
35544,2,44,1,13533,14,30,20,1
41605,2,15,1,4000,19,0,3,0
5141,1,5,1,0,17,19,24,0
27109,1,45,1,13605,9,0,15,0
13302,1,11,1,0,13,5,8,0
2307,1,29,1,10000,5,0,9,0
42386,2,5,1,2094,14,0,6,0
34258,2,33,1,5000,59,0,4,0
46039,1,4,1,4934,52,7,5,0
16841,1,39,1,9000,24,4,8,0
1840,2,10,1,0,6,0,23,0
8501,1,5,1,0,72,7,4,0
36607,2,39,1,4000,27,3,3,0
26981,1,24,1,3000,12,1,2,0
20929,1,34,1,4000,21,0,3,0
1564,2,39,1,3000,3,0,2,0
28006,2,35,1,7000,19,0,6,0
32760,2,44,1,4000,83,4,3,1
13582,2,5,1,7000,67,9,6,0
24383,2,17,1,8188,87,0,9,0
21714,1,18,1,577,5,15,26,0
32825,1,35,1,4000,22,0,3,0
35172,1,11,1,6756,44,0,16,0
46914,2,39,1,6911,57,0,8,0
7326,1,17,1,7000,21,0,6,0
35607,1,28,1,0,50,0,5,0
46910,2,47,1,0,4,0,32,0
43587,2,5,1,0,57,26,40,0
30073,1,26,1,7970,29,0,25,0
19790,1,10,1,0,3,0,8,0
25293,2,24,1,5509,4,0,9,0
16141,1,35,1,10000,62,0,9,0
40253,2,15,1,4000,33,0,3,0
34495,1,40,2,0,87,48,8,0
2139,1,10,1,7000,21,0,6,0
17642,1,4,1,4562,24,7,17,0
14705,1,5,1,3000,30,0,2,0
11888,1,2,1,6000,9,10,5,0
11512,1,5,1,4000,14,0,3,0
47418,1,2,1,3053,34,0,14,0
21907,1,5,1,7921,4,0,23,0
33635,2,10,1,5927,6,11,11,1
5644,1,5,1,0,46,6,2,0
27155,2,17,1,2146,23,0,5,0
4021,1,39,1,6095,4,0,6,0
15865,1,46,1,6000,4,0,5,0
7381,1,17,1,0,26,3,20,0
5451,1,21,1,3270,80,0,14,0
19036,1,36,1,0,23,0,3,0
29217,2,5,1,4000,8,13,3,0
31968,1,9,1,4000,12,0,3,0
7581,1,10,1,6863,36,5,6,0
34487,1,35,1,10234,65,0,11,0
12115,2,36,1,0,4,2,2,0
47352,1,15,1,0,9,0,2,0
42856,2,21,1,4000,41,0,3,0
41511,1,10,1,0,7,6,10,0
19560,1,16,1,0,8,0,6,0
44699,2,29,1,8000,5,13,7,0
2143,1,44,1,2000,2,0,1,0
28255,1,5,1,7393,17,5,19,0
10265,1,48,1,10000,6,1,9,0
20339,1,29,1,2465,100,1,2,0
2274,1,35,1,6445,69,3,13,0
21477,1,17,1,3000,17,60,2,0
33073,2,23,1,6000,5,11,5,0
43153,2,20,1,6000,22,5,5,0
11087,1,33,1,1691,100,0,7,0
15191,1,10,1,4000,21,6,3,0
30351,2,5,1,307,36,8,3,0
40314,1,26,1,5000,10,8,4,0
310,1,35,1,6000,15,3,5,0
29888,2,35,1,0,22,4,13,0
48511,2,35,1,11074,1,48,15,0
1349,2,29,2,3000,2,0,2,0
29702,2,5,1,9000,12,12,8,0
30675,1,44,1,4000,100,0,3,0
33254,2,32,1,5000,26,0,4,0
41917,2,41,1,3741,6,0,7,0
45964,1,44,1,0,6,0,2,0
39161,1,45,1,0,14,0,21,0
12830,1,38,1,0,43,3,25,0
8483,2,5,1,3680,25,9,9,0
18513,1,5,1,0,15,9,11,0
4388,2,11,1,0,19,23,12,0
29863,1,32,1,9000,100,12,8,0
16746,2,5,1,2348,38,0,11,0
20693,1,18,1,3018,56,2,4,0
27815,1,10,1,4263,97,3,4,0
22925,1,15,1,6532,100,0,6,0
3640,2,49,1,5000,100,2,4,0
35175,2,11,1,6379,42,0,13,0
48489,1,24,1,7000,51,5,6,0
39676,2,27,1,0,65,1,4,0
10964,1,5,1,6230,12,0,6,0
27268,1,34,1,9000,19,34,8,0
28292,1,23,1,3000,12,11,2,0
16870,1,38,1,5000,9,5,4,0
1114,1,6,1,0,13,0,8,0
34712,1,36,1,0,5,2,11,0
24345,1,36,1,0,69,0,1,0
21868,2,24,1,0,9,40,4,0
29072,1,26,1,3000,13,0,2,0
4457,2,44,1,3000,13,0,2,0
24717,1,5,1,7200,12,7,12,0
42666,1,46,1,3000,38,0,2,0
11083,1,4,1,25320,7,1,25,1
13439,1,1,1,541,21,9,2,0
42785,1,39,1,9000,21,19,8,0
24044,2,29,1,5332,92,0,29,0
42161,2,39,1,2113,39,0,2,0
20980,1,43,1,0,85,4,37,0
7722,1,35,1,6000,19,0,5,0
38053,1,23,1,0,15,0,2,0
11127,1,11,1,0,19,0,5,0
31716,1,43,1,0,37,0,10,0
27271,1,9,1,4000,8,15,3,0
20633,1,27,1,12352,10,1,21,0
10108,1,5,1,11443,7,0,14,0
34027,1,5,1,4484,8,3,18,0
21671,2,4,1,0,26,0,19,0
38720,1,44,1,6009,12,0,10,0
47485,1,20,1,9725,0,0,9,0
17533,2,10,1,5002,100,0,10,0
47276,1,16,1,0,2,0,6,0
2092,2,17,1,42,3,0,3,0
48940,1,20,1,3000,64,0,2,0
38494,1,36,2,0,27,5,5,0
22289,2,5,1,6000,40,0,5,0
32222,2,6,1,0,28,0,13,0
47425,1,24,1,9000,12,0,8,0
42272,1,44,1,106,7,16,10,0
25329,1,35,1,0,24,0,3,0
32928,1,23,1,7000,23,0,6,0
23905,2,32,1,11213,23,4,12,0
10066,1,44,1,6000,11,0,5,0
35485,1,35,1,1840,41,6,23,0
15357,1,7,1,8000,10,1,7,0
4825,1,10,1,4000,17,0,3,0
27806,1,44,1,6000,66,0,5,0
29637,1,36,1,8000,55,0,7,0
46915,1,35,1,2692,16,0,7,0
47769,2,13,1,2608,39,3,7,0
33816,1,6,1,5351,8,34,6,0
10308,1,10,1,9165,0,0,27,0
29590,1,34,1,4000,17,0,3,0
15751,1,5,1,1294,100,0,7,0
9011,1,44,1,5233,57,0,5,0
6457,1,23,1,0,50,0,4,0
41455,1,10,1,1749,70,6,8,0
20213,2,32,1,0,14,0,2,0
7580,1,5,1,6000,91,0,5,1
22172,1,2,1,5000,23,7,4,0
30731,2,49,1,0,29,13,4,0
36270,1,39,1,0,8,0,9,0
28013,2,44,1,4317,35,10,17,0
35560,1,50,1,4253,26,0,34,0
4593,2,43,1,6536,11,7,40,0
7389,2,5,1,5885,60,0,5,0
44989,1,11,1,10952,100,0,16,1
6331,2,10,1,0,17,10,8,0
8427,1,34,2,0,5,1,10,0
769,2,5,1,0,7,25,12,0
21019,1,23,1,7000,15,1,6,0
33791,1,46,1,0,99,0,19,0
37432,2,16,1,5000,19,6,4,0
41741,1,49,2,186,20,3,13,0
43866,1,5,1,11000,21,3,10,0
34666,2,15,1,9000,32,0,8,0
42164,1,11,1,5000,33,11,4,0
44379,1,42,1,5023,100,0,6,0
43079,2,15,1,0,18,0,30,0
28270,2,5,1,9126,37,0,18,0
35298,1,35,1,0,9,6,4,0
13125,2,5,1,1234,19,6,13,0
13695,1,44,1,2916,12,2,2,0
7721,2,29,1,7000,27,60,6,0
9331,2,51,1,0,40,11,14,0
35803,1,15,1,0,51,2,21,0
14002,2,5,1,8000,35,0,7,0
28991,2,44,1,8000,13,0,7,0
21101,2,43,1,5000,14,0,4,0
15298,2,11,1,4000,41,2,3,0
17103,1,16,1,0,5,23,39,0
13033,1,7,1,5000,18,0,4,0
46182,1,49,1,0,38,0,2,0
38594,1,18,1,5000,56,2,4,0
20665,2,44,1,0,36,0,5,0
32903,1,32,1,3762,32,0,5,0
43755,2,32,1,0,14,0,11,0
7756,1,49,2,3000,100,5,2,0
46178,1,3,1,10000,1,1,9,0
43539,2,10,1,0,28,43,13,0
44485,1,19,1,4344,1,10,6,0
15146,1,5,1,0,9,0,10,0
43408,2,7,1,8554,9,0,28,0
49344,2,15,1,8000,25,14,7,0
23769,2,36,1,5000,100,0,4,0
9975,1,11,1,5765,12,0,6,0
27298,2,11,1,703,38,0,5,0
46651,1,10,2,22000,17,0,21,1
24563,2,50,1,5000,18,15,4,0
24866,2,21,1,3000,31,0,2,0
624,1,2,1,3382,70,0,8,0
9282,1,24,1,0,24,8,5,0
13364,1,39,1,0,19,0,5,0
17080,2,6,1,241,43,0,6,0
2409,1,45,1,1387,3,0,2,0
22584,2,15,1,661,18,0,7,0
343,2,5,1,4956,25,0,15,0
41948,2,10,1,4757,2,10,6,0
31169,2,5,1,4967,31,9,24,0
40906,2,25,1,1660,16,18,5,0
32286,2,5,1,0,7,0,3,0
30019,1,10,1,0,42,3,2,0
30906,1,44,1,10026,28,0,11,0
20488,2,44,1,4443,12,1,8,0
15890,1,11,1,3000,9,0,2,0
7686,2,10,1,3000,12,0,2,0
40347,2,31,1,0,8,3,3,0
19987,2,21,1,5000,31,5,4,0
37425,1,48,1,8000,6,0,7,0
44338,1,26,1,0,14,0,8,0
28404,1,36,1,3000,100,2,2,0
7666,1,32,1,9803,4,1,17,0
16595,1,31,1,3282,21,0,3,0
31044,1,5,1,0,28,0,18,0
18087,2,35,1,6093,43,0,9,0
18895,1,10,1,4000,3,2,3,0
47873,1,44,1,0,1,5,3,0
32930,1,34,1,13154,36,20,13,0
45401,1,35,1,4000,35,3,3,0
43922,1,35,1,8000,8,0,7,0
13714,1,11,1,8997,46,6,8,0
33496,2,10,2,5321,53,0,11,1
23025,1,15,1,0,1,0,4,0
36835,1,44,1,13718,19,0,18,0
2961,2,29,1,3069,11,3,8,0
26846,2,42,1,9288,63,0,15,1
27358,1,11,1,6000,63,0,5,0
36580,1,39,1,7229,38,18,19,0
47510,1,5,1,4000,14,0,3,0
11552,2,27,1,10000,31,0,9,0
13868,1,16,1,3000,100,45,2,0
48021,1,36,1,0,2,0,2,0
8468,1,35,1,5000,82,9,4,0
35936,1,5,1,0,11,0,4,0
17110,2,18,1,4242,21,10,11,0
49980,2,36,1,1942,13,0,5,0
5861,1,5,1,6000,9,0,5,0
11365,2,5,1,5000,17,0,4,0
18064,2,12,1,0,11,0,13,0
15938,1,25,1,7000,59,0,6,0
1278,1,35,2,5582,48,0,29,1
13140,1,10,1,0,7,3,3,0
36923,2,5,1,6000,6,0,5,0
10766,1,25,1,8000,16,0,7,0
33015,1,2,1,0,13,10,27,0
40747,1,5,1,7000,8,0,6,0
8976,1,43,1,5666,100,0,19,1
3107,1,11,1,2169,5,0,4,0
11129,1,10,1,7216,36,0,17,0
38080,1,5,1,14000,33,0,13,1
2677,1,21,1,859,15,0,5,0
44873,1,44,1,4000,18,5,3,0
38490,1,43,1,9000,8,2,8,0
14315,1,5,1,4000,27,0,3,0
22104,1,44,1,0,10,0,7,0
43065,1,29,1,2616,17,3,2,0
34277,2,6,1,6565,57,0,54,1
20870,2,10,1,5817,22,0,9,0
22249,2,32,1,1415,5,0,3,0
26430,1,5,1,3191,6,0,6,0
13311,2,23,1,0,6,7,20,0
18464,2,15,1,3000,31,0,2,0
9751,2,35,1,0,29,24,13,0
14432,2,32,1,0,33,0,10,0
20939,2,10,1,8000,12,3,7,0
40118,2,5,1,0,20,1,10,0
11964,1,44,1,6000,26,1,5,0
34079,1,15,1,0,54,2,3,0
2759,1,40,1,8001,16,7,11,0
49078,1,21,1,5168,50,0,12,0
46970,2,32,1,744,69,0,9,0
24988,2,44,1,2737,45,4,19,0
22920,1,49,1,12844,27,0,17,0
7725,1,36,1,10829,31,0,10,1
38959,2,35,1,7000,27,19,6,0
1412,2,41,1,810,2,0,4,0
15021,1,29,1,4000,22,0,3,0
4640,1,10,1,0,59,1,5,0
35291,1,15,1,9000,5,0,8,0
27780,2,39,1,6000,40,6,5,0
48645,1,43,1,4995,4,2,4,0
7607,1,5,1,10000,12,19,9,0
36572,1,16,1,2053,12,0,2,0
22619,1,15,1,5000,30,0,4,0
29890,2,44,1,0,100,1,7,1
21993,2,46,1,3000,77,2,2,0
4527,1,4,1,3635,8,1,12,0
13173,2,11,1,7000,8,0,6,0
11711,1,17,1,1863,27,0,10,0
22060,1,10,1,3000,25,0,2,0
35007,1,20,1,0,12,18,2,0
36090,2,12,1,0,17,7,5,0
47027,1,18,1,3074,36,7,11,0
742,2,10,1,0,3,6,15,0
9053,1,39,1,4000,13,3,3,0
26276,2,37,1,3000,20,11,2,0
32915,2,10,1,9359,5,0,10,0
12575,2,4,1,16635,31,1,22,1
9642,2,5,1,0,27,2,16,0
26372,2,9,1,6000,2,8,5,0
25405,2,44,1,5000,0,4,4,0
8166,2,23,1,4000,13,3,3,0
28448,2,36,1,486,12,0,2,0
20921,1,48,1,2669,6,7,2,0
46571,2,18,1,7469,28,0,18,0
10459,2,39,1,5474,11,0,12,0
12919,2,15,1,11000,24,0,10,0
15594,1,46,1,3000,14,0,2,0
23521,2,3,1,610,2,0,8,0
38225,1,35,1,2287,15,0,4,0
33570,1,5,1,2791,100,0,9,0
30701,1,23,1,8000,4,9,7,0
11510,2,39,1,0,21,0,16,0
30302,2,46,1,0,22,0,6,0
37323,2,38,1,0,14,3,3,0
35501,1,49,1,1995,100,0,12,0
30620,2,35,1,0,4,4,4,0
20478,1,38,1,4000,35,0,3,0
7153,2,5,1,7771,35,0,37,0
32138,1,5,1,0,12,10,8,0
36495,2,41,1,0,6,14,7,0
30515,1,49,1,0,24,0,6,0
39670,1,44,1,0,1,0,16,0
27146,1,46,1,1135,58,3,42,0
33852,1,36,1,748,12,0,12,0
42973,1,35,1,0,9,0,8,0
16681,2,35,1,4000,31,0,3,0
40834,1,5,2,5000,42,5,4,0
27018,1,36,1,5407,100,14,7,1
49673,1,29,1,6000,42,0,5,0
13257,2,7,1,2000,10,0,1,0
7874,2,33,1,3000,5,5,2,0
4203,2,32,1,4000,10,17,3,0
2240,1,15,1,4000,4,0,3,0
22603,2,43,1,5000,6,0,4,0
1222,1,35,1,0,10,1,7,0
1413,2,51,1,0,9,0,7,0
34633,2,25,1,0,15,4,24,0
23106,2,5,1,0,100,20,70,1
6613,2,12,1,0,12,4,16,0
19479,1,10,1,9000,8,0,8,0
5680,2,32,1,11000,100,0,10,0
3561,1,25,1,11234,10,0,38,0
9837,1,11,1,5000,16,2,4,0
44535,2,35,1,0,7,0,3,0
6187,1,39,1,7000,10,0,6,0
14367,1,29,1,0,79,7,3,0
38483,1,13,1,11000,18,0,10,0
29642,1,5,1,0,15,0,8,0
5879,1,43,1,3420,38,0,3,0
44748,1,50,1,3000,100,0,2,0
22304,2,15,1,3942,19,0,8,0
27808,2,29,1,4452,3,0,5,0
34369,2,37,1,7000,11,0,6,0
24541,1,29,1,3000,32,0,2,0
4098,1,22,1,3000,14,0,2,0
36837,2,21,1,5000,34,0,4,0
19855,1,35,1,8000,12,0,7,0
17812,1,35,1,5000,100,0,4,0
44582,2,10,1,4648,7,1,27,0
30720,1,20,2,3000,52,0,2,0
46576,1,5,1,5825,12,0,5,0
6872,2,15,1,10000,3,1,9,0
40897,1,46,1,0,13,0,5,0
9960,1,46,1,4300,13,20,19,0
8232,1,32,1,7000,21,5,6,0
47943,1,44,1,6499,3,2,6,0
14586,2,5,1,10000,54,0,9,1
19243,1,38,1,964,17,3,16,0
11642,1,34,1,10276,17,3,14,1
44291,2,32,1,6000,15,10,5,0
3636,1,15,1,6006,36,0,12,0
3097,2,29,1,9000,19,4,8,0
26744,2,35,1,8000,22,0,7,0
26118,1,26,1,3000,68,0,2,0
45816,1,23,1,0,15,4,3,0
2377,1,44,1,8000,23,3,7,0
20572,1,32,1,1562,2,0,3,0
48654,1,5,1,0,100,0,10,0
13967,1,45,1,10925,52,0,17,1
30001,2,36,1,2990,16,0,8,0
16622,2,32,1,5000,100,6,4,0
28398,1,44,2,3000,14,0,2,0
20745,1,15,1,10367,16,0,11,0
8451,2,44,1,2294,6,0,2,0
4515,1,25,1,5000,63,2,4,0
40912,1,2,1,5000,9,0,4,0
40209,1,41,1,2943,11,0,19,0
6915,1,27,1,12852,6,2,39,0
45718,1,7,1,4304,21,0,8,0
38419,2,39,1,6667,16,15,21,0
27779,1,25,1,3000,29,0,2,0
32359,1,39,1,7069,87,11,17,1
25783,1,10,1,3000,17,0,2,0
43628,1,6,1,5220,15,45,6,0
11105,1,36,1,3536,95,5,11,0
49798,1,46,1,4000,82,0,3,0
29798,2,11,1,3000,35,0,2,0
4343,1,35,1,6788,64,0,11,0
37040,2,40,1,0,100,3,6,0
42546,1,23,1,8000,28,8,7,0
28301,1,40,1,0,8,0,5,0
23154,1,4,1,4000,14,0,3,0
4999,2,43,1,11000,31,0,10,0
42042,2,25,1,0,24,0,5,0
24599,2,16,1,833,50,0,7,0
20260,1,5,1,0,18,0,2,0
6899,1,24,1,3183,6,0,4,0
30098,1,16,1,11000,73,5,10,1
13020,1,10,1,1942,96,0,11,0
45480,1,5,1,7509,6,13,16,0
14917,2,35,1,5390,19,5,17,0
36365,1,22,1,0,16,0,6,0
28844,1,4,1,2225,80,0,4,0
30431,2,36,1,4369,26,0,6,0
19538,1,26,1,1594,8,0,4,0
44926,1,3,1,12000,51,0,11,0
48142,1,46,1,0,29,0,14,0
17845,1,39,1,2823,25,0,10,0
26052,1,10,1,6000,14,0,5,0
40096,2,20,1,3000,56,1,2,0
28838,2,48,1,6000,23,3,5,0
48982,1,5,1,0,100,0,2,0
7723,2,5,1,2324,100,4,16,1
13794,1,35,1,5000,10,0,4,0
1358,2,6,1,0,2,0,4,0
26616,1,44,1,6000,9,0,5,0
2526,1,23,1,5000,11,0,4,0
41216,1,29,1,7000,39,0,6,0
9028,2,17,1,4077,15,60,7,0
40423,1,34,1,0,26,0,5,0
15498,1,35,1,4561,100,3,5,0
32966,1,32,1,11037,100,0,11,1
13803,1,5,1,5079,8,0,10,0
19294,1,5,1,3784,30,0,22,0
35830,1,29,1,6000,6,30,5,0
22070,1,5,1,5000,7,0,4,0
20039,1,10,1,4897,28,48,14,0
33017,1,36,1,3000,78,0,2,0
31585,2,28,1,4000,41,2,3,0
28878,1,39,1,4000,19,0,3,0
20445,1,15,1,14420,22,19,24,1
42252,1,39,1,0,40,60,12,0
45860,1,5,1,3000,20,15,2,0
11848,1,44,1,3000,2,0,2,0
44936,2,35,1,11626,12,7,14,0
11811,2,28,1,5000,37,0,4,0
22021,2,15,1,2343,41,0,2,0
28967,1,5,1,6250,33,3,29,0
20868,1,38,1,0,22,6,4,0
8134,1,39,1,4000,5,0,3,0
5307,1,43,1,6104,8,0,22,0
2578,1,16,1,13833,50,12,14,0
36085,2,5,1,0,19,0,6,0
39303,1,18,1,0,64,0,1,0
22352,1,5,1,1132,17,16,35,0
28332,2,44,1,3400,36,4,20,0
16359,1,16,1,2000,17,2,1,0
12682,1,44,1,6095,6,3,12,0
7979,1,43,1,3987,32,0,18,0
16124,1,35,1,8000,7,0,7,0
5422,1,35,1,11528,90,60,11,1
31361,1,34,1,0,11,4,3,0
18715,2,5,2,4993,14,0,43,0
8983,1,2,1,0,52,0,53,1
3999,1,11,1,0,59,4,6,0
28876,1,36,1,6000,5,1,5,0
7410,1,15,1,0,28,6,6,0
37770,2,6,1,3000,6,0,2,0
252,1,11,1,6738,15,4,30,0
48023,2,6,1,0,4,0,3,0
43964,2,6,1,9840,22,0,26,0
39492,1,46,1,1172,7,0,3,0
4820,1,5,1,3000,3,0,2,0
37776,1,44,1,1291,38,4,3,0
20284,1,2,1,5000,50,6,4,0
30146,2,35,1,7000,14,0,6,0
22872,1,15,1,3000,22,0,2,0
7846,1,35,1,0,15,0,3,0
24482,2,35,1,119,5,0,4,0
33470,1,12,1,0,8,5,6,0
23592,1,5,1,3000,99,4,2,0
10262,1,5,1,0,7,3,3,0
8861,1,15,1,3000,27,1,2,0
31637,2,22,1,1751,11,0,3,0
18730,1,28,1,0,1,0,27,0
46202,1,44,1,3000,7,0,2,0
44842,1,32,1,0,33,3,12,0
42498,2,5,1,6000,36,3,5,0
543,1,31,1,10253,17,0,15,0
19822,1,20,1,2990,10,0,64,0
3853,2,5,1,5000,31,0,4,0
36271,2,32,1,0,15,0,3,0
35381,2,10,1,3856,8,0,16,0
6003,1,29,1,11000,17,0,10,0
32200,2,43,1,5965,16,6,20,0
5199,2,24,1,4000,25,6,3,0
42476,2,15,1,5000,24,1,4,0
43325,1,5,1,0,14,0,16,0
8355,1,5,1,0,4,9,3,0
22914,1,43,1,0,14,1,2,0
40623,1,32,1,5000,23,4,4,0
21595,1,5,1,11830,71,0,17,1
46687,1,32,2,0,7,0,5,0
12028,1,15,1,6000,28,0,5,0
43684,2,39,1,0,55,3,6,0
30420,1,39,1,9000,7,1,8,0
19604,1,5,1,4000,75,2,3,0
20169,2,22,1,7380,30,0,8,0
14342,1,33,1,3000,25,0,2,0
18665,1,36,1,15361,43,0,19,0
40529,2,35,1,4937,6,0,5,0
46367,1,21,1,4000,5,0,3,0
29936,2,41,1,598,66,27,2,0
19413,2,10,2,0,10,0,58,1
22038,1,49,1,4000,22,0,3,0
6327,2,15,1,0,27,1,2,0
47981,1,20,1,156,28,0,5,0
28803,1,7,1,9475,30,2,33,0
40798,1,14,1,0,43,0,3,0
2918,2,20,1,0,50,0,3,0
2230,1,44,1,0,23,0,5,0
20024,1,16,1,0,32,0,2,0
39790,1,46,1,7000,17,0,6,0
7964,1,10,1,0,56,0,3,0
45929,1,5,1,0,7,0,6,0
41251,2,43,1,3000,28,0,2,0
7745,2,35,1,0,6,9,2,0
48343,1,35,1,0,18,1,3,0
47116,1,7,1,6000,32,8,5,0
35703,1,18,1,0,41,2,2,0
14069,1,10,1,0,1,0,5,0
16277,1,20,1,5410,39,0,18,0
5655,1,29,1,1787,10,0,12,0
3780,2,34,1,3000,7,11,2,0
10523,1,5,1,4000,13,0,3,0
40515,1,11,1,7126,12,0,7,0
3345,2,13,1,5757,9,0,11,0
23647,1,10,1,4000,27,0,3,0
19684,1,35,1,6000,9,0,5,0
15025,1,43,1,11933,9,0,23,0
10481,1,30,1,1172,6,5,8,0
35256,2,21,1,5675,14,5,6,0
24005,1,5,1,0,18,17,34,0
15133,2,16,1,3000,5,0,2,0
17723,2,12,2,2205,100,5,3,0
21814,2,44,1,0,8,0,3,0
21980,1,35,1,12254,47,0,12,0
17484,1,35,1,0,56,3,19,0
28198,2,10,1,0,37,0,3,0
6634,2,5,1,0,69,0,5,0
314,1,43,1,4421,16,0,4,0
19379,1,34,1,0,7,8,5,0
13121,1,15,1,3000,3,6,2,0
12049,1,41,1,2327,7,0,3,0
49014,2,10,1,302,100,0,9,0
5962,1,5,1,16232,80,0,53,1
4636,1,44,1,1705,40,8,7,0
17113,2,24,1,0,16,3,6,0
44525,2,39,1,6000,39,4,5,0
4458,2,2,1,1545,6,0,5,0
12173,2,44,1,5000,24,0,4,0
18969,1,15,1,0,44,0,18,0
14708,2,39,1,6000,14,5,5,0
4195,2,35,1,1144,11,0,11,0
25815,2,45,1,0,100,5,4,0
4498,2,44,1,0,14,0,16,0
31530,2,29,1,7000,11,0,6,0
2781,2,5,1,19000,24,8,18,1
28035,2,5,1,1382,62,0,2,0
46817,2,10,1,405,7,0,7,0
19008,1,24,1,7000,14,12,6,0
14105,1,5,1,2838,12,0,10,0
32868,1,35,2,2550,5,0,17,0
42610,1,11,1,0,7,0,9,0
27768,1,50,1,2545,19,0,5,0
4651,1,11,1,2000,2,3,1,0
8224,2,51,1,0,6,0,46,0
35077,2,23,1,8812,10,7,19,0
43044,1,43,1,0,40,0,6,0
10184,2,11,1,4000,70,1,3,0
38839,2,36,1,4000,11,0,3,0
13746,1,5,1,4000,33,0,3,0
23339,1,29,1,0,6,0,8,0
39022,2,36,1,11661,6,0,26,1
47382,1,10,1,5000,8,0,4,0
3064,1,10,1,2804,8,0,5,0
46696,2,5,1,0,11,4,10,0
2116,2,39,1,7031,15,3,7,0
24694,1,10,1,640,9,0,5,0
12651,1,19,1,6349,5,18,9,0
7881,1,36,1,20000,18,0,19,1
22292,1,46,1,0,10,4,10,0
16724,2,18,1,0,11,0,2,0
33929,1,29,1,1471,30,27,9,0
48955,2,35,1,81,95,0,4,0
249,2,44,1,0,76,51,3,0
30235,2,44,1,6787,8,1,37,0
45577,2,1,1,5000,25,7,4,0
7628,1,39,1,8000,32,6,7,0
43811,2,25,1,7442,37,10,21,0
25354,2,5,1,3000,20,21,2,0
15540,1,44,1,3000,20,0,2,0
39703,2,15,1,5000,65,19,4,0
31715,1,44,1,1398,2,0,7,0
35896,2,43,1,6000,13,0,5,0
27852,2,5,1,0,26,0,7,0
14065,1,40,1,0,4,0,18,0
5232,1,44,1,4000,37,0,3,0
2669,2,20,1,0,14,7,5,0
30260,1,20,1,5000,9,12,4,0
84,2,43,1,7343,99,0,14,0
42550,1,37,1,4780,100,7,10,1
22281,2,35,1,0,21,0,4,0
2054,1,35,1,8000,23,0,7,0
34461,2,35,1,3000,9,0,2,0
31537,1,26,1,0,19,0,5,0
32028,1,34,1,5000,9,0,4,0
38997,1,43,1,0,45,0,7,0
13399,2,16,1,0,21,0,3,0
23655,1,39,1,0,29,6,11,0
48133,1,36,1,13471,86,0,15,1
28123,2,10,1,9000,6,0,8,0
44628,1,21,1,2677,25,2,6,0
22478,1,10,2,0,23,0,4,0
18958,1,35,1,4593,6,2,16,0
45063,1,5,1,0,20,5,38,0
39623,1,19,1,5000,35,0,4,0
6273,1,36,1,2843,14,3,2,0
46211,1,7,1,5000,52,1,4,0
27986,2,19,1,0,28,17,8,0
14385,2,33,1,0,4,0,3,0
34974,1,2,1,3775,21,0,4,0
15538,2,35,1,0,94,0,9,0
41355,1,47,1,4000,30,0,3,0
42276,2,18,1,5429,56,0,6,0
16574,2,5,1,4000,18,4,3,0
43980,2,20,1,3102,49,0,19,0
40059,1,44,1,0,17,1,14,0
44396,1,25,1,0,4,7,6,0
31774,1,5,1,4000,48,0,3,0
39279,2,36,1,5388,6,0,9,0
44876,2,19,1,0,56,8,9,0
32566,1,18,1,4000,21,0,3,0
45177,1,15,1,0,7,0,9,0
8714,2,4,1,3406,20,0,5,0
19332,2,10,1,3719,17,1,6,0
43290,1,19,1,5367,8,30,18,0
4192,1,44,2,8000,17,3,7,0
22753,1,39,1,363,39,7,5,0
16175,1,39,1,13354,69,0,19,0
19873,2,48,1,26622,27,1,42,1
26993,2,35,1,0,13,0,6,0
40836,1,30,1,3000,12,10,2,0
32454,1,6,1,4008,38,14,19,0
12287,1,44,1,11000,7,17,10,0
16963,2,5,1,0,25,0,13,0
45469,2,49,1,2984,6,12,21,0
22061,1,48,1,5000,27,0,4,0
17073,2,6,1,6000,18,5,5,0
40164,2,5,1,0,40,28,15,0
8344,2,41,1,4000,47,26,3,0
5961,1,49,1,8000,33,11,7,0
40138,1,5,1,4000,25,2,3,0
34913,2,33,1,7000,38,0,6,0
3854,1,24,1,6386,26,5,13,0
48971,2,11,1,5000,12,12,4,0
22708,2,23,1,3000,47,1,2,0
8742,1,46,1,0,26,0,13,0
47690,1,15,1,9,14,12,5,0
23095,2,25,1,4000,4,1,3,0
34360,1,23,1,0,6,0,20,0
39434,1,32,1,259,10,0,17,0
45806,2,49,1,1120,8,7,4,0
45853,1,35,1,722,94,0,9,0
43892,1,44,1,3686,10,0,16,0
724,2,44,2,787,31,0,5,0
12325,1,44,1,4000,36,7,3,0
30340,2,39,1,7000,100,14,6,1
24749,1,33,1,4208,12,9,7,0
5173,1,19,1,1828,13,0,8,0
42367,1,38,1,4000,11,6,3,0
28923,1,23,1,6037,26,0,11,0
2296,1,23,1,4000,5,0,3,0
17589,1,44,1,589,8,0,8,0
42033,2,46,1,10216,13,7,27,1
4641,1,39,1,6781,23,0,14,0
45671,2,34,1,5390,3,0,6,0
38428,2,17,1,0,12,0,9,0
47215,2,23,1,7000,31,0,6,0
22781,1,36,1,6632,16,0,16,0
5571,1,24,1,1797,11,0,25,0
31289,1,35,1,3000,1,0,2,0
40831,1,35,1,6000,8,0,5,0
22820,2,35,1,27,75,1,8,0
41078,1,41,1,0,100,8,4,0
41962,1,10,1,4000,13,0,3,0
46030,1,44,1,0,29,0,20,0
39997,1,24,1,0,7,0,3,0
31244,2,35,1,4000,28,0,3,0
13175,1,35,1,7000,13,15,6,0
6503,1,39,1,0,29,3,3,0
30326,1,33,1,5000,19,4,4,0
21881,1,35,1,0,7,1,11,0
5079,2,34,1,5535,32,5,12,0
16988,1,44,1,6014,1,0,9,0
43085,1,10,1,7000,25,7,6,0
22154,2,5,1,6000,4,0,5,0
24061,1,35,1,5000,8,9,4,0
28846,2,36,1,6367,16,0,8,0
35118,1,5,1,4370,10,0,7,0
19432,1,29,1,0,36,0,2,0
21325,1,32,1,12000,11,0,11,0
24540,2,38,1,6000,75,3,5,0
31303,1,35,1,6133,34,10,19,0
14101,1,5,1,3000,54,0,2,0
3778,1,30,1,0,5,4,30,0
4975,1,19,1,1200,46,3,7,0
432,1,7,1,0,49,0,3,0
34961,1,25,1,6437,30,5,15,0
49174,1,45,1,0,33,6,9,0
33007,2,48,1,3000,28,0,2,0
20784,1,49,1,0,12,0,4,0
25141,1,10,1,6000,40,2,5,0
8314,2,18,1,5582,3,0,13,0
47503,1,36,1,3000,2,11,2,0
6325,1,11,1,0,11,3,14,0
21221,1,10,2,0,9,0,6,0
42950,1,5,1,0,5,3,3,0
38114,1,34,1,0,3,26,25,0
31758,1,44,1,5000,7,0,4,0
17808,2,10,1,2666,25,0,12,0
25800,1,16,1,0,27,0,4,0
11196,2,21,1,4000,20,0,3,0
30361,1,15,1,3000,25,0,2,0
22998,1,39,1,8000,34,0,7,0
31235,2,35,1,7000,12,19,6,0
11239,2,27,1,0,100,0,14,0
31504,1,25,1,0,9,5,20,0
16891,1,31,1,4000,31,0,3,0
34545,1,25,1,5000,43,0,4,0
35440,2,49,1,0,18,8,16,0
19039,2,5,1,0,28,0,55,0
45408,2,26,1,4000,1,3,3,0
44054,2,41,1,4264,15,1,9,0
34255,2,23,1,0,20,0,8,0
44150,2,15,1,0,24,24,12,0
43187,1,18,1,5000,33,0,4,0
5322,1,21,1,4000,11,0,3,0
27340,1,35,1,0,49,0,25,0
32398,1,10,1,4452,75,0,4,0
30998,1,19,1,0,22,5,3,0
46435,2,5,1,2067,33,2,5,1
747,1,44,1,5000,100,0,4,0
9163,1,44,2,0,94,0,7,0
10629,1,19,1,3000,12,0,2,0
30229,1,50,1,7000,1,0,6,0
30893,1,36,1,2480,5,0,3,0
21894,1,15,1,9964,47,1,13,0
38057,2,25,1,3000,5,0,2,0
49230,2,29,1,10570,6,0,14,0
4706,1,17,1,3378,34,16,3,0
8523,1,39,1,5000,19,0,4,0
32013,1,49,1,1313,40,4,3,0
15412,1,49,1,4000,55,0,3,0
24798,2,24,1,9753,29,0,12,0
11765,1,32,1,0,15,0,13,0
14895,2,25,1,12000,20,2,11,1
39235,2,5,1,6000,64,0,5,0
1556,2,39,1,5000,37,3,4,0
44520,1,44,1,14482,20,10,17,0
12888,1,32,1,0,10,0,3,0
20493,1,5,1,3000,1,0,2,0
27700,2,11,1,10000,6,1,9,0
49360,1,36,2,5424,10,0,21,0
40842,1,48,1,592,5,0,6,0
6514,1,39,1,3000,1,0,2,0
11369,1,10,1,4000,44,0,3,0
45760,1,44,1,5386,26,7,13,0
30157,1,5,1,0,100,4,2,0
20818,1,35,1,0,77,0,4,0
35719,2,35,1,11676,16,0,13,0
1998,2,20,1,4000,18,0,3,0
48803,1,43,1,4000,25,0,3,0
49608,1,15,1,4000,42,0,3,0
40003,1,34,1,3310,40,12,3,0
37735,1,33,1,573,37,0,5,0
14321,1,32,1,4565,45,12,14,0
43355,2,44,1,3859,27,2,7,0
19106,1,7,1,5536,5,4,6,0
9993,1,10,1,0,88,0,2,0
9057,2,5,1,9000,6,2,8,0
36248,1,33,1,5251,100,0,19,0
25692,1,5,1,0,14,4,9,0
22134,1,5,1,0,32,0,3,0
27017,1,43,1,2302,22,2,9,0
39835,1,49,1,264,100,0,3,0
37006,2,10,1,7000,39,3,6,0
1559,2,5,1,13000,9,0,12,0
2579,1,5,1,3497,63,5,3,0
14836,1,5,1,4274,38,0,4,0
5082,2,49,1,6000,12,33,5,0
8202,2,26,1,0,6,0,9,0
17294,1,23,1,3000,4,13,2,0
30191,2,44,1,3897,8,0,7,0
18122,2,29,1,0,27,0,10,0
12323,1,44,1,4394,11,0,9,0
25469,1,46,1,0,69,0,2,0
22364,1,36,1,0,79,0,17,0
19278,2,15,2,3000,4,0,2,0
739,1,15,1,6248,57,1,18,0
24063,2,5,1,3000,33,0,2,0
710,1,13,1,0,36,2,4,0
9465,2,4,1,0,38,0,7,0
36656,2,38,2,6000,6,1,5,0
38306,2,37,1,6000,24,0,5,0
42381,1,13,1,0,40,20,5,0
13126,1,11,1,1768,23,1,2,0
5099,2,44,1,3000,17,0,2,0
47614,2,6,1,3000,25,0,2,0
22823,2,15,1,6000,100,11,5,1
13078,1,19,1,0,21,1,4,0
47426,1,4,2,0,4,0,9,0
11021,1,11,1,4000,32,1,3,0
44342,1,49,1,740,4,0,8,0
3586,1,10,1,10000,6,7,9,0
16888,1,16,1,5108,13,0,22,0
10922,2,29,1,7000,4,10,6,0
9787,1,11,1,0,2,0,13,0
30412,1,22,1,0,17,0,2,0
25246,2,5,1,0,10,0,13,0
1112,1,39,1,8000,31,0,7,0
33560,2,25,1,4000,59,0,3,0
21343,1,10,1,5333,30,0,56,1
11181,2,15,1,0,18,2,16,0
29688,1,48,1,8278,6,17,12,0
11260,2,35,1,4000,3,0,3,0
13378,1,35,2,1368,12,4,2,0
26435,1,5,1,0,71,3,12,0
24238,1,10,1,19037,21,1,28,1
15482,2,5,1,3000,19,0,2,0
36682,1,46,1,1351,38,2,6,0
18393,2,38,1,688,14,5,4,0
27367,1,11,1,0,98,0,17,0
6825,1,50,1,10000,39,8,9,0
30643,1,48,1,10000,6,0,9,0
49946,1,34,1,4000,7,0,3,0
3117,2,35,1,4000,17,0,3,0
25999,1,4,1,3000,8,5,2,0
47476,1,49,1,6000,21,1,5,0
40473,1,36,1,5000,5,0,4,0
16827,2,29,1,0,19,0,9,0
43436,2,39,2,9000,16,12,8,0
32148,1,19,1,0,9,5,5,0
14701,1,39,1,6847,21,0,14,0
6957,2,5,1,1107,3,6,2,0
7106,1,24,1,9274,16,2,32,0
23177,2,10,1,1435,28,0,9,0
33703,2,44,1,4000,3,0,3,0
34314,2,19,1,1937,29,0,7,0
18363,1,5,1,0,23,0,9,0
27842,1,15,1,8000,35,0,7,0
11001,1,11,1,5685,20,0,9,0
31711,1,35,1,0,15,0,21,0
13132,2,19,1,3000,23,0,2,0
19789,1,34,1,7000,7,0,6,0
18650,1,5,1,13075,2,8,23,0
7163,1,16,1,4759,100,23,4,1
25799,2,39,1,4000,97,5,3,0
2530,1,9,1,0,18,0,28,0
29322,1,44,1,0,12,0,9,0
4462,2,18,1,17,1,1,8,0
24390,2,36,1,5000,6,0,4,0
1550,1,11,1,3000,14,2,2,0
43823,1,35,1,6000,7,0,5,0
16317,2,32,1,4139,6,0,11,0
39545,2,46,1,0,7,0,3,0
18339,1,41,1,8000,10,11,7,0
41003,1,5,1,4000,19,0,3,0
4069,2,49,1,3817,40,21,5,0
13326,2,15,1,0,11,0,6,0
40576,1,20,1,5371,100,0,5,0
41945,1,26,1,4000,5,18,3,0
29293,1,4,1,0,37,0,4,0
19546,1,2,1,0,23,60,3,0
34850,2,15,1,3000,9,0,2,0
26932,2,44,1,0,43,2,3,0
43449,1,5,1,5000,33,0,4,0
24500,1,14,1,5092,27,0,5,0
47357,1,5,1,0,24,0,4,0
24638,1,35,1,7000,44,0,6,0
18844,1,2,1,0,34,21,3,0
42337,1,3,1,15000,96,5,14,1
33859,2,33,1,3000,32,0,2,0
14957,1,4,1,3000,55,0,2,0
11880,1,10,1,4920,39,0,14,0
3804,1,37,1,0,12,0,2,0
3567,2,17,1,1591,27,0,4,0
5175,2,2,1,0,12,0,9,0
41650,2,10,1,2649,39,0,4,0
39265,2,15,1,9952,10,8,39,0
20727,1,49,1,5441,25,42,6,0
26828,1,32,1,0,11,2,7,0
25172,1,37,1,6662,22,0,12,0
6708,1,10,1,4000,41,2,3,0
21036,1,14,1,4000,30,3,3,0
463,1,25,1,0,14,0,7,0
18796,1,15,1,2925,55,17,6,0
43088,1,41,1,5000,21,0,4,0
10970,1,29,1,9180,2,0,16,0
37247,1,5,1,5000,21,0,4,0
37243,1,46,1,0,4,3,32,0
6272,1,5,1,1468,4,0,7,0
31085,2,28,2,9000,3,0,8,0
33149,1,10,1,6000,5,6,5,0
10382,2,42,1,8000,3,0,7,0
5247,1,20,1,5000,14,7,4,0
1430,1,5,1,0,3,0,8,0
11769,1,44,1,2771,16,0,5,0
24940,1,41,1,5000,4,0,4,0
44852,1,29,1,0,12,0,2,0
20549,2,5,1,0,24,4,8,0
34,2,20,1,7000,43,2,6,0
47419,1,29,1,0,16,2,27,0
33235,1,6,1,5227,5,3,6,0
41865,2,36,1,2231,100,0,2,0
5234,1,13,1,0,55,0,10,0
23982,1,4,1,4000,15,1,3,0
27821,1,21,1,4000,14,0,3,0
1551,1,10,1,120,76,0,2,0
1889,1,10,1,12000,18,39,11,1
40264,1,31,1,5908,24,8,5,0
10218,1,10,1,6000,9,14,5,0
40087,1,5,1,4000,6,10,3,0
37057,2,18,1,0,26,0,4,0
8671,1,42,1,7925,6,2,7,0
5222,2,44,1,5000,8,0,4,0
9415,1,4,1,6000,29,15,5,0
39260,2,5,1,4000,32,0,3,0
17966,1,36,1,0,23,0,6,0
43183,2,5,1,0,29,0,10,1
15852,1,4,1,0,21,0,5,0
24607,2,24,1,8000,28,9,7,0
43106,1,44,1,2000,60,35,1,0
39714,1,33,1,0,16,0,2,0
13227,1,44,1,0,41,2,4,0
45898,1,21,1,5000,17,1,4,0
44297,1,26,1,6000,24,2,5,0
16027,1,5,1,6000,48,1,5,0
30083,1,21,1,3000,3,5,2,0
2228,1,29,1,0,16,15,4,0
5472,1,35,2,3101,30,34,3,0
48789,2,2,1,0,53,3,20,0
29075,2,3,1,11000,22,0,10,0
17498,1,39,1,9000,48,0,8,0
13915,2,4,1,13187,20,0,13,0
2208,1,32,1,0,8,0,12,0
19622,1,3,1,4000,49,5,3,0
13858,2,46,1,9898,1,0,18,1
35040,2,5,1,4275,8,0,4,0
23215,2,44,1,8000,21,0,7,0
9024,1,10,1,3000,27,0,2,0
32924,1,20,1,6000,28,0,5,0
41282,2,32,1,0,19,1,13,0
47976,1,11,1,0,5,0,11,0
28627,2,23,1,0,25,0,13,0
35472,1,33,1,0,26,0,17,0
6166,2,24,1,12000,37,0,11,0
22880,2,44,1,6242,7,0,17,0
13921,1,32,1,0,5,6,6,0
37491,1,18,1,5650,75,60,8,0
10049,2,46,1,0,84,0,12,0
48638,1,5,1,0,42,15,25,0
19498,1,15,1,6000,42,9,5,0
6455,2,44,1,0,33,0,4,0
6053,2,29,1,6000,17,4,5,0
240,1,19,1,5000,5,2,4,0
617,1,17,1,1816,8,1,7,0
9832,1,5,1,4427,9,6,10,0
13453,1,12,1,0,6,0,5,0
15284,2,5,1,3000,22,0,2,0
8363,2,5,1,6000,43,0,5,0
36589,1,39,1,0,14,0,4,0
3285,1,11,1,4429,2,11,9,0
17193,2,23,1,0,61,0,12,0
27007,2,35,1,2902,45,1,3,0
13109,2,2,1,2348,76,19,6,0
3639,2,5,1,9000,10,0,8,0
32121,1,23,1,4000,15,0,3,0
17824,2,16,1,87,100,8,6,0
37065,2,36,1,0,44,6,30,0
45157,2,5,2,0,19,42,30,0
20541,1,23,1,0,100,0,14,0
37592,1,35,1,4271,13,6,19,0
37387,1,23,1,4692,27,0,7,0
11142,2,20,1,12000,94,0,11,1
29664,1,2,1,3379,3,3,4,0
40841,1,7,1,4000,6,3,3,0
7279,2,38,1,8000,100,0,7,0
30727,1,5,1,0,4,0,2,0
49319,2,5,1,3361,25,1,7,0
30945,1,24,1,0,3,2,3,0
35146,1,33,1,0,19,0,4,0
44,2,11,1,17656,16,3,25,1
35085,1,45,1,0,46,2,4,0
40922,1,11,1,6710,31,0,25,0
27253,1,37,1,4000,32,0,3,0
20817,1,15,1,0,52,0,5,0
27687,1,5,1,5000,6,2,4,0
10138,1,25,1,13524,16,2,20,0
18799,1,34,1,9320,19,0,11,0
30136,2,38,1,4858,48,0,6,0
6701,2,11,1,10385,14,0,15,0
15984,2,44,1,6000,15,0,5,0
40172,1,5,1,3292,10,0,3,0
313,2,16,1,3000,100,0,2,0
42376,2,39,1,285,48,30,10,0
15460,1,12,1,6813,6,27,9,0
36142,1,8,1,0,7,0,15,0
29581,2,25,1,0,34,0,4,0
7877,1,49,1,11410,8,0,20,0
33367,1,44,1,4000,16,0,3,0
31431,1,44,1,1443,16,0,27,0
11643,1,39,1,0,100,0,17,0
11379,2,2,1,4837,24,2,16,0
13518,2,44,1,8000,46,3,7,0
40666,1,44,1,2717,7,10,14,0
11132,1,23,1,0,9,3,11,0
49878,2,16,1,3000,14,1,2,0
26597,2,10,1,9404,29,0,17,0
35768,1,44,1,4000,7,0,3,0
5279,1,10,1,4000,3,0,3,0
14431,1,25,1,0,34,0,4,0
6063,2,15,1,5000,12,13,4,0
5695,2,16,1,0,5,0,4,0
43328,1,32,1,6249,40,0,25,0
8911,1,29,1,3222,38,3,11,0
6761,1,35,1,3713,3,6,3,0
43543,1,36,1,0,55,0,5,0
42626,2,10,1,1030,7,0,4,0
16316,1,23,1,4000,15,0,3,0
39742,1,11,1,0,3,3,2,0
2118,1,3,1,3000,17,4,2,0
15356,2,32,1,5000,4,1,4,0
39988,1,25,1,7889,13,7,32,0
38476,2,15,1,3162,57,0,20,0
4969,1,15,1,3000,8,0,2,0
832,1,10,1,1916,17,24,14,0
33185,1,15,1,4000,51,0,3,0
14181,1,35,1,3848,8,5,5,0
43877,1,36,1,1707,10,0,2,0
8575,2,16,1,7230,78,0,11,0
7987,2,18,1,6000,13,3,5,0
35612,1,43,1,0,17,5,9,0
25929,1,15,1,135,35,0,3,0
1457,1,48,1,6714,49,0,10,0
15588,1,43,1,0,24,2,3,0
19784,1,48,1,6820,39,0,12,0
23969,2,44,1,8550,15,0,9,0
31906,1,44,1,3788,12,0,9,0
35935,2,33,1,3000,15,16,2,0
47547,1,16,1,6000,40,0,5,0
22570,1,4,1,458,15,0,12,0
27733,1,36,1,5000,12,7,4,0
49444,1,44,1,4000,100,1,3,1
575,1,16,1,5624,9,19,6,0
38394,2,44,1,13341,100,0,35,1
26689,1,18,1,2837,18,1,2,0
37044,2,30,1,2139,11,0,4,0
16872,1,38,1,8824,22,0,21,0
7002,1,37,1,0,5,0,7,0
30375,2,35,1,277,9,0,21,0
14007,1,36,1,0,16,3,15,0
5220,1,20,1,8000,46,0,7,0
42454,1,28,1,18256,21,4,36,1
29445,1,44,1,0,100,0,3,0
30492,1,44,1,5162,83,0,16,0
30276,1,43,1,10000,24,0,9,0
18011,1,5,1,4741,32,5,32,0
4331,1,36,1,3261,38,0,66,0
20439,1,18,1,4000,100,0,3,0
10672,1,44,1,6000,9,0,5,0
41998,1,2,1,0,35,0,3,0
48382,2,44,1,3000,13,0,2,0
45379,1,25,1,16842,83,8,16,1
29930,2,35,1,13000,7,3,12,0
25078,1,11,1,0,38,11,3,0
30115,1,16,1,5358,19,0,17,0
5733,1,34,1,6104,7,2,10,0
3989,2,11,1,4000,7,0,3,0
34911,1,11,1,3000,7,3,2,0
2829,1,4,1,4000,48,7,3,0
5227,2,21,1,8000,24,0,7,0
197,1,19,1,3000,64,0,2,0
13659,1,44,1,3000,10,0,2,0
15604,2,49,1,821,6,0,12,0
28128,2,48,1,8677,70,0,26,0
14607,1,39,1,0,3,0,5,0
35816,1,43,1,0,100,8,7,0
26301,2,20,1,2872,55,0,2,0
2726,1,21,1,4000,59,2,3,0
36301,1,5,1,4000,76,0,3,0
20760,1,10,1,6142,2,0,12,0
22097,1,43,1,6949,8,7,7,0
8749,2,15,1,3000,13,4,2,0
34326,2,46,1,0,100,1,5,0
34831,1,11,1,4000,8,12,3,0
6858,2,15,1,7000,47,0,6,0
44018,2,44,1,194,7,0,2,0
25645,1,18,1,0,16,1,6,0
43113,2,44,1,0,6,0,6,0
1782,1,15,1,0,4,1,9,0
31478,1,49,1,7409,21,0,9,0
34028,1,23,1,0,2,3,8,0
2265,2,5,1,1959,9,3,12,0
9144,1,17,1,0,34,0,2,0
23497,1,19,1,2000,6,0,1,0
42644,1,21,1,3351,11,6,6,0
16890,1,29,1,0,24,0,5,0
3531,1,24,1,1290,20,0,19,0
24127,2,5,1,5000,6,0,4,0
17238,1,47,1,0,9,1,4,0
18829,1,41,1,0,23,0,15,0
28839,2,32,1,5000,10,0,4,0
15519,1,40,1,3000,33,0,2,0
2972,2,28,1,19646,15,0,34,1
44581,1,10,1,3000,30,15,2,0
27283,1,36,1,286,49,0,5,0
16660,2,5,1,1369,14,3,8,0
24991,1,15,1,8270,4,2,9,0
16173,1,36,1,4012,10,0,8,0
31951,2,10,1,5000,18,0,4,0
828,1,6,1,5000,59,1,4,0
2449,1,35,1,4000,14,1,3,0
25459,2,36,1,5000,8,0,4,0
48146,2,32,1,0,17,0,2,0
37845,1,5,1,0,100,9,12,0
29762,2,44,1,0,14,2,6,0
23422,1,13,1,8000,5,2,7,0
25726,2,10,1,4000,29,0,3,0
12154,1,44,1,0,24,5,7,0
22054,2,24,1,6000,64,0,5,0
44135,2,37,1,5000,27,0,4,0
22090,2,29,1,0,40,0,2,0
26653,2,6,1,601,42,2,3,0
43350,2,32,1,3368,100,0,16,0
38381,1,35,1,7000,34,2,6,0
17999,1,14,1,0,39,0,3,0
30350,2,26,1,7000,45,3,6,0
16331,2,4,1,3000,34,0,2,0
31007,1,16,1,0,86,0,4,0
42860,1,5,1,4000,2,0,3,0
46691,2,15,1,620,100,0,6,0
29307,2,46,1,2471,47,12,13,0
40742,2,13,1,4000,5,0,3,0
14654,1,38,1,4000,13,0,3,0
14647,2,23,1,4256,100,0,5,0
19864,2,36,1,4000,13,14,3,0
11571,2,36,1,0,65,0,21,0
21056,2,5,1,3000,83,0,2,0
41767,1,7,1,3000,13,0,2,0
7707,2,5,1,3505,26,0,5,0
29926,1,15,1,0,100,12,7,0
30688,1,10,1,8000,30,2,7,0
4777,1,6,1,6591,50,18,28,0
43234,1,44,1,967,50,0,8,0
7175,1,29,1,8864,84,4,15,0
21336,1,18,1,5180,16,0,5,0
26317,1,4,1,0,17,0,3,0
33324,2,14,1,2438,7,0,3,0
47738,2,32,2,2298,13,0,7,0
24744,1,10,1,0,5,60,2,0
34878,2,39,1,3000,24,0,2,0
15319,2,39,1,0,32,0,10,0
845,1,25,1,3000,6,13,2,0
35021,2,15,1,0,32,0,4,0
29821,2,39,1,7000,27,1,6,0
9881,1,36,1,0,36,25,2,0
25376,1,35,1,4231,2,0,4,0
36237,1,23,1,7000,12,0,6,0
9292,2,43,1,3648,48,7,4,0
41478,1,10,1,5841,26,5,9,0
31573,2,7,2,10779,21,4,19,1
40477,2,17,1,4000,35,0,3,0
20418,1,5,1,5000,32,3,4,0
12164,2,10,1,9940,17,15,13,1
33586,2,15,1,4000,26,0,3,0
10082,1,5,1,3000,14,0,2,0
37855,1,2,1,0,55,11,4,0
26588,2,44,1,0,17,5,4,0
40141,2,10,1,2873,5,0,11,0
43376,2,35,1,0,7,0,9,0
3246,1,5,1,6000,19,2,5,0
28250,1,10,1,4000,37,0,3,0
21769,2,33,1,2148,3,0,7,0
10670,1,21,1,3000,9,0,2,0
33669,1,36,1,5817,100,0,5,0
23795,1,39,1,8000,22,14,7,0
10406,2,46,1,5281,16,0,6,0
8115,1,42,1,3000,49,0,2,0
42334,1,10,1,5000,6,14,4,0
11471,2,7,1,10000,31,1,9,0
960,1,29,1,4030,34,0,16,0
619,1,25,1,19000,17,3,18,0
31901,1,29,1,0,9,14,6,0
4309,1,36,1,5000,13,0,4,0
33203,2,5,1,0,9,0,23,0
20085,2,16,1,7600,52,20,8,0
30686,1,11,1,9000,85,0,8,0
4294,1,10,2,3000,21,10,2,0
19462,1,49,1,5316,2,23,19,0
24177,2,44,1,9000,23,0,8,0
35346,2,13,1,4828,22,0,8,0
34266,1,35,1,5000,19,0,4,0
14702,1,13,1,20000,15,5,19,0
49859,1,50,1,0,19,15,3,0
15120,1,4,1,3750,1,0,3,0
30090,1,5,1,5000,23,0,4,0
45908,1,38,1,11000,11,0,10,0
19609,1,20,1,5591,83,18,10,0
12537,1,43,1,0,21,2,2,0
19903,1,29,1,0,32,0,7,0
46113,1,22,1,6000,14,0,5,0
36025,1,11,1,3000,17,2,2,0
28450,1,35,1,5000,49,0,4,0
31528,1,4,1,0,20,0,3,0
35858,2,5,1,6000,7,0,5,0
29544,2,20,2,4000,32,3,3,0
3338,1,10,1,0,25,0,2,0
39076,1,21,1,0,88,0,4,0
23682,1,21,1,6000,61,0,5,0
21503,2,43,2,2000,56,0,1,0
4772,1,48,1,4000,18,1,3,0
40690,1,35,2,10000,19,2,9,0
6400,1,36,1,4000,12,42,3,0
40522,2,44,1,11152,34,0,68,1
48123,1,8,1,0,32,3,7,0
19002,2,39,1,0,62,8,3,0
16923,2,50,1,0,8,0,10,0
40646,1,29,1,0,100,2,3,0
19121,2,10,1,0,14,0,3,0
8893,2,16,1,3000,23,6,2,0
40244,1,21,1,16030,9,19,24,0
755,1,46,1,4000,43,0,3,0
9073,2,27,1,0,13,0,3,0
9408,2,5,1,0,39,1,14,0
48865,1,10,1,1031,14,0,2,0
48653,1,36,1,371,2,2,2,0
34834,1,4,1,11000,87,0,10,1
48522,1,29,1,5276,21,0,32,0
12712,1,49,1,0,42,1,21,0
42579,1,44,1,3000,10,0,2,0
30193,1,25,1,3303,10,0,10,0
24019,1,48,1,3898,49,0,8,0
17090,1,4,1,0,22,0,16,0
28144,1,16,1,8652,25,7,17,0
17346,2,10,1,0,35,0,4,0
42064,1,14,1,16000,3,1,15,0
48397,1,32,1,5196,10,1,25,0
49361,1,26,1,6000,13,0,5,0
27536,1,5,1,3000,6,0,2,0
21092,1,29,1,5228,30,49,13,0
7370,1,35,1,3000,12,0,2,0
40615,2,5,1,2760,5,3,3,0
23967,1,13,1,1132,27,0,4,0
42045,1,44,1,0,17,0,12,0
44622,2,3,1,0,17,24,10,0
15313,1,15,2,1045,6,0,3,0
7810,2,36,1,11289,82,7,47,1
8296,1,2,1,8000,32,0,7,0
39046,1,39,1,3000,11,5,2,0
20004,2,23,1,11000,100,0,10,1
2255,1,5,1,0,26,8,12,0
3404,2,44,1,11000,45,0,10,0
23277,2,6,1,0,24,0,13,0
44664,2,49,1,3000,8,0,2,0
43374,1,46,1,3000,73,5,2,0
555,1,5,1,1065,21,5,2,0
28408,1,37,1,0,33,11,12,0
48263,1,5,1,0,13,0,75,0
35865,1,38,2,0,10,0,5,0
43383,2,21,1,14000,9,0,13,0
14279,1,5,1,4000,3,0,3,0
37691,1,5,1,7000,8,5,6,0
43879,1,32,1,6000,7,5,5,0
18267,1,11,1,10000,24,16,9,0
33443,1,46,1,14000,63,0,13,0
10429,1,49,1,7157,2,9,12,0
17778,1,15,1,3000,25,0,2,0
7760,1,4,1,5242,11,0,13,0
29304,1,19,1,12389,10,30,12,1
6871,1,36,1,10000,32,0,9,0
37198,1,44,1,0,31,5,8,0
5042,1,22,1,12000,30,22,11,0
23846,2,20,1,3000,41,0,2,0
40826,2,44,1,5000,12,0,4,0
5883,1,38,1,3000,18,0,2,0
8736,1,32,1,4724,9,25,23,0
12355,1,34,1,8378,15,0,9,0
5174,1,42,1,6000,66,1,5,0
45724,1,36,1,3739,14,0,5,0
37909,2,36,1,3000,37,0,2,0
49575,1,44,1,4643,40,0,14,0
45645,1,17,1,4000,8,0,3,0
36519,1,10,1,2431,18,0,13,0
45377,2,4,1,6232,20,5,6,0
22047,1,27,1,10369,11,8,23,0
19973,1,20,1,5685,18,0,17,0
39240,1,2,1,9000,90,0,8,0
17687,2,29,1,11545,6,0,15,0
1733,1,21,1,12000,44,7,11,0
12918,2,48,1,6000,31,0,5,0
32296,1,4,1,4276,14,0,12,0
12475,1,10,1,0,7,0,13,0
13338,2,25,1,7531,100,0,11,0
14296,2,35,1,0,8,0,28,0
34956,1,5,1,8529,14,0,8,0
35857,1,39,1,6000,100,0,5,0
23781,2,5,1,0,49,0,3,0
48687,2,5,1,13000,26,3,12,1
16493,1,48,1,4000,48,0,3,0
38444,1,34,1,3564,98,0,4,0
10415,2,15,1,4000,35,10,3,0
13025,2,38,1,8439,35,2,16,0
48399,2,24,1,6000,12,0,5,0
15177,1,11,1,0,65,7,4,0
12102,1,5,1,6812,10,0,8,0
42951,2,28,1,3000,10,0,2,0
20960,1,7,1,8625,35,0,25,0
29788,2,5,1,0,20,16,4,0
24616,2,33,1,18797,21,9,24,0
9150,2,35,1,5000,18,3,4,0
987,1,15,1,0,87,0,14,0
13994,2,37,1,2063,26,0,5,0
22987,2,4,1,3616,7,0,11,0
34602,2,23,1,21269,15,0,28,1
794,1,5,1,11000,76,12,10,0
49660,1,11,1,1960,8,5,36,0
41728,2,44,1,7795,13,0,8,0
42870,1,44,1,9997,44,0,9,0
49669,1,48,1,4000,12,1,3,0
13346,1,39,1,6000,22,5,5,0
21031,2,36,1,3105,54,2,13,0
8022,2,5,1,0,32,1,3,0
4922,1,15,1,5000,23,0,4,0
29171,1,23,1,0,13,1,15,0
21542,2,16,1,3000,4,5,2,0
38634,1,5,1,0,16,0,24,0
12161,1,32,1,0,8,0,7,0
35580,1,31,1,2148,31,2,10,0
39827,2,41,1,6000,88,0,5,0
15225,1,10,1,0,31,0,8,0
992,2,5,1,4000,9,0,3,0
23979,2,5,1,3969,22,40,43,1
27344,2,5,1,0,3,0,6,0
9699,1,20,1,0,24,0,8,0
2130,1,33,1,0,22,0,3,0
35013,2,6,1,7000,5,1,6,0
5536,1,5,1,1229,37,1,6,0
30150,1,46,1,11000,8,0,10,0
45820,1,10,1,3840,4,0,7,0
22385,1,23,1,5000,30,0,4,0
26272,1,11,1,6250,1,0,7,0
10092,1,48,1,4748,11,0,19,0
25633,1,23,1,0,3,19,6,0
1890,2,39,1,4000,16,0,3,0
30864,2,33,1,0,18,0,9,0
40055,1,15,1,4000,26,6,3,0
20994,2,35,1,5000,33,10,4,0
25204,1,29,1,2874,35,0,7,0
5638,1,19,1,182,13,20,5,0
11485,1,34,1,14522,51,20,15,0
2234,1,16,1,3000,17,0,2,0
5019,1,20,1,873,51,0,9,0
20118,2,36,1,3000,23,4,2,0
37815,1,36,1,5820,16,0,10,0
8014,1,2,1,0,37,0,3,0
48825,1,36,1,8000,12,0,7,0
32678,1,38,1,2503,20,0,3,0
38026,1,25,1,12256,100,0,15,1
5668,1,32,1,0,6,0,3,0
11257,2,5,1,9953,4,15,10,0
28239,2,5,1,9510,15,1,18,0
48912,1,4,1,2513,78,0,40,1
17169,1,5,1,2745,5,13,4,0
13817,2,11,1,3583,100,8,20,1
27556,2,20,1,3896,18,0,8,0
2975,2,23,1,12000,22,0,11,0
23721,1,24,1,4379,86,0,11,0
26188,1,5,2,11000,23,3,10,0
1338,1,44,2,376,4,1,3,0
33331,2,36,1,0,9,5,24,0
49307,1,44,1,0,16,0,2,0
49180,1,44,1,0,4,0,29,0
24335,2,24,1,0,33,14,6,0
12251,1,10,1,6000,9,0,5,0
27897,1,46,1,2000,27,0,1,0
11943,1,49,1,5000,8,0,4,0
44694,2,23,1,6000,11,36,5,0
38841,2,39,1,2500,2,0,3,0
39844,1,29,1,6000,27,0,5,0
36149,2,39,1,0,34,0,7,0
25622,1,43,1,0,28,11,3,0
6595,2,5,1,0,2,0,1,0
1597,2,18,1,6000,8,0,5,0
4811,1,5,1,2890,76,0,41,1
7476,1,29,1,14000,75,4,13,1
31815,1,39,1,7165,87,0,7,0
38352,1,39,1,0,24,0,4,0
44908,1,20,1,0,29,4,36,0
46134,2,6,1,1815,20,0,5,0
1718,1,34,1,12090,23,20,18,0
17897,2,25,2,1379,8,0,14,0
4022,1,44,1,6124,17,1,22,0
952,1,17,1,0,5,0,7,0
1447,1,5,1,7484,16,1,8,0
15918,1,36,1,4000,33,9,3,0
12442,2,44,1,6000,11,1,5,0
30328,1,10,1,6000,8,2,5,0
4228,2,5,1,7312,73,0,9,1
4307,1,44,1,6221,8,0,7,0
38677,1,10,1,3000,100,0,2,0
2181,1,15,1,1438,100,25,11,0
27085,1,43,1,10000,6,0,9,0
28042,1,35,1,3061,6,3,18,0
17965,1,26,1,6000,8,2,5,0
7250,2,29,1,0,55,0,4,0
7251,1,29,1,0,35,0,2,0
20443,1,23,1,8022,8,0,10,0
43861,2,48,1,5065,19,0,6,0
8399,1,38,1,0,92,0,3,0
4956,1,15,1,4000,44,2,3,0
29578,2,35,1,0,95,0,4,0
34373,2,29,1,5743,100,0,6,0
24209,1,41,1,26748,9,7,35,1
22431,1,44,1,1053,11,12,4,0
48705,1,20,1,4000,100,11,3,0
31930,1,5,1,5000,12,0,4,0
23456,1,44,2,1673,30,0,4,0
780,1,10,1,5401,15,0,17,0
16511,2,46,1,8000,3,4,7,0
49496,1,5,1,671,14,0,7,0
17456,2,36,1,1643,8,4,7,0
29967,1,24,1,0,71,0,3,0
10654,1,41,1,12000,38,0,11,0
38018,1,15,1,9739,13,0,14,0
47618,1,23,1,3709,7,0,19,0
45200,1,23,1,0,77,20,7,0
33978,1,29,1,0,13,0,7,0
49807,2,18,1,4909,12,0,4,0
41249,1,43,1,2021,30,0,7,0
8476,1,3,1,8000,3,0,7,0
23377,1,10,1,0,1,0,2,0
16850,1,36,1,0,43,9,11,0
47986,2,20,1,2974,10,24,4,0
47250,1,5,1,4000,13,4,3,0
38117,1,4,1,12573,80,0,14,0
23993,1,39,1,3774,100,12,6,0
48677,1,39,1,3000,8,0,2,0
31118,2,46,1,6000,27,34,5,0
10174,1,35,1,0,28,0,4,0
48783,1,10,1,0,100,0,8,0
35804,2,19,1,7000,2,0,6,0
7794,1,5,1,7929,68,7,7,1
38128,2,20,1,0,100,0,12,0
978,1,36,1,0,20,6,11,0
31278,2,14,1,9600,13,0,9,0
39317,2,7,1,7722,8,1,45,0
49079,1,5,1,6601,10,0,18,0
39309,1,15,1,8000,10,19,7,0
27480,2,35,1,6313,52,4,7,0
16496,2,46,1,0,22,8,15,0
12526,1,44,1,5205,9,0,6,0
48802,2,36,1,2452,100,0,73,1
42901,2,35,1,4000,10,1,3,0
30320,1,20,1,6000,100,1,5,0
29212,1,16,1,5000,48,2,4,0
48300,1,48,1,0,16,5,2,0
35606,1,4,1,6968,20,0,9,0
2441,2,10,1,5000,9,13,4,0
10476,2,21,1,5350,23,1,7,0
22966,2,5,1,283,11,0,2,0
35242,2,15,1,6809,42,0,37,0
13315,1,35,1,0,64,12,21,0
30552,1,7,1,7000,2,0,6,0
28321,1,49,1,10864,13,3,33,0
22350,2,36,1,6000,22,12,5,0
30557,1,44,1,5000,11,11,4,0
9743,1,44,1,5000,24,0,4,0
9592,2,12,1,7947,24,0,18,0
15507,2,5,1,2530,8,1,4,0
33850,2,10,1,239,50,0,63,1
13620,1,21,1,6000,22,6,5,0
20130,2,24,1,0,58,0,10,0
17055,1,11,1,7405,7,0,12,0
34032,2,43,1,3000,2,8,2,0
34540,1,5,1,4812,23,1,4,0
39903,1,10,1,5000,6,0,4,0
39469,1,25,1,3000,18,0,2,0
44247,2,29,2,4000,52,4,3,0
39929,1,44,1,6000,10,1,5,0
23288,2,33,1,0,5,0,22,0
14967,1,10,1,0,12,0,3,0
24581,1,7,1,0,17,0,6,0
47737,1,11,1,6000,8,0,5,0
10679,1,10,1,0,20,0,11,0
33860,2,39,1,1092,13,0,5,0
19032,2,35,1,3000,17,0,2,0
3762,2,12,1,3000,6,43,2,0
11452,1,29,1,4159,3,0,4,0
135,2,35,2,2507,10,0,3,0
22378,1,35,1,0,6,7,9,0
2364,1,15,1,4766,22,0,6,0
242,1,24,1,3000,18,0,2,0
27443,2,46,1,0,4,0,19,0
29734,2,5,1,0,32,0,12,0
41468,2,10,1,0,7,2,13,0
32737,1,15,1,3394,65,0,5,0
47936,1,41,1,0,70,0,15,0
34944,1,4,1,6000,16,0,5,0
4784,1,2,1,3000,21,0,2,0
49483,2,5,1,4347,98,31,13,1
44099,1,38,1,0,22,0,11,0
44023,1,32,1,5000,21,0,4,0
13811,1,5,1,0,10,15,7,0
48616,1,41,1,8297,12,0,9,0
10160,1,48,1,50,20,0,9,0
49772,1,46,1,3729,12,5,6,0
14857,1,48,1,17539,19,0,26,1
47932,1,24,1,4000,39,0,3,0
32761,1,10,1,0,5,0,3,0
6026,2,5,1,2000,19,0,1,0
22240,1,38,1,3110,18,0,3,0
33779,1,24,1,0,42,6,18,0
24696,2,25,1,0,19,3,6,0
47901,1,16,1,0,7,0,23,0
35982,1,25,1,4000,16,0,3,0
37537,1,6,1,2520,86,3,3,0
31516,2,35,1,7000,29,12,6,0
43492,1,11,1,7490,3,0,26,0
38132,2,49,1,7000,32,0,6,0
26545,1,32,1,7000,100,0,6,0
28567,1,39,1,0,100,18,7,0
32365,2,36,1,12608,33,0,38,0
21529,1,5,1,2323,13,0,4,0
48042,1,44,1,13312,16,2,35,1
23882,1,5,1,6256,30,23,10,0
539,1,39,1,6000,39,0,5,0
10669,1,46,1,4000,3,2,3,0
4880,2,46,1,1992,23,2,4,0
7579,2,6,1,6000,16,0,5,0
40982,1,29,1,3386,40,4,3,0
29533,2,10,1,1061,4,0,7,0
31208,1,24,1,0,9,1,2,0
9170,2,43,1,0,45,0,9,0
45754,1,36,1,4876,19,6,5,0
29668,1,30,1,0,26,0,15,0
31036,1,5,1,0,1,7,12,0
11544,2,29,1,3000,62,0,2,0
24577,1,5,1,0,28,0,46,0
31595,1,5,1,9951,20,1,23,0
27424,2,5,1,0,38,0,4,0
48747,1,46,1,0,39,0,51,0
41423,1,30,2,0,15,0,3,0
22711,1,41,1,3000,76,0,2,0
46922,1,36,1,8707,7,14,17,0
30490,1,23,1,1671,22,0,5,0
22231,1,26,1,4516,6,7,8,0
30311,1,13,1,9344,17,4,9,0
14495,1,25,1,0,16,0,3,0
4400,1,5,1,10000,29,6,9,0
47718,1,39,1,1822,10,0,5,0
47511,2,32,1,3674,13,2,10,0
37016,2,5,1,2318,13,0,3,0
25854,1,10,1,6000,11,6,5,0
36942,2,15,2,13000,14,0,12,0
11659,2,44,1,5000,59,3,4,0
42503,2,5,1,9000,70,0,8,0
32867,1,35,1,5000,9,4,4,0
28786,2,19,1,7292,47,13,11,0
44382,1,49,1,144,38,0,4,0
20581,1,16,1,5000,100,8,4,0
2399,2,4,1,1201,8,6,8,0
12065,1,10,1,0,37,33,4,0
4381,1,44,1,6005,27,11,15,0
14941,1,13,1,1415,12,0,4,0
35133,2,46,1,8708,10,8,8,0
33476,2,44,1,3955,5,0,8,0
13469,2,29,1,8307,12,0,9,0
41305,1,48,1,7000,18,1,6,0
14001,1,20,1,0,100,0,8,0
37936,1,39,1,9000,17,1,8,0
14126,2,5,1,6000,17,0,5,0
14217,1,21,2,0,21,0,5,0
22519,1,35,1,10000,7,0,9,0
1190,2,36,1,10629,54,0,14,0
18445,1,11,1,4000,25,5,3,0
20419,1,35,1,9227,24,4,11,0
16333,2,29,1,0,13,0,4,0
928,1,35,1,4000,11,0,3,0
44754,1,19,1,0,7,2,5,0
29222,1,50,1,3000,7,0,2,0
17314,1,24,1,1251,34,0,2,0
49872,1,5,1,0,11,0,4,0
8328,1,25,1,10000,1,0,9,0
46490,2,49,1,1483,100,0,3,0
37127,1,18,1,0,100,0,2,0
18069,1,46,1,7000,37,13,6,0
43830,1,44,1,9662,2,0,32,0
33356,1,39,2,0,100,11,6,0
25904,2,25,1,1378,22,0,4,0
14803,2,49,1,5000,21,2,4,0
16917,1,6,1,15431,20,15,16,0
46625,1,50,1,5188,37,4,8,0
34534,2,35,1,1474,7,3,2,0
17968,1,35,1,5108,7,0,29,0
1,1,35,1,3000,4,14,2,0
4197,1,33,1,0,21,1,17,0
34808,2,10,1,0,80,0,2,0
13947,1,23,1,5542,19,0,5,0
36540,1,32,1,4000,100,2,3,0
15522,1,44,1,3810,100,0,5,0
29623,2,5,2,7000,100,0,6,0
49161,1,10,1,6564,14,0,69,1
17399,1,15,1,4000,4,0,3,0
21255,1,46,1,3000,9,0,2,0
29122,1,10,1,12176,100,20,54,1
28510,1,1,1,6000,43,0,5,0
14501,1,32,1,0,9,31,3,0
34707,2,32,1,5012,45,0,12,0
47158,2,44,1,356,34,0,15,0
35739,1,49,1,6252,32,0,14,0
28383,2,2,1,0,11,7,2,0
9903,1,5,1,8000,27,0,7,0
49028,2,29,1,5352,63,0,25,0
27338,1,44,1,6078,10,0,17,0
43622,2,5,1,0,16,0,26,0
12316,2,17,1,0,74,0,7,0
21959,1,5,1,0,20,0,3,0
45258,1,5,1,0,42,0,1,0
28586,1,36,1,6166,20,0,6,0
48026,1,24,1,3000,37,0,2,0
13842,2,44,1,6000,16,0,5,0
11057,1,24,1,6000,100,14,5,0
49461,1,10,1,0,11,0,7,0
45327,1,16,1,0,71,0,3,0
34688,1,35,1,0,26,13,28,0
32777,2,15,1,4000,73,0,3,0
38425,2,29,1,0,25,11,5,0
47346,2,43,1,0,20,7,15,0
45707,1,26,1,4666,14,0,8,0
3998,2,44,1,21649,6,10,37,1
3835,1,41,1,8000,15,0,7,0
32769,1,35,1,0,27,0,4,0
48593,1,5,1,8000,56,0,7,0
31419,1,20,1,0,12,5,7,0
4529,2,25,1,14894,76,0,44,1
27771,1,5,1,7000,12,26,6,0
30231,1,29,1,9000,20,9,8,0
4093,1,10,1,0,62,0,14,0
409,2,36,1,2663,5,0,16,0
18304,1,46,1,3014,6,0,7,0
24378,1,48,1,4000,43,11,3,0
10254,2,24,1,0,83,13,3,0
42925,1,3,1,4000,9,0,3,0
42902,1,36,1,5000,20,3,4,0
18592,1,7,1,3865,10,1,7,0
13259,1,27,1,7472,16,5,8,0
38185,2,23,1,721,100,0,2,0
8586,2,3,1,0,16,0,10,0
3227,2,33,1,0,16,0,6,0
9060,2,2,1,5000,7,0,4,0
47086,2,16,1,1391,14,0,4,0
6482,1,15,1,2000,9,0,1,0
19757,2,36,1,7000,27,0,6,0
17891,1,2,1,19890,100,2,19,1
40010,1,44,1,0,17,0,4,0
4769,1,43,1,5000,10,0,4,0
39776,2,35,1,3985,6,1,10,0
35874,1,5,1,0,4,0,34,0
8842,1,30,1,3455,35,0,12,0
45317,1,39,1,3000,6,0,2,0
39706,1,43,1,753,8,0,12,0
24739,1,19,1,6000,31,14,5,0
24240,2,5,1,7000,61,12,6,0
37924,1,29,1,3000,3,1,2,0
31752,1,5,2,0,20,60,9,0
44891,1,35,1,6000,2,0,5,0
10136,1,46,1,0,13,0,2,0
44569,1,21,1,13000,12,15,12,0
4944,1,7,1,424,24,0,16,0
37356,1,15,1,3000,23,0,2,0
10969,1,21,1,9000,14,8,8,0
15020,1,10,1,11000,7,0,10,0
34322,2,46,1,360,100,0,2,0
36038,2,10,1,3000,22,0,2,0
11060,2,23,1,0,19,0,7,0
20878,1,15,1,0,20,0,3,0
12609,1,29,1,0,100,2,36,0
5642,1,23,1,2810,25,0,5,0
35784,2,18,1,5000,7,13,4,0
49315,1,44,1,6000,36,17,5,0
12386,2,18,1,10000,100,2,9,1
11287,2,35,1,3216,47,0,14,0
33425,1,44,1,4536,17,0,4,0
36282,2,23,1,0,27,25,14,0
28330,1,16,1,4000,25,0,3,0
48051,1,5,1,0,77,0,7,0
49648,1,38,1,9000,4,0,8,0
826,2,10,1,0,3,3,8,0
12144,2,35,1,16,10,25,3,0
8601,1,35,1,1051,5,0,5,0
21786,1,5,1,0,3,0,2,0
31608,2,5,1,0,6,0,26,0
39957,1,37,1,0,50,9,8,0
8500,1,15,1,0,6,3,2,0
28665,1,23,1,0,51,0,2,0
35618,1,5,2,441,8,0,19,0
40317,1,5,1,8000,21,21,7,0
11894,1,39,1,1088,27,0,4,0
39188,1,35,1,5000,17,9,4,0
2488,2,24,1,356,5,1,15,0
41399,1,15,1,1191,25,4,2,0
35650,1,7,1,5000,20,2,4,0
14852,1,11,1,2961,36,0,7,0
14122,2,44,1,0,9,10,4,0
39178,1,33,1,1360,54,3,5,0
7420,1,24,1,4000,100,0,3,0
36417,2,2,1,3580,55,3,4,0
48549,1,43,1,3491,16,25,4,0
19014,2,24,1,2836,20,0,6,0
10875,1,15,1,7898,15,5,16,1
40930,1,23,1,4000,9,1,3,0
3040,1,44,1,0,35,0,5,0
43281,2,11,1,0,3,0,4,0
22455,2,21,1,0,40,4,8,0
29129,1,23,1,0,38,3,6,0
14849,2,1,1,5000,18,22,4,0
39961,2,24,1,1018,21,0,7,0
4891,2,17,1,3383,22,1,8,0
20762,2,20,1,5000,18,7,4,0
29839,1,35,1,0,4,0,5,0
5641,1,49,1,5000,68,11,4,0
6070,2,34,1,0,13,14,9,0
39550,1,23,1,1992,1,6,6,0
15775,1,26,1,3000,44,6,2,0
5293,1,12,1,1619,15,7,9,0
19275,1,12,1,2636,15,0,28,0
24495,1,36,1,7000,2,10,6,0
43251,1,20,1,0,29,0,30,0
49930,1,11,1,7000,4,0,6,0
30425,1,37,1,5258,100,0,16,0
40441,1,29,1,0,39,0,7,0
16831,1,5,1,6477,14,0,12,0
11998,1,10,1,532,18,10,15,0
9683,2,44,1,0,5,1,5,0
33429,1,32,1,14062,32,45,17,1
919,1,4,1,7000,7,0,6,0
8094,1,24,1,1995,23,0,6,0
49831,2,41,1,6262,34,0,6,0
30786,1,16,1,0,10,0,4,0
27020,1,6,1,1745,15,0,6,0
45968,1,36,1,4000,40,0,3,0
8261,1,36,1,0,5,0,9,0
23340,2,49,1,0,10,0,3,0
15248,2,32,1,9600,28,0,30,0
21744,2,29,1,3823,30,0,15,0
13775,1,6,1,7009,37,0,9,0
47219,2,5,1,14220,38,0,16,0
17531,2,2,1,0,31,0,5,0
4411,1,35,1,0,13,0,14,0
43311,1,46,1,4000,67,49,3,0
46497,1,5,1,4000,8,0,3,0
45539,1,28,1,5000,17,0,4,0
21969,1,35,1,13000,54,9,12,0
17838,1,16,1,3866,35,8,7,0
26675,1,36,2,10085,22,1,16,0
38799,2,5,1,0,27,0,10,0
24573,1,5,1,4504,5,0,7,0
49907,1,32,1,5000,7,6,4,0
41195,2,35,1,1896,12,28,3,0
38288,1,2,1,9000,3,1,8,0
31992,1,39,1,0,28,0,4,0
5524,1,4,1,11000,6,0,10,0
22465,1,44,1,5708,10,20,5,0
27188,2,4,1,14975,17,0,38,1
32256,1,34,2,7000,60,0,6,0
5639,1,23,1,308,20,0,10,0
48562,1,44,1,2613,8,0,10,0
30840,2,46,1,8000,26,0,7,0
44829,1,41,1,6000,100,0,5,0
6743,1,44,1,15583,2,0,23,0
11959,2,35,1,5000,10,9,4,0
32952,2,3,1,4000,96,0,3,0
25755,1,41,1,3000,5,3,2,0
15611,1,41,1,644,62,0,8,0
43969,1,24,1,6597,100,0,13,0
26681,2,15,1,9303,41,2,25,1
8591,1,5,1,3000,8,0,2,0
47149,2,24,1,0,45,0,5,0
10572,2,27,2,0,9,28,4,0
21871,1,5,1,6401,44,11,6,0
18225,2,47,1,11784,49,0,21,0
38765,2,36,1,0,33,0,4,0
27628,1,5,1,4000,29,0,3,0
15666,1,48,1,0,17,0,5,0
40716,1,29,1,12079,18,20,19,1
5180,1,12,1,4252,11,3,4,0
345,2,26,1,0,39,0,3,0
6703,1,31,1,8000,11,25,15,0
12643,1,44,1,14000,53,0,13,1
29847,1,44,1,5000,9,0,4,0
45783,2,5,1,3000,4,0,2,0
19287,1,11,1,5260,9,0,11,0
31439,1,1,1,4339,49,7,4,0
9264,1,29,1,0,23,0,6,0
26408,2,2,1,4000,6,0,3,0
24116,1,25,1,0,61,0,8,0
17699,2,21,1,0,22,0,22,0
24325,2,24,1,3531,6,10,3,0
31539,1,7,1,0,29,31,11,0
31491,1,46,1,7500,93,0,35,1
29986,1,29,1,5166,34,0,9,0
47495,2,44,1,5000,15,2,4,0
16826,1,10,1,3000,11,3,2,0
30075,2,2,1,0,35,0,2,0
19115,1,14,1,10222,12,7,18,0
8083,2,20,1,4000,25,1,3,0
37556,1,23,1,5000,61,0,4,0
29545,1,32,1,5000,82,37,4,0
28596,2,32,1,1105,24,1,38,1
48470,1,17,1,537,13,0,11,0
27496,1,24,1,0,19,0,23,0
16733,1,38,1,7000,4,14,6,0
34654,1,48,1,5000,6,14,4,0
40456,2,4,1,9000,24,3,8,0
44668,1,25,1,0,56,0,11,0
43837,1,36,1,6000,9,1,5,0
38833,1,10,1,3000,3,1,2,0
30530,1,39,1,3043,32,0,27,0
21611,2,20,1,0,3,0,12,0
22041,2,13,1,6000,40,0,5,0
9845,1,10,1,0,10,0,3,0
1025,1,5,1,0,100,1,3,0
47155,2,15,1,0,52,42,4,0
47752,2,46,1,10981,37,0,45,0
18349,1,41,1,1479,36,19,5,0
21888,2,39,1,2294,17,0,8,0
31604,1,39,1,5000,100,0,4,0
26034,1,41,1,3542,13,42,4,0
46237,2,15,1,0,6,27,4,0
2648,1,36,1,0,38,0,7,0
131,1,30,1,7000,27,5,6,0
33336,2,35,1,5000,14,0,4,0
16990,1,38,1,851,14,2,13,0
20778,1,19,1,2643,14,0,5,0
24614,1,43,1,14000,63,4,13,0
3606,2,11,1,0,31,7,20,0
35125,1,29,1,6698,17,0,6,0
20632,2,29,1,2445,1,0,4,0
22345,1,41,1,5000,14,0,4,0
30676,1,44,1,1547,4,9,8,0
31574,1,20,1,0,33,5,5,0
29949,1,2,1,0,73,0,3,0
46674,1,26,1,3000,5,0,2,0
31393,2,29,1,199,12,0,4,0
18046,1,36,1,9000,3,0,8,0
49552,2,35,1,4775,34,12,4,0
28970,1,18,1,0,9,0,6,0
32453,2,5,1,1043,27,0,16,0
20988,2,5,1,11747,4,2,14,0
2956,1,36,1,0,11,4,3,0
1093,2,38,1,3218,33,0,4,0
16330,1,11,1,1969,24,4,4,0
44612,1,5,1,0,16,0,18,0
45119,2,16,1,0,2,11,6,0
21271,2,39,1,0,25,0,32,0
40039,2,5,1,3000,10,0,2,0
5647,1,36,1,8103,100,0,9,1
5086,2,5,1,4072,32,1,6,0
33892,2,39,1,8755,17,28,13,0
711,2,50,1,5000,6,3,4,0
1973,1,15,1,3000,7,5,2,0
12559,1,25,1,3000,100,0,2,0
42175,1,44,1,4000,14,0,3,0
32207,1,46,1,1995,9,0,2,0
25048,2,49,2,8073,9,7,10,0
33748,1,35,1,5000,8,5,4,0
2757,2,36,1,9361,12,0,10,0
32209,1,11,1,7282,13,4,8,0
11982,1,21,1,4020,100,24,9,0
7310,1,32,1,3766,7,0,3,0
16504,1,5,1,5000,50,1,4,0
39738,2,44,1,7000,16,0,6,0
43968,1,44,1,5000,18,0,4,0
21946,2,5,1,607,12,0,10,0
14669,1,6,1,0,40,0,12,0
35305,1,19,1,4000,100,0,3,0
8890,2,41,1,0,30,0,6,0
39622,1,20,1,5000,57,1,4,0
9321,1,19,1,0,19,0,10,0
17806,2,44,1,6188,25,0,6,0
49167,2,39,1,4000,11,0,3,0
9703,2,32,1,1911,17,4,5,0
40648,1,5,1,0,11,13,3,0
5864,1,4,1,0,8,0,20,0
36581,1,36,2,0,13,0,4,0
21380,2,15,1,4000,28,0,3,0
16975,1,23,2,8000,100,15,7,1
24860,1,29,1,4000,66,4,3,0
30126,1,49,1,1590,23,5,3,0
6671,1,36,1,0,15,3,6,0
12218,1,39,1,1276,45,0,52,1
21348,1,23,1,14000,10,0,13,1
30303,1,6,1,9202,20,0,10,0
49776,2,19,1,12000,25,15,11,0
12855,2,35,1,18673,11,0,32,0
34074,2,35,1,8404,81,0,8,0
32293,1,11,1,6000,11,0,5,0
1589,2,15,1,8195,66,0,17,1
12740,2,32,1,0,1,33,3,0
22638,1,10,1,2217,15,14,4,0
23919,2,20,1,4000,100,0,3,0
2376,2,46,1,0,76,5,2,0
21847,1,23,1,6678,3,8,36,0
4047,1,24,1,5363,9,0,34,0
29909,1,11,1,4154,47,0,4,0
15072,1,44,1,9000,30,7,8,0
23842,1,7,1,0,22,0,2,0
41175,2,16,1,0,10,1,2,0
45811,1,32,1,9822,83,0,48,1
29460,2,23,1,4000,13,0,3,0
38609,1,44,1,0,59,1,4,0
1838,1,15,1,7000,100,0,6,0
19266,2,7,1,5535,52,0,7,0
20741,2,39,1,9254,9,0,51,0
32298,2,11,1,2538,7,0,41,0
26996,2,10,1,0,87,0,3,0
35335,2,24,1,0,17,0,69,0
32282,1,39,1,4000,11,3,3,0
20384,2,35,1,671,4,8,10,0
20842,2,5,1,4772,7,1,9,0
44025,2,24,1,0,6,1,2,0
31356,1,36,1,5240,12,1,14,0
44372,2,36,1,1267,77,11,2,0
11572,1,15,1,6476,7,0,13,0
2438,2,5,1,0,100,0,7,0
29336,1,2,1,12000,20,1,11,0
10006,2,10,1,4000,33,0,3,0
40070,1,11,1,8000,76,6,7,0
23893,2,44,1,0,39,60,3,0
4270,2,49,1,4184,36,2,17,0
16198,1,21,1,4000,20,0,3,0
12341,2,18,1,3000,31,5,2,0
9379,1,44,1,5000,9,15,4,0
36394,1,20,1,13000,49,1,12,1
49463,1,35,1,0,26,0,1,0
21004,1,14,1,0,7,2,7,0
23498,2,46,1,9553,17,0,9,0
16028,2,38,1,0,100,0,75,1
1435,2,6,1,3006,7,0,7,0
25425,2,5,1,6000,6,4,5,0
36762,1,43,1,11310,11,1,15,1
4405,2,5,1,5000,17,1,4,0
49327,2,10,1,7626,23,0,7,0
14173,2,15,1,0,19,4,29,0
10227,1,31,1,9896,68,23,12,1
40575,1,44,1,3000,14,0,2,0
46633,1,16,1,0,5,1,3,0
33899,1,39,1,7698,4,0,7,0
31978,1,44,1,3000,16,0,2,0
29038,1,32,1,0,23,0,22,0
3484,1,3,1,1389,59,4,4,0
38852,1,5,1,6000,33,4,5,0
41727,1,13,1,3000,5,0,2,0
1319,2,20,1,4626,9,0,10,0
36911,1,4,1,0,7,2,17,0
36897,2,5,1,6712,10,0,24,0
8378,1,31,1,6000,2,0,5,0
13706,2,41,1,5000,3,0,4,0
20897,1,5,1,4760,27,7,5,0
40302,1,11,1,3000,5,0,2,0
36388,1,26,1,0,4,8,56,0
13497,1,6,1,1569,100,0,29,0
36215,1,4,1,10912,7,23,11,0
9767,1,35,1,4000,29,0,3,0
41855,1,23,1,3000,30,8,2,0
24778,2,4,1,10000,11,1,9,0
16189,1,44,1,10000,50,12,9,0
10765,2,24,1,0,21,11,32,0
24239,2,21,1,0,8,0,11,0
20768,2,26,1,8000,12,0,7,0
23662,2,35,2,0,100,0,16,0
47335,2,5,1,6586,67,0,17,0
27672,1,21,1,8758,12,0,9,0
25841,1,50,1,2265,25,26,5,0
42027,1,2,1,6000,8,0,5,0
15394,1,19,1,0,10,0,7,0
12846,1,11,1,0,19,3,6,0
12646,2,23,1,0,38,10,18,0
43400,2,32,1,0,100,0,5,1
33846,2,5,1,0,72,0,6,0
28234,1,33,1,4125,35,22,25,1
39499,2,33,1,4000,69,8,3,0
48381,2,29,1,7000,14,0,6,0
31192,1,5,1,0,16,4,9,0
17404,1,27,1,7000,8,8,6,0
35162,1,16,1,0,16,0,1,0
46372,1,36,1,15000,3,18,14,0
27060,1,44,1,4000,23,0,3,0
8614,1,35,1,0,43,0,19,0
9930,2,5,1,13000,100,0,12,1
31797,1,5,1,10000,48,0,9,0
46289,2,5,1,0,9,33,4,0
47790,1,23,1,0,10,0,4,0
49382,1,29,1,0,7,6,6,0
38512,1,5,1,0,10,0,2,0
22673,1,36,1,0,55,0,2,0
31374,1,43,1,6000,89,0,5,0
1048,1,4,1,10403,11,10,16,0
36380,1,38,1,9266,2,0,12,0
31701,1,42,1,244,12,0,9,0
27634,2,41,1,4000,2,0,3,0
38178,1,32,1,0,81,0,6,0
7702,1,35,1,1461,1,0,20,0
46729,1,49,1,0,100,1,4,0
11419,1,5,1,1190,8,0,15,0
43128,1,24,1,1138,37,0,2,0
11246,2,3,1,3000,15,0,2,0
2710,1,13,1,7930,56,0,9,0
5495,1,5,1,0,8,6,13,0
13753,1,5,1,15000,75,0,14,1
49932,1,36,1,6151,20,6,17,0
23606,2,5,1,13000,86,0,12,0
22363,1,20,1,1337,45,1,7,0
37131,1,10,1,4000,17,12,3,0
27031,1,35,1,2784,12,0,37,0
8291,1,5,1,2070,9,0,10,0
45651,1,23,1,0,16,11,3,0
44665,1,6,1,6278,7,0,9,0
28869,1,5,1,11815,36,1,14,1
15985,1,5,1,3451,30,0,5,0
22698,1,5,1,0,41,0,14,0
39982,1,46,1,859,14,1,4,0
29435,1,39,1,0,22,0,3,0
34827,2,28,1,0,26,10,10,0
36066,1,22,1,886,100,60,3,1
21167,1,10,1,3723,11,0,18,0
994,2,17,1,8080,24,0,9,0
22109,1,23,1,2387,65,15,5,0
327,1,17,1,0,10,0,4,0
12385,1,35,1,6000,2,1,5,0
43614,1,10,1,0,100,33,10,0
4919,1,5,1,0,31,2,5,0
21288,1,5,1,2384,100,0,4,1
33317,1,15,1,9104,56,0,26,0
36722,2,39,1,4000,13,28,3,0
39632,1,15,2,71,5,16,7,0
12989,2,41,1,5000,100,0,4,0
45473,1,15,1,4000,14,0,3,0
49473,1,44,1,8690,50,0,11,0
24626,1,29,1,7000,12,1,6,0
11628,1,5,1,5000,59,0,4,0
8553,1,15,1,0,49,0,3,0
13928,2,49,1,0,17,0,3,0
32772,2,5,1,4000,3,0,3,0
4336,1,10,1,464,31,0,4,0
18847,2,16,1,7668,46,0,11,0
35310,1,45,1,0,20,0,21,0
10014,2,49,1,5000,5,3,4,0
33957,1,29,1,0,32,0,3,0
21417,1,5,1,10000,15,3,9,0
3125,2,46,1,9000,6,2,8,0
3028,1,35,1,4000,33,12,3,0
13598,2,44,1,3000,79,0,2,0
44447,2,44,1,3000,3,3,2,0
15034,2,2,1,8000,58,21,7,0
42670,2,10,1,5000,44,0,4,0
20030,1,36,1,10000,15,9,9,0
27858,2,44,1,10802,23,0,32,0
5006,2,10,1,4000,60,7,3,0
8887,1,39,1,8000,76,0,7,1
46556,1,44,1,0,17,0,26,0
43346,2,10,1,2317,100,0,6,1
20154,1,36,1,0,11,0,23,0
38668,1,35,1,4000,7,3,3,0
1322,2,29,1,0,86,4,2,0
17136,2,7,1,5266,9,11,6,0
48442,1,19,1,9000,27,18,8,0
45326,2,11,1,4000,41,0,3,0
20334,1,49,1,790,29,0,4,0
32396,1,10,1,0,31,2,2,0
36439,2,5,1,4487,40,1,4,0
12638,1,21,1,0,41,5,4,0
36708,1,5,1,3686,30,2,40,0
8167,2,40,1,13071,42,0,15,1
16424,1,11,1,2000,27,3,1,0
36668,2,17,1,4000,45,0,3,0
46242,2,44,1,4465,23,6,4,0
39604,1,5,1,0,74,0,5,0
39000,1,11,1,7000,66,22,6,0
21660,2,15,1,27543,32,7,28,1
32624,1,26,1,11000,21,0,10,0
49122,2,23,1,4000,3,0,3,0
13273,2,5,1,401,5,1,5,0
33605,2,42,2,7000,14,0,6,0
13601,1,35,1,4000,39,0,3,0
14521,1,49,1,1305,11,7,2,0
11294,2,11,1,2871,12,0,20,0
6780,1,39,1,493,12,0,2,0
41930,1,20,1,3004,29,0,4,0
18960,2,36,1,11000,36,3,10,0
6724,2,48,1,3641,33,0,6,0
29510,2,16,1,3000,58,9,2,0
18671,2,7,1,5101,23,6,5,0
2858,2,31,1,4000,14,0,3,0
11238,1,35,1,0,9,0,6,0
44441,2,35,1,3500,47,0,19,0
31652,2,10,1,5000,36,0,4,0
6481,1,23,1,2568,49,5,20,0
36733,1,39,1,0,12,0,35,0
49011,2,38,1,0,4,13,2,0
17618,1,44,1,6000,11,7,5,0
34023,1,26,1,6720,2,0,6,0
7384,1,32,1,1347,23,0,31,0
28516,1,16,1,0,34,0,3,0
23952,1,39,1,3000,10,0,2,0
20241,2,36,1,13060,9,0,15,0
33825,2,4,1,12000,2,4,11,0
15183,1,43,1,7248,13,0,30,0
35699,1,40,1,2853,8,20,19,0
40430,2,36,1,7000,3,5,6,0
3939,2,44,1,3000,60,0,2,0
25862,1,29,1,13000,70,6,12,0
47107,1,15,2,4000,12,11,3,0
11942,1,48,1,6000,37,0,5,0
3253,2,29,1,0,17,2,17,0
16392,2,35,1,16337,28,0,32,1
48294,1,7,1,6000,4,9,5,0
32406,1,2,1,0,100,0,2,0
36494,2,21,1,3000,87,0,2,0
25752,1,15,1,0,21,11,11,0
1511,1,37,1,4000,8,0,3,0
7730,1,36,1,0,4,27,2,0
40285,2,16,1,2926,7,0,3,0
30863,2,46,1,4723,11,0,11,0
12051,1,18,1,4000,82,6,3,0
30928,2,5,1,2998,30,0,7,0
38209,1,43,1,0,11,5,9,0
15682,1,15,1,2648,22,7,2,0
45862,2,15,1,3167,59,0,13,0
7336,1,35,1,10254,7,0,75,1
10650,2,44,1,0,100,2,14,0
36810,2,44,1,0,100,6,17,1
41050,1,16,1,0,21,0,5,0
25128,1,10,1,2000,37,0,1,0
16276,1,35,1,13000,7,0,12,0
6138,1,41,1,0,27,42,3,0
6934,2,49,1,0,22,0,8,0
13024,1,35,1,12000,18,5,11,0
4190,1,15,1,4000,16,0,3,0
17114,1,39,1,3670,25,0,6,0
28697,1,20,1,3000,37,0,2,0
3526,1,19,1,4956,5,0,4,0
42958,2,36,1,0,35,8,24,0
12761,1,20,1,4469,46,0,5,0
24885,1,18,1,0,49,0,5,0
26211,2,35,1,7000,5,19,6,0
27737,1,5,1,0,63,5,9,0
38445,2,49,1,12718,3,6,28,0
4881,1,46,1,11704,9,0,14,0
15169,1,5,1,0,14,0,2,0
49242,1,35,1,0,44,0,7,0
39318,1,24,1,5744,53,0,6,0
42192,1,15,1,3000,29,18,2,0
15110,2,15,1,8000,25,7,7,0
38095,2,18,1,0,20,0,5,0
40625,2,3,1,3000,8,0,2,0
49426,1,35,1,10094,16,0,13,0
35735,2,5,1,5000,6,0,4,0
41709,1,44,1,3000,39,45,2,0
31177,2,11,1,3923,13,0,12,0
34749,1,48,1,3381,6,1,4,0
24361,2,38,1,4000,3,23,3,0
41277,1,11,1,6477,8,0,8,0
28249,1,45,1,4930,11,0,23,0
6290,1,44,1,0,5,16,10,0
675,2,12,1,6000,33,1,5,0
4340,2,49,1,4081,6,0,27,0
20491,2,5,1,4000,5,2,3,0
14112,1,15,1,15660,14,0,25,0
3827,2,6,1,1246,19,0,4,0
2884,1,5,1,3844,27,0,9,0
25120,2,14,1,0,8,0,6,0
27070,2,35,1,8000,7,0,7,0
8609,1,35,1,8195,17,1,8,0
1515,1,29,1,6687,18,0,9,0
19455,2,32,1,3000,13,0,2,0
45772,2,49,1,0,4,8,14,0
2223,1,1,1,4000,8,0,3,0
7941,1,39,1,5337,2,0,5,0
46064,1,5,1,0,9,0,33,0
20140,2,5,1,4000,64,1,3,0
27999,1,26,1,0,60,5,11,0
7981,2,15,1,5000,6,0,4,0
31506,2,44,1,1240,19,1,2,0
23824,1,49,1,7000,32,0,6,0
20399,2,46,1,9183,27,0,19,0
4059,1,5,1,0,9,0,11,0
5221,1,44,2,8000,51,0,7,0
44333,1,44,1,9067,5,3,20,1
19377,2,6,1,0,7,0,4,0
21926,1,15,2,0,7,0,5,0
36106,2,46,1,0,53,0,5,0
11012,2,46,1,4000,100,0,3,0
49333,1,5,1,5000,23,0,4,0
42480,1,5,1,8419,34,9,9,0
6316,2,38,1,12,97,1,11,0
36280,2,5,1,446,100,10,5,0
4046,1,24,1,4000,18,5,3,0
8830,2,44,1,10145,22,0,20,0
20990,2,36,1,8000,35,1,7,0
6040,1,44,1,17000,63,20,16,1
18805,1,3,1,0,30,2,9,0
31102,2,2,1,8684,58,13,13,1
35707,1,49,1,0,6,0,48,0
9682,2,10,1,6783,9,0,9,0
49103,1,16,1,0,85,3,2,0
10300,2,48,1,0,5,0,2,0
36862,2,5,1,4000,36,0,3,0
42883,1,13,2,5000,11,0,4,0
41647,2,1,1,7000,4,0,6,0
49635,2,9,2,7000,15,20,6,0
39349,1,5,1,7220,19,0,71,0
44737,1,43,1,7441,9,52,8,0
15957,2,39,1,4000,13,2,3,0
17813,2,11,1,734,5,2,13,0
23016,1,44,1,5000,49,0,4,0
44264,2,40,1,2466,83,0,21,0
8987,1,24,1,0,12,1,8,0
25961,1,43,1,452,26,0,18,0
3005,1,5,1,0,10,0,12,0
21968,2,25,1,5000,16,4,4,0
7731,1,49,1,2000,57,14,1,0
19359,1,45,1,0,7,0,33,0
8088,2,6,1,3000,7,0,2,0
11103,2,19,1,4000,43,22,3,0
678,1,20,1,497,49,0,6,0
12099,2,11,1,9000,15,0,8,0
33112,1,38,1,3000,10,0,2,0
6699,1,32,1,4000,46,3,3,0
32015,1,49,1,1296,8,0,6,0
48189,2,35,1,10000,4,0,9,0
36401,2,34,1,0,48,20,2,0
33032,1,39,1,0,47,0,10,0
35100,2,5,2,2429,10,0,5,0
10398,1,10,1,0,22,0,10,0
34392,1,5,1,916,17,12,11,0
7455,1,23,1,4295,4,0,8,0
44573,2,18,1,0,16,0,5,0
8603,2,3,1,3000,10,2,2,0
47805,1,18,2,0,31,0,25,0
32243,1,44,1,7000,5,0,6,0
1724,1,21,1,0,24,0,9,0
13643,2,2,1,4893,100,0,14,0
3590,1,39,1,5000,25,0,4,0
41909,2,39,1,246,55,11,4,0
42007,1,29,1,4000,49,0,3,0
33319,2,35,1,0,16,0,4,0
32192,2,9,1,11000,24,5,10,1
45617,1,21,1,0,56,0,4,0
46398,2,43,1,17755,10,0,24,1
6973,1,23,1,15000,27,0,14,0
24202,1,20,1,0,12,0,16,0
2570,1,48,1,0,23,4,3,0
35357,1,6,1,5640,7,2,75,1
44960,1,37,1,5000,94,0,4,1
26984,1,23,1,0,30,0,7,0
26835,1,26,2,6810,3,8,6,0
43732,2,44,1,7000,8,12,6,0
48165,1,18,1,5000,10,0,4,0
46912,1,8,1,4000,7,0,3,0
3624,1,15,2,0,15,0,8,0
2351,1,32,1,6546,25,2,8,0
38094,1,10,1,3311,30,0,11,0
7538,1,39,1,4746,9,0,9,0
18013,2,43,1,2136,27,0,31,0
27135,1,44,1,5000,4,0,4,0
11675,1,11,1,3000,9,3,2,0
44404,1,35,1,10440,98,0,14,0
48781,2,3,1,1999,100,16,2,0
22009,2,36,1,2581,77,0,4,0
25779,1,45,1,0,4,0,2,0
22501,2,44,1,7918,29,10,7,0
20088,2,23,1,6000,6,0,5,0
36077,1,36,1,7931,3,10,8,0
6556,1,11,1,0,40,0,2,0
38134,1,11,2,11870,54,1,18,1
11855,1,5,1,6778,10,17,7,0
35505,2,11,1,4000,9,5,3,0
31785,1,10,1,5000,5,0,4,0
19389,1,37,1,0,25,0,5,0
38722,1,35,1,167,8,18,4,0
21048,1,39,1,7000,17,0,6,0
39919,1,5,1,5000,67,0,4,0
733,1,44,1,0,18,0,12,0
29449,1,23,1,4000,82,4,3,0
30856,1,15,1,8320,50,0,9,0
7850,2,18,1,1472,75,0,6,0
14715,1,48,1,5222,7,0,6,0
31598,1,10,1,7248,60,12,30,0
11841,1,5,1,4000,5,0,3,0
38646,2,35,1,4000,73,0,3,0
11989,2,5,1,3000,9,19,2,0
44868,2,44,1,2857,18,0,8,0
2110,1,17,1,0,100,0,10,0
13197,1,5,1,4660,29,6,7,0
47707,2,48,1,0,100,2,9,0
45693,2,23,1,214,13,0,2,0
2055,1,23,1,4031,32,2,7,0
1058,1,39,1,6000,4,0,5,0
33607,1,15,1,2836,50,0,8,0
46065,1,5,1,3665,26,0,6,0
32675,2,2,1,2206,7,5,4,0
34649,1,10,1,0,55,5,10,0
3807,2,15,1,3305,38,0,4,0
30635,1,44,1,0,39,0,15,0
2076,1,35,1,0,55,0,5,0
43990,1,35,1,5888,6,43,7,0
12422,2,10,1,3000,25,11,2,0
28677,2,10,1,0,43,12,11,0
32946,2,10,1,6000,3,0,5,0
21604,2,41,1,0,8,8,3,0
38484,2,45,1,0,22,8,5,0
39116,2,49,1,14000,40,41,13,0
42129,1,15,1,5000,4,1,4,0
28552,1,40,1,3000,30,0,2,0
4563,2,23,1,0,59,0,2,0
2684,2,36,1,0,100,0,18,0
39817,1,11,1,2633,92,14,2,0
35649,1,50,1,2685,9,0,3,0
2282,2,33,1,6000,30,0,5,0
44073,2,15,1,838,12,0,5,0
9842,1,5,1,0,2,13,8,0
20984,1,50,1,0,17,28,2,0
18660,1,37,1,0,8,1,13,0
39830,2,7,1,14000,5,3,13,0
70,1,5,1,3490,29,0,4,0
2196,2,45,1,7000,8,0,6,0
19858,1,23,1,13000,2,1,12,0
11421,1,5,1,0,18,0,11,0
9852,2,10,1,0,31,0,4,0
34849,2,30,1,0,7,0,31,0
4004,1,44,1,0,6,0,14,0
28872,1,5,1,6000,7,13,5,0
21491,2,39,1,1671,100,0,13,0
35392,2,26,1,4000,5,8,3,0
6663,1,44,1,5000,4,0,4,0
41716,1,22,1,5000,41,0,4,0
15231,1,44,1,5970,100,2,15,0
15036,1,5,1,0,8,16,32,0
25125,1,3,1,4000,3,0,3,0
30043,1,44,1,4000,28,0,3,0
44530,1,46,1,129,22,0,3,0
5509,1,11,1,8000,23,8,7,1
5512,1,23,1,0,7,13,23,0
29683,2,49,1,5073,13,0,13,0
13729,1,5,1,3000,21,1,2,0
42133,1,5,2,4739,23,0,7,0
25943,1,39,1,6728,100,0,6,0
43697,1,29,1,9000,40,0,8,0
243,1,29,1,5000,1,8,4,0
11648,2,34,1,5000,19,0,4,0
19635,1,10,1,4000,12,0,3,0
39086,2,18,1,19721,15,1,22,0
18271,1,26,1,5109,12,20,17,0
14668,1,15,1,2063,6,0,2,0
31,1,29,1,0,23,0,4,0
43506,1,7,1,673,10,0,12,0
10956,2,32,1,18655,13,49,34,1
27859,1,35,1,7000,69,0,6,0
34574,2,20,1,6044,34,11,6,0
32404,2,49,1,6365,17,0,9,0
41635,2,29,1,0,8,6,10,0
12046,1,32,1,1548,75,0,13,0
11617,1,32,1,804,10,5,4,0
22600,2,30,1,17638,22,0,29,0
20356,1,37,1,4000,32,1,3,0
13456,2,17,1,14027,6,0,20,0
28849,1,10,1,6179,29,4,7,0
18340,2,20,1,0,54,12,19,0
47226,1,47,1,2000,7,12,1,0
6912,2,13,1,3000,8,0,2,0
27557,1,44,1,6000,89,0,5,0
13826,1,46,1,0,10,0,6,0
47084,1,11,1,3679,21,0,12,0
27376,2,4,1,0,8,0,4,0
15739,1,5,1,0,57,11,2,0
44141,1,35,1,938,11,0,4,0
35767,2,5,1,16131,29,5,16,0
20986,1,44,1,0,14,2,11,0
3958,1,7,1,5000,15,7,4,0
25572,2,15,1,0,10,0,4,0
45807,1,36,1,0,16,0,3,0
11980,1,5,1,3449,54,1,4,0
22665,1,16,1,8766,95,2,39,1
17667,2,11,1,2829,16,0,41,0
10126,2,20,1,8000,16,15,7,0
11771,1,19,1,0,3,13,7,0
8498,1,20,1,13775,49,0,24,1
9045,2,5,1,0,14,1,2,0
6551,2,44,1,0,69,3,3,0
16731,1,15,1,9000,21,0,8,0
4437,1,15,1,9206,39,0,36,0
13090,2,49,1,7000,30,0,6,0
20677,1,25,1,7000,27,0,6,0
44540,2,10,1,8975,43,4,13,0
33851,1,16,1,0,2,7,18,0
35073,1,44,1,7290,3,11,9,0
27380,1,10,1,0,8,0,15,0
43380,1,2,1,4058,24,0,7,0
9212,2,36,1,0,16,0,25,0
40703,2,29,1,2950,100,0,3,0
2593,2,25,1,4586,48,6,7,0
39591,1,36,1,7174,4,6,8,0
22161,1,6,1,5340,37,2,14,0
39375,2,3,1,4769,100,3,7,0
3951,1,46,1,3000,19,0,2,0
27349,2,23,1,6000,50,3,5,0
49482,2,38,1,3000,32,1,2,0
3791,1,46,1,0,8,6,9,0
31904,1,35,1,7000,24,0,6,0
43918,1,24,1,6000,20,0,5,0
25370,1,35,1,7000,7,7,6,0
6875,1,49,1,9174,28,0,23,0
20364,1,5,1,0,2,13,10,0
40639,1,38,1,7000,28,0,6,0
2276,1,35,1,4127,14,15,8,0
17815,1,35,1,15252,26,1,43,1
1883,2,35,1,3782,16,1,4,0
39908,2,5,1,9110,100,0,9,1
11649,2,33,1,3000,20,0,2,0
44954,1,15,1,8000,5,5,7,0
8364,1,12,1,3000,14,1,2,0
17852,1,34,1,4000,63,0,3,0
27509,1,5,1,8000,12,0,7,0
3287,2,17,1,11754,14,30,14,0
10813,2,29,1,0,21,0,6,0
27381,2,32,1,0,22,11,10,0
7999,2,32,1,2074,19,0,4,0
46909,1,35,1,0,23,0,3,0
48643,1,21,1,7000,28,0,6,0
43196,1,48,1,3000,43,0,2,0
13241,2,5,1,20000,1,10,19,1
43177,2,4,1,4542,15,7,5,0
49407,1,41,1,5000,17,0,4,0
17150,2,32,1,16654,24,0,24,1
25071,1,3,1,9000,25,1,8,0
30543,1,37,1,0,29,0,4,0
48521,1,35,1,0,95,0,11,0
19634,2,5,1,5647,11,0,5,0
42748,1,18,1,7353,16,2,8,0
29777,1,35,1,3107,25,27,5,0
48177,1,29,1,5000,19,5,4,0
49950,2,13,1,13000,11,0,12,0
19608,1,11,1,3000,31,0,2,0
13597,2,11,1,0,15,0,5,0
12728,1,35,1,4000,64,4,3,0
29989,1,5,1,8000,23,10,7,0
9900,1,5,1,3000,7,0,2,0
30279,2,35,1,5386,14,0,5,0
1010,1,5,1,7628,16,1,9,0
9391,1,21,1,11000,6,0,10,0
48968,1,16,1,7000,21,2,6,0
45329,1,51,1,0,32,0,3,0
14574,2,32,1,6000,100,0,5,0
13462,1,5,1,5121,14,0,5,0
27793,1,5,1,7698,5,10,8,0
40890,1,39,1,3000,65,0,2,0
22705,1,10,1,2340,28,1,11,0
24052,2,38,1,0,2,0,19,0
10018,1,5,1,3000,15,2,2,0
19183,1,38,1,10000,14,0,9,0
2384,1,5,1,5000,4,6,4,0
12738,1,34,1,8000,12,0,7,0
21090,1,16,1,2970,53,5,16,0
15962,2,17,1,0,92,12,3,0
34175,2,44,1,6883,32,7,8,0
48250,1,15,1,2819,3,2,4,0
30379,2,10,1,3000,22,13,2,0
32752,2,41,1,6929,13,6,13,0
40344,2,43,1,2590,12,0,2,0
2267,1,35,1,9000,6,3,8,0
45008,2,36,1,0,15,0,12,0
5778,1,39,1,2099,49,10,68,1
7324,1,15,1,3000,52,9,2,0
19247,2,21,1,3000,29,0,2,0
11289,2,39,1,0,7,0,5,0
11969,1,11,1,8000,5,20,7,0
48984,2,40,1,4000,27,0,3,0
18586,1,38,1,3000,32,0,2,0
6049,2,20,1,7626,9,0,12,0
9286,1,44,2,7000,53,0,6,0
1351,2,11,1,4435,61,6,4,0
24621,2,10,1,4046,9,0,20,0
27418,1,15,1,3867,23,5,11,0
26442,1,10,1,3059,10,0,7,0
49313,1,32,1,0,35,0,3,0
34740,2,39,2,414,84,0,16,0
29974,2,29,1,1626,44,0,4,0
49338,1,6,1,0,10,0,4,0
24169,1,43,1,16053,8,0,16,0
3475,1,41,1,2000,9,0,1,0
2313,2,49,1,6000,9,0,5,0
40181,1,4,1,3000,31,0,2,0
18333,2,50,1,5000,6,0,4,0
34033,1,36,1,3099,70,1,3,0
18435,2,15,1,0,2,0,5,0
17052,1,41,1,0,43,0,6,0
31016,2,44,1,124,28,0,7,0
25781,1,49,1,2072,19,0,14,0
36257,2,11,1,6000,62,0,5,0
47189,1,10,1,6000,22,9,5,0
33936,1,29,1,0,100,0,6,0
40204,2,35,1,6000,73,0,5,0
650,1,20,1,3000,20,7,2,0
20611,1,37,1,3000,6,4,2,0
18504,2,32,1,5194,16,25,7,0
45889,2,46,1,14000,15,10,13,0
8967,2,44,1,0,33,0,3,0
21758,2,42,1,0,1,0,25,0
24823,1,5,1,0,3,0,27,0
10781,2,11,1,0,6,2,4,0
47831,2,44,1,6041,11,0,26,0
19575,2,37,1,9000,100,0,8,0
14191,2,2,1,3000,63,28,2,0
8241,2,20,1,5304,40,0,5,0
32723,1,2,1,7000,18,5,6,0
35868,1,29,1,8068,100,8,16,1
35796,2,32,1,0,29,8,3,0
10780,1,44,1,0,50,0,4,0
35041,1,29,1,1156,100,1,3,0
46888,1,36,1,6366,6,0,19,0
25313,1,9,1,5000,68,0,4,0
45315,1,44,1,5000,45,16,4,0
41880,1,30,1,7000,46,0,6,0
34450,2,35,1,4000,81,0,3,0
39976,1,36,1,6912,54,0,11,0
49746,1,45,1,10591,9,0,12,0
39983,2,44,1,4000,12,0,3,0
19551,2,29,1,0,12,5,8,0
16112,1,5,1,1833,4,0,6,0
33197,1,32,1,10655,4,1,14,0
35410,1,2,1,4000,20,2,3,0
15144,1,11,1,0,16,0,3,0
17964,1,44,1,3163,11,2,10,0
12273,1,46,1,0,8,0,2,0
40268,1,49,1,1024,20,0,6,0
22930,2,10,1,8000,8,0,7,0
765,2,39,1,0,1,1,5,0
9130,1,10,1,2998,13,0,4,0
3848,2,19,1,4236,25,0,9,0
28653,1,8,1,8595,4,2,8,0
46950,1,24,1,6239,5,1,24,0
42567,1,25,1,4000,26,0,3,0
39451,1,20,1,1917,9,17,10,0
34364,1,5,1,3190,25,24,13,0
5874,2,15,1,0,8,1,11,0
43425,1,44,2,2000,47,0,1,0
16050,1,2,1,7000,3,0,6,0
9949,1,29,1,0,43,21,27,0
49847,1,44,1,2716,100,29,7,0
16697,2,4,1,0,61,0,13,0
35811,1,10,2,0,38,3,5,0
20840,1,33,1,4000,47,0,3,0
41320,2,35,1,0,20,7,2,0
37449,2,41,1,4000,8,0,3,0
49542,1,50,1,9480,22,0,17,0
47454,2,40,1,0,100,2,4,0
32779,2,39,1,0,22,0,9,0
13559,1,6,1,7953,7,0,11,0
20625,1,3,1,0,14,23,10,0
8926,2,5,1,4075,20,0,4,0
16051,1,46,1,6000,9,0,5,0
26152,1,5,1,7000,5,0,6,0
22993,2,5,1,0,85,0,11,0
13525,2,10,1,2443,26,0,5,0
4444,2,49,1,0,27,5,34,0
26258,2,46,1,13610,62,0,18,1
35698,2,5,1,5069,26,0,38,1
47234,2,19,2,6000,39,0,5,0
19027,2,5,1,3000,57,5,2,0
45255,1,12,1,7000,8,3,6,0
35389,1,43,1,0,16,0,14,0
16032,1,6,1,10568,59,13,11,0
39493,1,38,1,0,11,0,21,0
11240,1,5,1,5086,19,16,14,0
45009,1,50,1,0,12,0,10,0
11879,2,11,1,0,30,0,6,0
166,1,39,1,10705,9,0,20,0
11516,1,38,1,9471,17,0,10,0
30092,1,15,1,0,11,6,4,0
36544,1,39,1,3865,11,0,3,0
32528,2,26,1,3000,18,0,2,0
33821,1,39,1,1741,5,4,27,0
40602,1,36,1,8000,40,0,7,0
25723,2,16,1,0,24,0,8,0
38023,1,5,1,0,5,0,3,0
5552,1,45,1,8106,100,0,65,1
46190,1,35,1,12113,17,0,16,0
36276,1,13,1,0,15,0,5,0
12571,1,39,1,620,3,0,7,0
4128,1,44,1,14000,18,14,13,0
12472,1,8,1,0,32,0,2,0
41840,1,11,1,4184,18,0,11,0
21719,2,35,1,0,4,0,29,0
32547,2,21,1,0,5,0,8,0
46130,1,15,1,3000,4,1,2,0
19454,1,39,1,13878,28,0,26,1
42754,1,45,1,5000,29,0,4,0
26209,1,15,1,0,100,0,2,0
29263,1,44,1,11000,8,15,10,0
45372,2,14,1,0,22,1,9,0
37164,2,19,1,3000,7,0,2,0
32073,1,41,1,5109,14,9,19,1
16099,1,5,1,3058,19,4,4,0
44676,1,36,1,16641,15,8,23,0
11787,2,47,1,906,5,0,10,0
7155,2,35,1,10846,30,1,31,1
44435,2,5,1,1949,14,0,2,0
17657,1,44,1,0,29,0,14,0
40409,1,15,1,4000,2,0,3,0
48049,1,35,1,5000,35,2,4,0
48107,1,20,1,0,16,3,20,0
1945,1,30,1,6543,34,0,23,0
17202,2,32,1,5844,9,0,41,0
30331,1,35,1,843,30,0,8,0
6460,1,50,1,15730,16,0,15,0
4446,1,1,1,2000,31,9,1,0
18487,1,23,1,6976,15,0,10,0
46189,2,29,1,3682,14,60,3,0
8117,1,13,1,0,35,19,3,0
13288,1,48,1,7991,16,1,25,0
26319,2,15,1,7000,100,0,6,0
39793,2,36,1,10722,18,11,14,0
11377,1,21,1,4136,80,8,7,0
46784,1,48,1,4000,51,6,3,0
17621,1,25,1,7000,6,1,6,0
47574,1,25,1,9953,13,0,17,0
32910,2,41,1,4000,20,0,3,0
38899,1,4,1,4000,8,3,3,0
3486,1,10,1,0,19,0,5,0
22709,2,46,1,11656,26,0,21,0
10841,1,26,1,2605,23,8,10,0
39143,1,12,1,5000,9,1,4,0
404,2,45,1,0,12,0,3,0
29631,1,23,1,0,11,0,33,0
31721,1,48,1,2840,47,3,4,0
46357,2,15,1,0,10,0,6,0
22564,1,14,1,7000,21,38,6,0
11405,2,29,1,6000,18,6,5,0
6814,1,10,1,0,57,0,2,0
39820,1,35,1,6759,26,0,7,0
44380,2,38,1,0,13,1,3,0
1348,2,36,1,164,48,0,9,0
41997,2,15,1,9103,8,6,9,0
2620,1,23,1,6000,6,0,5,0
159,1,5,1,2688,17,0,3,0
45074,2,5,1,751,6,14,2,0
9449,1,43,1,23275,17,0,23,0
8404,1,2,1,0,49,0,12,0
12400,2,5,1,5000,7,0,4,0
29941,2,5,1,8000,15,8,7,0
13843,1,10,1,4000,100,0,3,0
12649,1,44,1,9000,11,2,8,0
16197,1,24,1,4000,20,0,3,0
40898,2,10,1,0,15,9,5,0
49566,2,16,1,10000,52,10,9,0
34628,1,50,1,0,100,4,3,0
18054,1,44,2,4000,12,9,3,0
44254,2,5,1,6000,45,0,5,1
18996,1,44,1,6000,6,0,5,0
16614,2,5,1,1132,52,0,6,0
30850,2,35,1,0,6,0,2,0
26218,1,18,1,0,17,0,5,0
37695,2,41,1,6000,41,5,5,0
19986,1,44,1,10000,45,0,9,0
31555,1,19,1,0,31,0,4,0
27630,1,44,2,5000,7,0,4,0
29911,1,37,1,0,45,0,2,0
46555,1,44,1,0,9,0,16,0
49177,1,44,1,3000,13,22,2,0
1633,1,3,1,4000,34,1,3,0
1177,1,44,1,3000,25,0,2,0
30737,2,5,1,14797,100,0,15,1
39255,2,18,1,3000,29,17,2,0
18,1,35,1,3113,13,6,8,0
42978,2,26,1,5000,2,2,4,0
8822,2,35,1,4395,14,21,11,0
48053,1,10,1,0,7,3,4,0
16312,2,5,1,0,7,0,21,0
11885,1,13,1,1429,53,0,3,0
11344,2,11,1,9665,100,1,12,1
22340,1,44,1,0,9,0,9,0
13577,1,4,1,4183,28,0,6,0
23629,1,25,1,2954,16,11,5,0
8278,1,5,1,5040,11,0,6,0
25873,1,4,1,10000,33,0,9,0
8642,2,4,1,4000,1,0,3,0
36430,2,5,1,5999,100,1,11,0
12507,2,44,1,3763,27,0,15,0
21679,2,35,1,9494,33,0,10,0
7302,1,35,1,2550,58,0,6,0
38598,1,10,1,2018,100,6,7,0
2603,1,51,1,1930,19,12,8,0
14251,1,48,1,3749,9,2,14,0
43803,1,5,1,0,11,0,10,0
23240,2,33,1,0,25,0,4,0
1055,2,36,1,0,15,0,3,0
48019,1,22,1,4171,11,4,49,0
40968,1,23,1,478,29,0,2,0
48060,1,4,1,66,91,0,6,0
3068,1,33,1,5000,68,1,4,0
47776,1,39,1,0,74,0,5,0
2344,1,5,1,3000,8,0,2,0
16765,1,39,1,6000,91,0,5,0
47387,2,45,1,0,2,0,28,0
10064,1,36,1,1986,17,6,6,0
38714,1,5,1,7000,53,0,6,0
38784,1,23,1,1259,8,0,2,0
12509,1,49,1,1376,9,3,6,0
18496,2,44,1,5000,10,0,4,0
31880,1,47,1,803,47,0,6,0
30011,1,13,1,16190,11,0,23,0
17632,2,5,1,13694,13,0,29,1
14734,1,5,1,10175,33,1,28,0
36507,1,10,1,9000,23,0,8,0
23273,1,5,1,2935,27,0,10,0
32216,1,23,1,0,12,16,7,0
17418,2,10,1,3000,7,3,2,0
9470,1,21,1,0,12,0,5,0
27855,2,5,1,0,47,0,9,0
20799,1,15,1,838,13,2,10,0
23640,1,35,1,1503,2,0,18,0
17295,2,44,1,1572,31,0,6,0
43388,1,15,2,9375,28,3,10,0
28362,1,44,1,0,35,1,10,0
6469,1,5,1,6000,23,0,5,0
41472,1,21,1,4000,18,0,3,0
27097,1,9,1,4966,50,4,4,0
27727,1,47,1,0,31,0,11,0
2374,1,6,1,7410,24,11,8,0
42766,1,15,1,0,13,3,28,0
35315,1,5,1,629,20,0,5,0
32962,2,25,1,0,6,0,9,0
44641,2,35,1,0,3,4,3,0
11394,1,15,1,4406,12,0,7,0
16294,1,46,2,8862,4,0,30,0
27942,1,35,1,4000,12,8,3,0
41921,1,6,1,12000,3,0,11,0
32735,1,5,1,3000,20,0,2,0
1066,2,10,1,4000,51,4,3,0
30180,1,44,1,3724,25,0,16,0
25543,1,36,1,7000,10,2,6,0
40657,1,32,1,0,18,0,2,0
48013,1,44,1,0,100,4,14,0
25561,1,20,1,0,42,0,16,0
29311,1,11,1,0,19,0,2,0
377,1,2,1,1724,12,0,6,0
36695,2,10,1,3346,20,9,5,0
40095,2,23,1,0,17,0,9,0
31772,2,11,1,2558,38,0,22,0
46713,2,43,1,0,47,6,3,0
44348,2,9,1,0,58,3,19,0
9052,1,10,1,4000,7,1,3,0
17665,1,2,1,4000,31,11,3,0
20236,1,4,1,0,8,11,3,0
34390,1,43,1,2514,19,6,7,0
16419,2,35,1,7117,6,0,15,0
14084,2,11,1,0,46,0,13,0
21720,1,39,1,3981,8,4,12,0
38218,1,39,1,11000,1,0,10,0
15200,1,44,1,6489,9,0,10,0
16802,2,20,1,0,14,17,7,0
36454,1,5,1,0,45,4,2,0
40973,2,35,1,9000,8,1,8,0
11473,2,46,1,7000,9,3,6,0
49773,1,18,1,0,10,0,6,0
38126,2,34,1,0,40,0,8,0
45729,2,43,1,10000,27,0,9,0
1299,1,15,2,2000,63,0,1,0
41592,1,44,1,21056,61,8,42,1
34087,2,46,1,14085,64,10,17,1
33266,2,29,1,5084,16,0,50,0
35594,1,44,1,3000,18,0,2,0
23102,1,49,1,4000,4,0,3,0
44965,1,32,1,0,54,0,4,0
26775,2,24,1,5125,52,1,6,0
43703,2,2,1,4000,16,0,3,0
19593,2,5,1,0,4,0,8,0
12523,1,46,1,0,2,0,2,0
2127,1,25,1,6000,8,0,5,0
39594,1,13,1,9187,12,0,9,0
20637,1,10,1,0,56,8,6,0
46243,1,5,1,4000,4,0,3,0
20908,2,10,1,0,25,0,23,0
44923,2,49,1,429,2,27,4,0
24093,1,36,1,4000,16,0,3,0
42673,2,49,1,480,3,16,11,0
7648,1,35,1,0,2,4,32,0
28353,2,10,1,3000,49,2,2,0
35962,1,49,1,8017,20,0,12,0
23937,1,4,1,5000,29,0,4,0
30190,1,11,1,16368,16,0,18,0
13958,1,15,1,0,89,16,5,0
16977,1,36,1,3000,25,13,2,0
34248,1,5,1,7000,45,5,6,0
5972,2,11,1,3000,6,4,2,0
10122,1,44,1,9000,12,0,8,0
5870,1,5,1,5085,9,16,25,0
20920,1,5,1,0,13,0,7,0
6621,2,35,1,11266,23,4,11,0
26799,2,37,1,8000,35,2,7,0
44554,2,5,1,9026,28,6,28,0
14772,1,39,1,3578,7,0,15,0
48469,1,11,1,0,20,0,2,0
31651,2,21,1,0,41,6,8,0
44749,2,44,1,10248,14,0,69,1
49052,1,15,1,3000,12,0,2,0
39702,1,10,2,4000,3,3,3,0
12600,2,44,1,20000,52,0,19,1
9578,1,26,1,7000,24,0,6,0
35998,2,10,2,4000,19,3,3,0
13970,1,20,1,0,62,0,7,0
4603,1,5,1,3000,35,1,2,0
1594,1,44,1,11000,13,0,10,1
3956,1,7,1,7000,8,6,6,0
12930,2,32,2,0,10,0,6,0
43005,1,36,1,13000,7,0,12,0
44457,1,44,1,3000,75,0,2,0
419,1,5,1,8000,30,0,7,0
43699,1,7,1,0,34,1,5,0
44587,1,5,1,10433,71,13,15,1
16095,1,39,1,0,19,0,5,0
40480,1,24,1,0,8,32,6,0
48846,1,36,1,4546,32,60,4,0
10546,1,20,1,3000,100,5,2,0
40530,1,15,1,6000,5,0,5,0
1261,1,44,1,0,50,2,11,0
35786,1,7,1,4274,7,0,4,0
12950,1,39,1,0,28,0,3,0
11515,1,4,1,9000,17,3,8,0
2565,1,36,1,0,10,0,6,0
8869,1,23,1,8000,17,12,7,0
15502,1,15,1,8885,25,0,8,0
15102,1,32,1,11569,25,8,17,0
26139,1,17,1,1425,10,4,12,0
36758,1,21,1,6855,100,0,7,0
7119,1,19,2,0,20,8,16,0
47302,2,35,1,10000,17,0,9,0
18924,2,29,1,1728,20,36,7,0
1384,1,29,1,4000,52,0,3,0
31375,1,35,1,10991,11,0,18,0
25114,2,17,1,0,60,4,9,0
25820,1,18,1,0,13,0,18,0
38195,2,35,1,3056,33,0,6,0
9297,1,13,1,7000,65,0,6,0
32698,1,34,1,0,6,12,8,0
12462,1,16,1,0,93,1,5,0
12496,2,5,1,4025,21,6,6,0
22207,1,32,1,0,3,6,27,0
2519,1,4,1,2837,31,0,6,0
9016,2,33,1,0,27,60,6,0
47517,1,44,1,8648,36,0,13,0
44781,2,37,1,7126,100,0,17,0
13955,2,16,1,8000,51,4,7,0
14208,2,17,1,3000,46,4,2,0
15745,1,38,1,6000,34,0,5,0
47685,2,16,1,2000,19,0,1,0
31249,2,28,1,4000,25,0,3,0
834,2,35,1,1456,16,0,5,0
12572,1,39,1,8000,10,0,7,0
42497,1,23,1,860,18,13,23,0
9259,1,5,1,1690,15,60,6,0
39626,2,35,1,13545,17,0,19,0
8619,1,5,1,5435,7,0,8,0
31311,1,11,2,4721,8,16,6,0
7184,1,32,1,3430,44,5,13,0
45600,1,25,1,8327,54,3,10,0
33819,2,25,1,5000,100,0,4,1
40934,1,39,1,877,40,0,5,0
20744,1,14,1,14000,9,0,13,0
21352,2,5,1,3832,16,2,6,0
1992,1,23,1,0,7,0,4,0
14793,1,21,1,14221,35,2,20,0
31182,1,15,1,11826,17,8,19,0
43378,1,39,1,9016,48,0,10,0
9782,1,29,1,0,82,1,15,0
26776,1,10,1,3000,26,0,2,0
943,1,5,1,7835,26,60,11,0
4213,1,48,1,5000,22,1,4,0
20883,2,11,1,9000,18,1,8,0
25296,1,4,2,4000,15,0,3,0
10072,1,34,1,5000,13,0,4,0
36735,1,10,1,9000,10,0,8,0
13275,1,18,1,4978,15,0,5,0
16433,1,20,1,53,100,0,6,0
35934,1,29,1,4000,56,9,3,0
8825,1,10,1,5265,29,0,12,0
5134,1,35,1,0,49,0,10,0
14125,2,35,2,0,8,8,2,0
8140,1,28,1,0,7,0,12,0
38176,1,35,1,7454,5,29,19,0
23295,1,19,1,13908,34,7,18,0
49987,2,11,1,0,34,0,6,0
48101,1,39,1,3286,11,16,5,0
18537,2,5,1,4000,14,0,3,0
24198,1,5,1,5000,3,38,4,0
33152,1,46,2,0,48,0,4,0
32134,1,25,1,317,3,0,55,0
8422,2,24,1,5000,39,4,4,0
35659,1,2,1,9277,8,10,10,0
20510,2,5,1,5874,28,0,29,0
3843,1,48,1,4431,20,3,12,0
10287,2,48,1,7000,21,2,6,0
4373,1,17,1,0,18,15,9,0
11760,2,26,1,5000,47,0,4,0
34301,2,23,1,3000,11,0,2,0
41285,2,37,1,0,100,4,10,0
37765,1,44,1,6000,35,0,5,0
41297,2,35,1,9037,17,22,20,0
37321,2,46,1,1597,20,0,3,0
25171,1,15,1,7000,20,6,6,0
43288,1,44,1,4579,19,0,4,0
11975,2,2,1,0,58,0,3,0
49173,1,16,1,0,29,0,8,0
19905,2,35,1,4604,36,0,7,0
25357,1,29,1,428,13,0,6,0
46667,2,15,1,4000,60,2,3,0
38272,1,40,1,4516,24,37,6,0
627,1,35,1,0,4,0,15,0
45229,1,5,1,13162,20,0,15,1
31089,2,32,1,0,35,14,7,0
48178,1,15,1,0,9,32,9,0
40492,2,37,1,4000,33,4,3,0
44757,2,12,1,720,1,16,20,0
37612,1,44,1,7652,44,0,8,0
35545,1,25,1,0,14,0,10,0
32515,1,23,1,5130,31,0,10,0
33216,1,13,1,633,17,0,20,0
2616,1,44,1,0,39,0,9,0
25442,1,5,1,4000,40,0,3,0
35156,2,5,1,4406,7,7,13,0
1576,1,39,1,0,40,0,9,0
3101,1,37,1,529,7,0,12,0
28285,2,7,1,3000,1,0,2,0
5183,1,35,1,4000,73,0,3,0
1960,2,13,1,6590,64,6,7,0
16760,1,25,1,0,6,0,9,0
30522,2,5,1,1387,39,20,8,0
4909,1,15,1,0,21,0,5,0
39027,2,17,1,0,8,0,32,0
29701,1,15,1,4599,15,2,4,0
33107,1,20,1,0,54,3,6,0
46475,1,38,1,3000,42,0,2,0
24178,1,11,1,7332,32,0,7,0
17290,1,5,1,9000,100,0,8,1
36467,1,44,1,3000,1,5,2,0
23696,2,11,1,0,11,0,13,0
29173,1,11,1,14000,13,6,13,1
36857,1,5,1,8000,19,0,7,1
30218,1,39,1,3432,3,0,4,0
17776,1,48,1,3870,5,0,17,0
32797,1,21,1,0,18,1,6,0
44769,1,5,1,884,26,0,5,0
21299,2,10,1,0,7,0,13,0
39841,2,29,1,620,26,0,2,0
35687,1,44,1,4165,43,0,4,0
31033,2,5,1,4000,7,0,3,0
13149,2,3,1,5000,17,0,4,0
953,2,19,1,6000,20,0,5,0
19762,1,11,1,3000,46,57,2,0
24170,1,25,1,44,14,0,5,0
27211,1,47,1,4000,27,0,3,0
13591,2,36,1,4000,55,0,3,0
40000,1,5,1,0,4,1,1,0
19621,1,10,1,6656,6,0,20,0
29294,2,36,2,12705,58,9,17,1
40951,2,39,1,8000,9,0,7,0
13475,2,46,1,3000,22,0,2,0
22412,1,48,1,5586,7,23,7,0
15947,1,15,1,3000,9,0,2,0
43984,2,44,1,9000,27,10,8,0
14726,1,49,1,0,22,39,4,0
25205,1,38,1,3238,8,0,7,0
18784,2,46,1,4000,59,13,3,0
31650,1,3,1,0,11,0,13,0
5477,1,12,1,7000,38,0,6,0
19023,1,15,1,4000,73,0,3,0
7619,2,49,1,11436,100,17,26,1
20053,1,39,1,1352,22,0,11,0
42604,1,5,1,10340,100,1,11,1
43917,2,5,1,5000,5,0,4,0
44654,2,11,1,4000,53,5,3,0
43624,2,44,1,0,18,15,5,0
35,1,44,1,0,27,0,8,0
34988,2,34,1,10000,45,2,9,0
25342,2,2,1,10000,6,0,9,0
43175,2,20,1,0,21,0,10,0
46054,1,37,1,13243,49,0,28,0
17038,1,10,1,9769,11,19,13,0
29943,1,29,1,6000,19,2,5,0
34157,1,47,1,0,9,8,3,0
26062,2,24,1,5000,4,19,4,0
40234,1,39,1,7418,8,0,12,0
47114,1,25,1,7763,36,0,17,0
6236,1,38,1,4000,20,4,3,0
34007,1,33,1,1004,11,0,13,0
4170,2,3,1,4000,9,0,3,0
37850,1,35,1,0,40,1,20,0
47777,1,15,1,7441,14,2,8,0
25269,1,45,1,979,16,0,12,0
15210,2,35,1,6244,15,8,8,0
14311,1,5,1,0,100,0,8,0
12745,1,39,1,5000,23,6,4,0
34401,2,35,1,0,6,1,10,0
49681,1,23,1,6000,46,0,5,0
44060,2,38,1,0,78,0,3,0
25002,1,11,1,1909,36,0,14,0
36879,2,4,1,9000,10,0,8,0
10112,1,18,1,11000,53,0,10,0
12026,2,5,1,11461,8,11,13,1
3024,1,13,1,565,24,0,5,0
49395,1,36,2,0,7,9,8,0
388,1,22,1,7625,9,23,15,0
16809,1,46,1,5000,11,0,4,0
23518,1,43,1,8739,5,49,12,0
41940,2,29,1,4651,49,0,5,0
5437,1,5,1,0,33,1,3,0
45331,1,32,1,0,31,0,4,0
48790,2,5,1,12000,31,0,11,0
36229,1,4,1,0,30,7,12,0
18904,1,5,1,8521,9,9,8,0
3736,1,25,1,5000,62,0,4,0
46382,1,35,1,3193,15,0,5,0
11926,2,5,1,8267,56,18,11,0
3585,2,21,1,95,17,0,3,0
23327,1,5,1,6114,5,0,8,0
7110,1,28,1,8014,14,1,8,0
38929,1,2,2,0,7,0,3,0
379,1,34,1,7000,24,0,6,0
18482,2,35,1,5355,94,0,7,0
45965,1,15,1,5000,19,9,4,0
18465,2,46,1,8000,94,0,7,1
37608,2,44,1,4000,17,4,3,0
37465,2,5,1,8945,41,0,74,1
25505,1,41,1,4000,38,2,3,0
1794,1,10,1,7000,9,0,6,0
28637,2,15,1,10000,24,0,9,0
2166,2,32,1,6179,39,3,12,0
44816,2,46,1,3293,32,0,10,0
38632,1,2,1,10000,14,0,9,0
45558,1,36,1,8000,2,7,7,0
4912,1,44,1,13870,15,4,44,1
40854,1,5,1,3174,40,0,10,0
35925,1,5,1,0,20,4,35,0
24878,2,35,1,0,31,16,15,0
37985,1,49,1,0,7,0,2,0
27260,1,11,1,0,39,0,3,0
37462,2,35,1,4000,51,13,3,0
1762,1,24,1,6000,27,2,5,0
6427,1,16,1,302,22,1,5,0
35617,1,39,1,9000,27,0,8,0
14813,1,44,1,9000,20,0,8,0
28778,2,38,1,5304,23,0,9,0
29691,2,34,1,5382,10,0,5,0
4061,1,3,1,7000,14,0,6,0
3471,1,39,1,0,8,9,7,0
21267,2,10,1,17000,54,0,16,1
18607,1,11,1,6000,2,0,5,0
16134,1,41,1,0,7,0,9,0
8353,1,37,1,6000,16,2,5,0
23418,1,32,1,3016,13,18,17,0
26122,2,33,1,0,66,12,8,0
40670,1,5,1,0,8,0,5,0
35486,1,47,1,0,32,0,8,0
45068,2,29,1,5000,12,0,4,0
28339,2,43,1,12000,31,0,11,0
49688,1,35,1,0,37,0,7,0
49964,2,24,1,5000,3,0,4,0
34267,1,29,1,9000,63,1,8,0
31744,2,27,1,2604,60,0,5,0
41578,1,4,1,4000,2,0,3,0
17438,1,37,1,2435,16,0,5,0
37216,2,4,1,0,16,0,3,0
19574,2,36,1,5708,32,15,5,0
14184,2,8,1,189,4,0,8,0
38509,1,35,1,8583,5,0,9,0
45688,1,35,1,6287,21,0,11,0
23199,1,23,1,9000,9,6,8,0
33259,2,5,1,0,73,0,12,0
45336,1,44,1,11000,49,0,10,0
32875,1,41,1,11000,43,8,10,1
49886,2,7,1,1436,5,0,6,0
23265,2,11,1,6000,37,0,5,0
6727,2,36,1,0,100,0,13,0
40600,2,49,1,0,33,0,4,0
17562,1,25,1,4065,99,2,4,0
37206,2,5,1,2995,34,0,36,0
12037,1,10,1,5000,6,0,4,0
22997,2,25,1,7211,7,0,7,0
7570,2,17,1,0,8,0,7,0
46895,1,44,1,297,3,0,4,0
3044,1,35,1,4000,21,3,3,0
25414,2,27,1,0,23,0,3,0
46230,2,44,1,6000,69,1,5,0
21961,1,50,2,6000,51,11,5,0
45347,1,8,1,15856,13,0,17,0
24173,1,10,1,10527,9,0,13,0
19706,1,38,1,4000,7,6,3,0
3297,1,15,1,0,23,0,22,0
42365,1,27,1,3000,22,15,2,0
49294,2,10,1,11000,9,0,10,0
4406,1,24,1,1000,3,16,16,0
781,1,35,1,0,4,2,3,0
49672,1,32,1,4000,67,7,3,0
48533,1,5,1,7000,4,0,6,0
17658,1,35,1,3000,100,18,2,0
30209,2,33,1,4000,4,0,3,0
26764,2,9,1,9000,25,2,8,1
16170,1,6,1,0,10,2,3,0
41510,2,36,1,7000,25,0,6,0
14174,1,10,1,8000,9,26,7,0
8136,1,2,1,4000,2,0,3,0
2988,1,44,1,3000,100,0,2,0
32936,1,19,1,4000,4,1,3,0
18348,1,43,1,9000,57,0,8,0
32720,2,4,2,0,34,0,16,0
22275,2,10,1,4000,24,3,3,0
34290,1,18,1,7000,11,3,6,0
3187,1,29,1,3000,12,0,2,0
34629,1,37,1,4000,9,5,3,0
1857,2,3,1,4000,69,0,3,0
29612,1,5,1,3000,22,0,2,0
28195,1,48,1,2945,35,2,2,0
21470,1,7,1,5000,100,16,4,0
29244,2,4,1,10190,100,3,18,1
48545,1,35,2,9000,25,0,8,0
2589,2,43,1,10413,74,0,12,0
42256,2,2,1,4124,10,0,4,0
10839,1,5,1,0,28,0,13,0
14215,2,15,1,0,15,0,3,0
44711,1,44,1,19000,17,19,18,1
40191,1,10,1,7000,39,0,6,0
32429,2,29,1,11746,6,7,42,0
12390,1,35,1,8868,31,0,8,0
8562,1,11,1,5863,44,0,8,0
22773,1,10,1,9393,25,0,12,0
48155,1,31,1,8456,5,0,13,0
6672,2,23,1,0,5,0,9,0
6602,1,23,1,0,27,4,31,0
14270,2,5,1,5022,5,0,11,0
10728,2,15,1,0,25,6,24,0
7572,1,44,1,0,32,12,12,0
42658,2,4,1,5000,42,0,4,0
18153,2,46,1,7531,14,29,19,0
21217,1,44,1,0,60,0,3,0
9371,1,44,1,5000,4,0,4,0
40424,1,11,1,130,32,0,8,0
9165,2,48,1,1378,4,0,6,0
11842,1,20,1,0,29,18,13,0
48027,1,23,1,0,14,0,8,0
23856,1,34,1,6000,4,0,5,0
19843,1,46,1,4958,24,0,4,0
36518,2,36,1,2697,39,1,8,0
41528,1,2,1,3000,64,0,2,0
21166,2,44,1,8000,10,0,7,0
21661,1,35,1,14000,29,0,13,0
9938,1,10,2,0,30,0,7,0
31875,1,5,1,0,15,0,2,0
39075,1,7,1,4000,16,1,3,0
39802,1,27,1,0,83,20,3,0
5158,1,23,1,7018,23,6,11,0
21842,2,15,1,3000,11,0,2,0
17868,1,10,1,0,4,1,28,0
39861,1,29,1,0,18,0,5,0
46731,1,5,1,4000,17,6,3,0
29997,2,21,1,2806,19,0,4,0
32035,2,43,1,5513,8,3,9,0
13788,2,48,1,7000,10,0,6,0
43353,1,36,1,2799,5,0,10,0
9189,2,29,1,5798,18,8,5,0
12691,2,34,1,1285,29,34,6,0
33102,1,38,1,2556,5,2,20,0
46897,1,32,1,10482,7,0,16,0
12521,2,10,1,3997,19,2,6,0
1062,2,29,1,3337,5,0,4,0
17818,1,5,1,1732,37,12,7,0
5385,1,23,1,6000,13,11,5,0
12067,2,35,1,3000,15,0,2,0
5633,2,37,1,0,82,0,14,0
22827,2,13,1,11010,49,0,17,0
18922,2,46,1,3208,11,4,3,0
16502,1,39,1,6000,10,12,5,0
49207,1,43,1,17000,99,54,16,1
6533,1,44,1,0,20,1,7,0
14190,2,44,1,6878,10,0,16,0
7697,2,31,1,7000,7,0,6,0
28078,1,35,1,7914,6,6,19,0
12169,2,44,1,0,29,3,8,0
475,2,44,1,3000,17,0,2,0
32422,1,38,1,3000,92,4,2,0
698,1,39,1,3114,9,0,35,1
44057,2,29,1,3000,89,0,2,0
39540,1,4,1,0,20,36,11,0
29822,1,5,1,7000,2,7,6,0
5648,2,32,1,112,12,34,10,0
28101,1,32,1,6000,44,20,5,0
24225,1,44,1,4857,33,0,6,0
14624,1,41,1,2017,19,4,5,0
47165,1,11,1,2451,47,0,22,0
1289,2,34,1,0,6,0,5,0
7079,1,39,1,0,18,0,8,0
41344,2,10,1,8295,83,0,10,1
1335,2,6,1,9092,5,3,14,0
30214,1,16,1,5926,26,0,6,0
26713,1,49,1,3000,100,51,2,0
46531,2,49,1,0,4,2,16,0
47622,2,5,1,7000,11,4,6,0
3129,1,16,1,0,3,8,29,0
16381,1,44,1,4891,36,0,15,0
2897,2,5,1,5000,23,0,4,0
9001,1,15,1,0,1,0,14,0
19381,1,10,1,11886,25,11,69,1
33405,2,24,1,7000,78,0,6,0
38686,1,11,1,8000,34,11,7,0
32538,1,5,1,1126,15,0,6,0
4342,2,3,1,5000,20,34,4,0
23210,1,16,1,10465,35,0,14,0
27912,2,35,1,9000,11,2,8,0
28548,1,29,1,5000,30,0,4,0
9919,1,48,1,6000,6,7,5,0
40483,2,29,1,3109,17,1,6,0
7124,1,7,1,195,30,1,4,0
34680,1,43,1,0,100,14,8,0
37645,1,39,1,6070,31,0,12,0
36730,2,25,1,0,35,0,17,0
8023,2,35,1,15315,33,0,17,1
1087,1,11,1,0,37,0,27,0
14994,1,2,1,2391,8,4,7,0
35627,2,5,1,4000,77,0,3,0
12650,2,44,1,4828,38,6,40,0
20514,1,43,1,5451,31,0,12,0
12891,2,16,1,8582,5,11,8,0
19485,1,14,1,5785,20,2,5,0
13727,1,46,1,0,40,0,3,0
16115,1,35,1,4000,26,0,3,0
38287,1,16,1,4000,20,1,3,0
29776,1,44,1,4485,2,0,16,0
43313,2,19,1,3000,37,17,2,0
44456,1,25,1,3152,52,6,14,0
19443,1,39,1,5000,8,0,4,0
14471,1,36,1,8000,10,2,7,0
37172,1,21,1,0,7,0,15,0
12109,1,15,1,3943,14,2,16,0
30035,1,10,2,1520,16,4,7,0
45207,1,44,1,11000,100,0,10,1
49281,2,46,1,3253,35,0,52,1
4293,1,42,1,23456,25,5,75,1
42472,1,39,1,10719,14,34,24,1
46871,1,21,1,560,57,0,4,0
2450,1,29,2,0,26,1,7,0
39314,1,46,1,4000,61,0,3,0
37386,2,37,1,5097,35,6,12,0
44773,2,44,1,0,21,9,10,0
39519,2,29,1,8000,34,0,7,0
43800,1,24,1,3512,100,0,6,0
34531,2,33,1,2000,20,3,1,0
42775,1,5,1,17990,6,0,22,1
43037,2,15,1,2809,29,0,4,0
32619,1,34,1,3000,85,1,2,0
46994,1,29,1,2000,33,0,1,0
9641,1,37,1,0,4,2,3,0
7761,2,14,1,0,11,41,4,0
27339,2,15,1,15372,65,4,19,1
24925,2,25,1,3452,15,11,17,0
38069,1,44,1,1423,8,0,3,0
12769,2,37,1,2707,10,8,4,0
12535,2,46,1,5000,29,10,4,0
19600,1,26,1,6000,17,0,5,0
37904,1,35,2,1769,8,2,4,0
713,1,32,1,7000,17,0,6,0
21235,2,4,1,8119,9,6,12,0
9786,1,20,1,2885,9,0,4,0
47857,2,45,1,12885,5,3,14,0
36710,2,37,1,3000,6,0,2,0
34794,1,5,1,6611,65,6,6,1
36151,1,15,1,1054,21,0,9,0
6493,1,25,1,8000,100,0,7,0
20262,1,49,1,3000,13,0,2,0
7470,1,24,1,7000,46,42,6,1
29259,2,39,1,9000,16,3,8,0
39166,1,5,1,10397,34,8,10,0
34413,2,39,1,25943,51,23,36,1
36867,2,35,1,0,7,5,4,0
34909,1,35,1,8038,27,2,21,0
37883,2,41,1,0,25,0,7,0
45319,2,44,1,39,26,3,6,0
14314,1,36,1,3000,32,0,2,0
25668,1,4,1,0,35,0,3,0
37464,2,35,1,0,9,0,14,0
28036,1,46,1,548,50,3,3,0
43947,1,18,1,7000,48,26,6,0
10851,2,11,1,0,25,28,13,0
14914,2,5,1,5000,25,6,4,0
13739,1,35,1,10000,34,0,9,0
21941,1,5,1,4000,7,0,3,0
18178,2,49,1,1056,55,0,40,0
7321,1,26,1,695,2,0,14,0
11900,1,15,1,0,29,0,19,0
36432,1,27,1,23865,20,0,25,1
44139,2,16,1,10355,43,2,16,1
20910,1,11,1,6000,10,0,5,0
38320,1,5,1,0,39,11,2,0
33274,1,13,1,4000,31,0,3,0
18198,1,32,1,1915,11,0,9,0
17718,1,40,1,7471,20,0,75,1
20903,1,12,1,3300,13,0,3,0
15274,1,43,1,0,17,0,4,0
34558,1,2,1,7979,6,0,12,0
2895,1,39,1,669,4,0,14,0
27969,1,11,1,2738,32,0,2,0
26924,1,7,1,0,14,0,14,0
30619,1,16,1,3000,26,0,2,0
34103,2,35,1,84,23,0,3,0
10793,1,11,1,2283,9,0,14,0
42585,1,35,1,2655,95,0,5,0
26243,2,37,1,9000,20,0,8,0
37343,2,17,1,7000,4,0,6,0
37749,2,36,1,0,18,0,10,0
39524,1,20,1,11000,16,12,10,0
37694,1,35,1,0,5,0,4,0
6529,1,26,1,4823,45,2,7,0
17664,2,44,1,2577,27,14,3,0
8924,1,41,1,20168,34,0,29,1
15950,1,6,1,6000,3,0,5,0
37886,2,24,1,3000,44,0,2,0
6559,2,48,1,3000,7,22,2,0
1204,1,35,1,2347,5,0,8,0
41584,2,44,1,9000,82,2,8,0
10372,2,19,1,0,5,6,3,0
43999,1,23,1,3000,4,24,2,0
19068,1,5,1,0,41,0,13,0
1205,1,5,1,0,9,14,11,0
6380,1,7,1,6468,3,0,7,0
48373,2,6,1,4847,61,40,9,1
28905,2,39,1,8000,29,30,7,0
27482,2,5,1,2152,4,0,8,0
5468,1,7,1,9000,85,53,8,0
4323,1,37,1,0,39,0,14,0
3821,1,36,1,10434,9,0,11,0
3615,2,23,1,0,24,0,7,0
20076,1,44,1,1778,63,0,2,0
27515,1,38,1,6815,64,0,29,0
43268,1,44,1,10234,13,0,13,0
28126,1,37,1,5000,6,0,4,0
46917,1,45,1,0,6,0,7,0
35647,1,34,1,2684,25,0,5,0
26904,1,48,1,0,77,2,3,0
41661,1,33,1,8691,3,1,12,0
35081,2,41,1,10726,8,0,22,0
9839,1,35,2,11000,68,2,10,0
12020,2,25,2,4082,17,0,25,0
48758,1,21,1,4000,5,0,3,0
26596,1,23,1,8540,40,14,8,0
21655,2,19,1,3000,72,0,2,0
22649,1,35,1,3901,16,31,9,0
3358,1,37,1,3733,3,0,5,0
34779,1,21,1,0,62,0,75,1
19856,2,15,1,8000,1,10,7,0
24069,1,5,1,618,15,1,9,0
32567,1,4,1,2009,100,0,2,0
15141,2,19,1,4000,43,0,3,0
49212,2,5,1,5000,17,0,4,0
29648,1,9,1,4818,100,0,5,0
21136,1,46,1,1756,9,0,2,0
17343,1,15,1,6795,16,0,15,0
46826,1,7,1,6000,32,0,5,0
38628,1,5,1,3571,12,0,5,0
8171,2,5,1,2787,4,24,13,0
8688,2,5,1,12000,41,6,11,1
43606,1,44,1,0,9,3,6,0
3661,1,39,1,0,9,6,4,0
28779,1,44,1,43,13,9,3,0
6226,1,5,1,11000,59,0,10,1
14454,1,36,1,1881,8,2,2,0
2511,2,10,1,3000,18,0,2,0
5917,1,24,1,3000,5,0,2,0
37463,2,44,1,563,74,4,32,0
25607,2,45,1,0,10,5,7,0
5491,2,15,1,17992,15,0,57,1
18246,1,29,1,4000,54,26,3,0
29197,1,48,1,1198,18,1,3,0
1344,1,10,1,14181,46,9,22,1
31463,1,24,1,6000,7,0,5,0
49915,2,38,1,0,10,0,4,0
43802,1,29,1,5396,43,0,12,0
45736,2,33,1,11092,100,28,16,1
15607,1,32,1,0,23,1,4,0
11920,1,44,1,0,5,2,4,0
42259,2,39,1,6000,16,0,5,0
15966,1,35,1,3581,14,0,6,0
39034,1,28,1,4131,18,4,8,0
6199,2,5,1,4260,100,1,6,0
19535,1,10,1,16169,15,6,16,0
40712,1,10,1,0,8,2,7,0
46567,1,19,1,3000,12,2,2,0
21852,2,24,1,12315,10,0,12,0
30000,2,10,1,19000,5,4,18,1
42897,1,25,1,9953,6,10,10,0
20669,2,26,1,3000,1,0,2,0
21901,2,26,1,15575,5,0,33,1
30740,1,1,1,4000,73,0,3,0
46299,1,29,1,3164,14,0,3,0
37064,1,22,1,0,17,0,18,0
49495,1,25,1,0,32,0,7,0
11784,1,32,1,4000,29,0,3,0
9906,1,39,1,0,27,0,18,0
28906,1,32,1,2000,36,0,1,0
41896,1,10,1,5000,80,0,4,0
44601,2,11,1,0,39,10,5,0
40067,2,15,1,0,38,0,4,0
20698,2,48,1,0,13,1,5,0
5027,2,20,1,4000,100,9,3,0
15870,2,16,1,5527,18,12,5,0
8971,1,5,1,0,12,0,3,0
1249,2,10,1,4000,100,0,3,0
25868,1,16,1,6000,32,0,5,0
36023,1,38,1,10000,9,60,9,0
25825,1,29,1,9000,8,2,8,0
43397,1,17,2,5000,25,0,4,0
27518,1,23,1,932,6,0,2,0
7092,1,5,1,13000,4,0,12,0
49140,1,25,1,2325,23,0,5,0
23379,2,24,1,14165,27,0,18,0
8050,1,5,1,3000,22,0,2,0
39024,1,44,1,0,16,5,3,0
32099,1,5,1,6000,68,0,5,0
48091,2,37,1,0,92,34,7,0
24264,1,45,1,3243,100,0,4,0
21633,1,49,1,4000,19,0,3,0
36575,2,32,1,5155,37,28,27,0
20276,1,2,1,563,24,1,3,0
36193,1,32,1,8000,44,0,7,0
7949,1,48,1,10000,82,16,9,1
31860,1,48,1,10127,22,0,13,0
45884,1,43,1,6000,22,1,5,0
5372,1,5,1,0,4,60,2,0
10563,1,10,1,4000,28,0,3,0
7776,1,44,1,6000,17,0,5,0
10733,2,10,1,4493,30,0,16,0
15422,1,5,1,0,15,0,4,0
6389,1,39,1,2105,24,2,30,0
46052,1,11,1,10415,46,1,10,0
28228,1,25,1,0,100,16,4,0
43522,1,15,1,1856,18,9,10,0
39882,2,1,1,10000,40,0,9,0
43207,1,35,1,0,10,0,10,0
14922,2,39,1,5407,3,0,6,0
16618,1,29,1,0,32,0,5,0
26781,1,32,1,10000,43,0,9,0
33712,1,36,1,9000,14,0,8,0
27666,1,11,1,4000,24,0,3,0
7603,1,10,1,4000,4,2,3,0
11106,2,5,1,8584,33,0,15,0
9565,1,3,1,5000,19,0,4,0
9577,2,21,1,3000,18,0,2,0
8440,1,15,1,4000,24,0,3,0
20274,2,5,1,3000,42,0,2,0
45355,2,46,1,0,7,0,4,0
45428,2,19,1,1876,92,0,5,0
36358,2,2,1,1219,35,0,5,0
39904,2,39,1,4000,17,0,3,0
8472,1,48,1,3161,52,0,7,0
10332,1,44,1,7175,26,0,7,0
38136,1,5,1,2755,4,33,2,0
17025,2,9,2,5000,15,0,4,0
23029,2,20,1,0,12,0,12,0
31199,1,44,2,0,30,1,9,0
35121,1,5,1,0,29,0,5,0
48756,1,41,1,4906,16,13,6,0
22179,2,3,1,4275,22,0,10,0
46954,1,2,1,8000,81,0,7,0
46818,2,11,1,99,2,0,17,0
12076,1,44,1,5000,25,16,4,0
10498,2,43,1,4000,32,38,3,0
979,2,32,1,6188,38,0,29,0
10543,1,5,1,0,9,0,12,0
34901,2,28,1,8000,26,5,7,0
30469,1,39,1,5000,9,0,4,0
3156,1,4,1,1565,100,0,4,1
2087,1,38,1,7000,24,0,6,0
42742,2,5,1,5000,29,32,4,0
16243,2,8,1,0,52,0,2,0
28663,1,39,1,6000,29,0,5,0
39799,1,23,1,0,11,14,6,0
3257,2,36,1,0,16,22,2,0
36377,1,5,1,629,12,2,2,0
40801,1,4,1,3000,100,5,2,0
9340,1,29,1,5000,52,2,4,0
34164,2,35,1,2541,7,0,22,0
28723,1,37,1,5000,19,0,4,0
13992,2,39,1,4000,11,0,3,0
14652,2,11,1,0,100,4,3,1
21596,1,44,1,1255,13,0,3,0
20255,1,43,1,14000,4,6,13,0
16970,1,35,1,0,36,0,16,0
16214,1,5,1,968,16,0,9,0
47246,2,5,1,10902,40,6,17,0
5560,1,6,1,0,23,21,4,0
22536,1,22,1,0,40,0,12,0
47881,1,32,1,0,47,0,8,0
1501,1,37,1,2844,49,0,8,0
12300,2,29,1,8906,9,0,13,0
26774,2,15,1,2116,5,0,7,0
13271,1,44,1,3916,61,0,5,0
25608,1,10,1,2477,30,0,16,0
1527,2,49,1,7000,6,0,6,0
32228,1,5,1,0,48,0,12,0
17457,2,7,1,4000,81,0,3,0
21632,1,10,1,12973,26,1,26,1
39577,1,20,1,11953,10,9,12,0
28864,1,10,1,49,6,2,4,0
43769,1,6,1,10423,13,2,10,0
11261,1,39,1,0,30,0,7,0
25664,1,10,2,10377,18,25,22,0
32174,1,48,1,0,22,60,6,0
5781,2,48,1,6000,6,0,5,0
22782,1,48,1,4000,11,13,3,0
1759,2,35,1,770,19,2,3,0
43670,1,20,1,4000,30,0,3,0
23717,1,20,1,0,18,0,16,0
4802,2,24,1,0,35,0,17,0
29233,1,18,1,4000,8,1,3,0
10947,1,44,1,4000,100,0,3,0
11931,1,5,2,6000,6,0,5,0
15342,2,34,1,11882,12,12,14,0
23677,2,35,1,4026,3,6,10,0
35723,2,2,1,8000,100,44,7,1
45737,1,32,1,26,13,10,12,0
213,2,21,1,1972,12,0,9,0
42388,1,44,1,10000,73,0,9,1
8796,1,35,1,0,68,3,35,0
17278,2,5,1,16893,80,0,41,1
19043,1,36,1,3000,13,0,2,0
17681,2,34,1,10000,100,0,9,0
10363,1,11,1,0,9,1,20,0
5822,1,4,1,966,6,0,6,0
41679,1,5,1,0,100,10,3,0
3482,1,10,1,3608,15,0,4,0
43584,1,13,1,3000,10,27,2,0
40624,2,18,1,629,30,0,6,0
43096,1,18,1,15631,27,0,75,1
21821,2,5,1,2563,100,15,17,0
22630,1,16,1,4000,41,0,3,0
18419,1,10,1,3124,10,6,31,0
20480,1,26,2,4695,24,0,15,0
25181,1,15,1,0,3,23,8,0
30424,1,43,1,271,17,0,15,0
15058,2,48,1,4000,30,0,3,0
22606,2,44,1,8620,21,34,9,0
29869,1,46,1,0,9,2,2,0
45122,1,39,1,6000,10,7,5,0
15653,1,5,1,8000,16,0,7,0
46726,1,16,1,0,18,0,5,0
45094,1,10,1,0,5,46,5,0
24765,2,21,1,2636,8,3,9,0
3161,1,20,1,4000,79,7,3,0
17135,1,5,1,3000,37,0,2,0
46507,1,5,1,556,19,0,15,0
9420,1,36,1,6000,15,0,5,0
12508,1,25,1,21221,23,0,35,1
17826,1,5,1,0,3,5,5,0
33191,2,36,1,9950,8,7,9,0
24153,2,5,1,12000,16,1,11,0
13850,1,5,1,3956,35,19,3,0
7578,2,31,1,3000,7,24,2,0
41912,1,16,1,6703,19,0,19,0
12514,1,49,1,7001,2,0,15,0
9976,1,16,1,3529,14,1,21,0
12485,1,44,1,0,15,0,3,0
24179,2,17,1,0,15,14,2,0
47019,1,39,1,7000,13,0,6,0
20042,2,44,1,14998,25,3,32,1
40710,1,5,1,0,5,9,4,0
8112,2,15,1,7260,10,0,7,0
7699,2,35,1,3606,39,0,8,0
4429,1,44,2,0,59,0,4,0
1434,2,36,1,6000,2,0,5,0
20206,2,5,1,5613,11,0,9,0
43068,1,39,1,0,56,2,11,0
46387,1,10,1,4000,61,0,3,0
3110,2,29,1,8280,8,8,68,1
45710,1,7,1,0,9,0,20,0
26185,1,50,1,0,51,3,4,0
10866,1,45,1,6000,3,8,5,0
40953,2,41,1,4666,15,0,31,0
2880,1,7,1,0,10,4,3,0
2751,2,27,1,7000,24,1,6,0
34923,2,36,1,0,26,2,4,0
43435,1,35,1,0,32,3,11,0
47391,1,35,1,6467,3,7,12,0
31727,1,30,1,3585,6,0,8,0
20574,2,29,1,6019,33,2,11,0
43093,1,29,1,2000,29,0,1,0
1905,2,47,1,6000,21,0,5,0
11636,1,18,1,7369,4,7,30,0
7770,1,29,2,4000,7,5,3,0
37475,1,35,1,6000,23,0,5,0
19031,1,35,1,4732,28,5,12,0
26306,1,15,1,5000,39,0,4,0
24910,1,23,1,3376,6,3,3,0
13354,2,43,1,0,4,2,9,0
33882,1,33,1,7000,38,1,6,0
30377,2,5,1,4359,16,2,5,0
17937,1,38,1,824,3,0,2,0
18835,1,39,1,3671,94,6,7,0
13549,2,39,1,4000,30,7,3,0
45989,2,44,1,0,24,7,1,0
7327,2,43,1,5000,48,2,4,0
8484,1,25,1,0,40,16,3,0
24665,1,16,1,0,10,0,13,0
37939,1,10,1,4000,71,0,3,0
23019,2,43,1,1409,32,2,31,0
19108,1,10,1,1746,100,9,4,0
122,2,5,1,5689,25,0,11,0
46787,1,5,1,0,22,5,5,0
16004,1,16,2,6000,14,10,5,0
11053,2,43,1,13000,5,39,12,0
7216,1,5,1,6000,12,37,5,0
964,2,39,1,0,100,0,6,0
16611,1,5,2,4879,9,0,23,0
2848,1,10,1,4000,100,0,3,0
1148,1,35,1,3046,21,2,6,0
36349,1,46,1,0,100,22,6,0
36947,1,23,2,0,63,0,3,0
22005,1,23,1,0,29,0,6,0
37678,1,5,1,3000,16,3,2,0
13385,2,25,1,7000,28,0,6,0
6890,1,36,1,0,85,0,11,0
1252,2,44,1,2042,53,0,7,0
5282,1,48,1,5000,33,0,4,0
36266,2,35,1,3704,12,5,4,0
23453,1,44,1,13000,16,0,12,0
28481,2,4,1,5000,9,6,4,0
37378,1,35,1,4823,18,2,6,0
13210,1,48,1,5000,32,0,4,0
45375,2,35,1,0,29,5,4,0
19794,2,24,1,7000,14,0,6,0
3481,1,35,1,8666,6,7,12,0
41180,1,4,1,2963,43,0,3,0
35809,1,35,1,3000,23,27,2,0
14681,2,4,1,7000,26,0,6,0
43459,1,15,1,5801,9,0,24,0
47621,1,6,1,9047,11,0,12,0
38083,1,10,1,5000,3,0,4,0
42705,1,35,1,7000,10,0,6,0
21216,2,10,1,0,58,3,8,0
19376,1,10,1,0,19,0,4,0
30865,2,5,1,1024,14,0,15,0
4412,1,5,1,6000,5,0,5,0
27616,2,38,1,5000,32,4,4,0
21965,1,44,1,0,67,0,6,0
33322,1,5,1,0,53,0,2,0
40226,2,21,1,13000,100,12,12,1
28204,1,36,1,0,5,0,5,0
23991,2,32,1,3000,32,0,2,0
8730,1,48,1,5000,25,1,4,0
3452,1,44,1,11000,15,1,10,0
2629,2,38,1,4168,31,0,18,1
38353,1,10,1,1794,17,4,17,0
35139,1,22,1,3000,47,1,2,0
37072,2,44,1,7000,30,2,6,0
32985,1,18,1,10000,13,0,9,0
24807,1,15,1,9000,31,0,8,0
24864,1,37,1,11752,8,20,27,0
10246,2,44,1,4000,64,3,3,0
13144,1,50,1,0,2,0,2,0
35127,2,36,2,5000,47,0,4,0
49800,1,35,1,6000,19,4,5,0
42488,1,35,1,0,17,14,12,0
41056,1,48,1,0,14,0,6,0
41983,2,5,1,7000,4,4,6,0
48407,2,41,1,6000,70,0,5,0
16727,2,44,1,0,12,0,9,0
19222,2,21,1,5000,20,3,4,0
42995,1,29,1,5000,100,0,4,0
19884,2,5,1,7000,39,8,6,0
40536,1,16,1,4529,20,0,7,0
3355,1,39,1,3000,40,14,2,0
27839,1,20,1,8105,53,1,20,1
38213,2,44,1,2581,45,2,25,0
9117,2,39,1,3000,5,5,2,0
44204,1,11,1,5424,3,0,15,0
48413,2,35,1,4000,26,1,3,0
14092,1,20,1,4000,7,0,3,0
37840,2,5,1,5236,54,0,10,0
31912,1,48,1,8240,15,0,11,0
31285,1,44,1,0,66,18,11,0
13009,2,38,1,3000,21,0,2,0
16541,2,32,1,2000,33,0,1,0
47528,1,5,1,0,36,0,5,0
35135,2,5,1,2567,22,0,7,0
11850,1,19,1,0,49,0,2,0
7841,1,35,1,561,22,0,5,0
14455,1,35,1,11073,15,0,15,0
14969,2,39,1,9207,72,0,9,0
2072,1,7,1,0,54,2,7,0
19242,1,14,1,1576,16,0,7,0
19459,1,13,1,600,14,7,4,0
9359,2,5,1,110,26,0,2,0
11489,1,15,1,391,8,1,9,0
19827,2,26,1,474,9,3,2,0
31874,1,44,1,6956,16,0,19,0
35664,1,29,1,8090,20,0,15,0
265,1,25,1,2712,24,5,3,0
25297,1,15,1,11073,12,8,14,0
25957,1,19,1,0,62,0,7,0
26970,2,5,1,3000,65,0,2,0
18915,1,38,1,5000,19,0,4,0
12655,1,26,1,781,25,0,13,0
8726,1,24,1,0,2,0,2,0
42696,1,37,1,7000,100,0,6,0
23463,1,32,1,6000,79,3,5,0
14778,1,7,1,5000,6,3,4,0
9030,2,15,1,7000,2,8,6,0
48941,2,36,1,8000,9,0,7,0
34141,2,16,1,2971,10,17,13,0
38633,1,21,1,0,8,2,8,0
27860,1,35,1,0,17,0,5,0
24667,1,44,2,3000,26,0,2,0
41895,1,11,1,5160,9,0,19,0
4642,2,13,1,0,59,4,1,0
22906,1,24,1,0,8,20,5,0
33359,1,10,1,4765,28,0,4,0
9043,1,7,1,8000,25,15,7,0
41306,1,35,1,699,30,0,3,0
17780,2,39,1,3000,10,0,2,0
28791,1,6,1,6000,35,6,5,0
1720,2,41,1,5088,57,0,18,0
34559,1,46,1,4277,21,1,74,1
40770,1,21,1,8487,7,0,8,0
40393,1,18,1,9605,54,4,28,0
10719,1,24,1,15,54,3,4,0
7120,1,25,1,0,22,1,7,0
12528,1,44,1,2326,36,0,18,0
4484,1,10,1,0,10,5,3,0
25211,2,7,1,5000,23,0,4,0
47397,1,49,1,8000,36,6,7,0
30617,1,38,1,4165,21,0,75,1
20315,1,34,1,7000,100,7,6,0
20748,2,39,1,3162,30,0,5,0
12799,1,21,1,2207,31,0,6,0
36425,1,20,1,6021,10,15,9,0
30976,1,44,1,0,36,0,3,0
38894,1,26,1,0,18,0,13,0
3663,1,5,1,4000,53,45,3,0
8561,1,44,1,719,11,0,2,0
11678,2,10,1,0,19,2,3,0
14448,1,5,1,11779,97,60,23,1
19626,2,34,1,1588,47,0,7,0
31266,1,39,1,0,9,2,8,0
34935,1,35,1,14996,28,24,16,1
40820,1,10,1,0,8,1,1,0
6054,2,15,1,6000,56,1,5,0
5891,1,3,1,2536,3,0,4,0
6747,1,48,1,0,10,0,6,0
8389,1,20,1,8335,7,0,35,1
15130,1,44,1,7040,14,15,8,0
23910,1,19,1,3221,57,14,9,0
15070,1,6,1,6000,14,0,5,0
763,2,31,1,2358,11,1,8,0
10201,1,29,1,12203,11,0,19,0
33645,1,37,1,2036,65,0,10,0
13832,1,39,1,0,21,0,6,0
45857,2,18,1,4000,100,0,3,0
49235,2,11,2,8289,9,0,38,1
37719,2,6,1,0,11,0,2,0
21598,2,44,1,0,27,0,32,0
6769,1,46,1,9812,47,0,12,0
16505,1,46,1,5000,68,0,4,0
4635,1,18,1,8303,10,0,15,0
7439,1,41,1,3000,20,1,2,0
32213,2,15,1,1273,11,4,8,0
6880,1,46,1,7211,50,1,11,0
36037,2,13,1,10000,3,0,9,0
10985,1,43,1,0,4,0,2,0
15393,2,43,1,6000,7,0,5,0
19980,1,44,1,0,63,0,4,0
12785,1,15,2,9000,10,0,8,0
26229,2,15,1,0,2,0,66,0
24824,1,10,1,5000,53,24,4,0
38254,2,32,1,0,18,0,28,0
28867,2,15,1,5000,11,0,4,0
48558,2,17,1,5952,90,0,10,0
44181,1,22,1,789,2,0,12,0
22200,1,34,1,0,8,0,9,0
47631,1,5,1,5000,40,0,4,0
26576,1,49,1,0,21,6,9,0
13939,2,25,1,0,10,11,7,0
6597,2,1,1,10000,2,3,9,1
48996,1,35,1,0,20,20,2,0
26586,1,24,1,12095,45,1,16,0
12894,1,48,1,7000,9,0,6,0
34203,1,31,1,7542,48,0,19,1
42520,1,30,2,4000,33,0,3,0
25988,2,16,2,0,4,0,6,0
34383,2,44,1,12000,6,0,11,0
38074,1,11,1,4000,8,0,3,0
6001,1,21,1,11995,50,0,16,1
26671,1,48,1,2652,11,0,2,0
9509,1,35,1,4000,6,0,3,0
35512,1,5,1,0,14,0,4,0
3966,1,11,1,6000,10,0,5,0
12221,1,21,1,5034,27,3,5,0
39286,2,6,1,0,50,0,7,0
11258,1,39,1,6000,2,10,5,0
21430,1,19,1,8000,63,0,7,0
23338,1,5,1,0,23,0,8,0
22562,1,50,1,1361,1,0,2,0
29899,2,46,1,5706,53,2,14,0
32381,1,20,1,9655,6,0,10,0
30131,2,15,1,0,28,0,75,1
18248,2,35,1,11175,21,0,18,0
48117,1,36,1,3000,7,0,2,0
21764,1,24,1,6015,12,0,7,0
4481,1,11,1,3537,37,1,3,0
25987,2,48,1,0,81,2,4,0
6265,2,41,1,3899,8,1,11,0
21642,2,18,1,3868,39,0,4,0
7595,1,48,1,3795,41,0,9,0
42036,1,23,1,4987,20,11,16,0
16186,1,44,1,8000,7,0,7,0
6815,2,9,1,7279,57,0,36,0
6726,2,41,1,0,23,22,2,0
45946,1,4,1,10951,27,6,26,1
37968,2,5,1,2490,4,1,25,0
16020,1,3,1,6000,22,3,5,0
30020,1,10,1,0,32,17,2,0
48527,1,31,1,1409,6,0,11,0
33390,2,23,1,1059,100,0,7,0
6004,1,35,1,4000,50,0,3,1
34733,1,32,2,7000,19,0,6,0
23350,1,10,1,16410,21,0,16,0
26538,1,45,1,0,30,2,9,0
27592,1,15,1,11637,4,0,11,0
16832,1,24,1,1900,35,0,9,0
22571,2,23,1,0,8,6,6,0
36674,1,38,1,1010,7,2,5,0
24308,1,5,1,6000,19,13,5,0
3407,2,44,1,9509,6,0,15,0
43263,1,32,1,0,5,0,4,0
5558,1,26,1,0,27,3,18,0
48843,2,32,1,5000,27,0,4,0
42428,1,19,1,10893,2,2,12,0
6598,2,16,1,5718,14,0,5,0
12250,1,6,1,16000,10,0,15,1
5993,1,15,1,0,14,0,5,0
9239,1,43,1,316,1,0,17,0
4431,2,44,1,6229,30,6,14,0
48959,1,37,1,6000,5,0,5,0
28999,1,41,1,4000,22,0,3,0
11371,1,46,1,4000,10,0,3,0
3166,2,3,1,5000,22,4,4,0
8106,2,35,1,0,4,0,9,0
22147,1,29,1,8000,100,7,7,0
47164,1,29,1,5144,75,10,5,0
38399,1,11,1,6000,100,0,5,0
48285,1,48,1,8000,23,0,7,0
46033,2,5,1,0,21,0,8,0
47880,2,43,1,10484,38,3,10,0
12098,1,21,1,0,11,4,2,0
5825,1,5,1,6508,19,0,26,0
4198,1,32,1,3076,12,0,7,0
38802,1,6,1,3000,19,0,2,0
24281,1,23,1,3738,29,0,9,0
4127,2,44,1,1603,8,8,6,0
43652,1,44,1,8000,6,38,7,0
20054,2,46,1,10586,4,2,56,0
18164,1,29,1,3297,27,0,13,0
17738,1,48,1,10954,11,0,14,0
41120,2,27,1,6000,10,0,5,0
37113,2,10,1,3000,13,0,2,0
45196,1,36,1,891,44,0,2,0
29699,1,13,1,2692,21,0,9,0
19069,1,15,1,13062,23,3,28,0
244,1,16,1,5000,55,0,4,0
21367,1,15,1,2195,6,2,4,0
34084,2,23,1,0,16,3,7,0
22863,1,11,1,16845,18,21,35,1
22490,1,5,1,1912,2,5,43,0
12731,1,19,1,0,53,3,2,0
15752,1,15,1,14000,35,0,13,1
43723,1,36,1,2995,22,9,11,0
24979,1,44,1,11000,4,1,10,0
42304,1,32,1,0,22,0,18,0
704,1,5,1,3626,96,0,10,0
38251,1,36,1,0,8,11,5,0
17793,1,19,1,1183,6,0,4,0
42967,1,5,1,6000,15,2,5,0
44468,1,40,2,0,10,38,6,0
8341,1,36,1,2348,2,0,9,0
16338,2,46,1,3914,52,0,16,0
26382,2,46,1,7729,7,52,25,0
5977,2,5,1,2244,6,6,6,0
39762,2,5,1,6000,24,0,5,0
1897,1,25,1,0,4,0,5,0
35918,1,48,1,12000,28,0,11,0
35800,2,20,1,5012,49,14,10,1
16240,1,46,1,16942,37,0,19,1
4255,1,5,1,0,49,0,7,0
40665,1,46,1,12192,10,0,21,0
25515,1,26,1,7281,4,13,7,0
22668,1,23,1,355,2,41,6,0
23476,1,11,1,5000,19,0,4,0
9754,2,37,1,7000,11,0,6,0
853,2,5,1,4135,100,1,9,0
34150,1,33,1,18000,86,1,17,1
11734,2,37,1,0,100,4,33,0
8846,2,48,1,4000,37,0,3,0
16779,2,4,1,5000,100,0,4,0
43332,1,19,1,5000,39,1,4,0
37179,1,5,1,4000,28,0,3,0
28750,2,36,1,5777,77,0,5,0
17861,2,46,1,3000,7,0,2,0
38703,1,39,1,4924,81,0,6,0
7582,1,3,1,0,12,6,9,0
3840,2,19,1,7000,100,0,6,0
25743,1,35,1,4000,30,0,3,0
27853,1,36,1,0,9,2,18,0
2311,2,31,1,2385,15,0,11,0
12328,1,32,1,0,36,30,18,0
11866,1,16,1,13934,27,8,21,0
38149,1,19,1,4821,39,0,17,0
44218,1,34,1,2034,4,0,20,0
37404,1,24,1,8000,6,27,7,0
40114,1,19,1,4534,24,0,44,0
36715,1,44,1,0,47,0,4,0
42284,1,5,1,3083,14,2,8,0
47479,2,3,1,7860,17,0,14,0
4269,1,29,1,3000,9,0,2,0
5262,2,10,1,0,3,0,4,0
9998,1,15,1,8000,24,0,7,0
31052,1,5,1,0,13,0,10,0
41147,1,44,1,3000,4,0,2,0
29669,2,4,1,0,77,0,3,0
33534,1,37,1,0,21,7,3,0
43501,1,29,1,4000,14,0,3,0
21408,1,15,1,6020,6,4,26,0
49283,1,33,1,6113,24,2,7,0
35272,2,43,2,9000,13,0,8,0
6605,2,36,1,7000,42,0,6,0
7793,2,44,1,50,48,0,12,0
26916,1,49,1,8728,39,0,13,0
42301,2,44,1,0,14,0,13,0
28105,1,15,1,0,7,0,3,0
1297,1,17,1,3000,4,5,2,0
28157,1,34,1,0,73,0,2,0
18484,2,36,1,6000,6,4,5,0
26389,1,15,1,7000,95,4,6,0
24980,2,35,1,0,4,0,3,0
35265,2,6,1,2504,87,0,6,0
4668,2,36,1,1549,30,14,3,0
39947,2,44,1,8000,39,0,7,0
1027,2,44,1,0,2,4,12,0
43973,2,5,1,4000,25,3,3,0
30715,1,13,1,10000,76,3,9,0
34385,1,48,1,2000,14,7,1,0
6019,1,36,1,3175,26,6,7,0
33287,1,39,1,6169,100,0,10,0
33030,2,10,1,6000,5,0,5,0
5741,1,36,1,7000,13,8,6,0
32969,1,5,1,0,68,13,10,0
19549,2,11,1,0,17,1,4,0
43806,1,29,1,471,23,9,2,0
38300,1,6,1,0,41,2,18,0
20261,2,3,1,0,14,37,13,0
48081,1,12,1,1893,12,3,3,0
44745,1,20,1,2841,10,3,7,0
5337,1,34,1,298,42,0,27,0
4718,1,36,1,5000,43,2,4,0
26060,1,10,1,6000,30,13,5,0
33545,1,5,1,4389,39,5,11,0
47411,2,44,1,2608,8,2,6,0
32843,2,10,1,0,31,0,3,0
44646,1,4,1,9832,9,8,11,0
33355,2,44,1,7000,55,0,6,0
19848,1,17,1,0,29,0,6,0
23535,1,35,1,3000,26,6,2,0
31355,1,6,1,0,8,0,2,0
5859,1,24,1,6000,20,2,5,0
46626,1,10,1,7000,9,0,6,0
48179,1,35,1,0,49,12,3,0
25079,2,35,1,2154,13,0,4,0
5108,1,20,1,7000,41,0,6,0
30843,1,11,1,7172,34,6,19,0
21971,1,34,1,11074,12,3,14,0
43091,1,13,1,0,25,1,18,0
34437,1,27,1,4413,13,0,4,0
8970,1,28,1,4504,32,0,12,0
17872,1,5,1,0,32,0,3,0
20020,2,14,1,1533,11,18,3,0
20352,2,6,1,0,22,0,4,0
16442,2,48,1,0,20,0,3,0
36411,1,37,1,0,7,0,2,0
13871,2,5,1,0,4,6,9,0
19166,1,35,1,3000,12,0,2,0
1565,2,34,1,2617,43,0,5,0
19897,2,44,1,728,100,8,2,0
21745,2,46,1,5000,40,11,4,1
26066,1,13,1,0,2,1,7,0
19022,1,15,1,5000,68,0,4,0
12277,2,6,1,12136,10,0,32,1
25798,2,10,1,12000,51,0,11,1
26444,2,39,1,13591,22,0,14,1
20723,2,15,1,3000,10,13,2,0
24397,1,34,1,8742,30,0,9,0
44820,2,16,1,1335,23,0,3,0
21262,2,10,1,6000,8,0,5,0
41145,2,5,1,6000,25,0,5,0
31445,2,38,1,13000,5,7,12,0
46792,1,46,1,0,8,0,4,0
40250,1,5,1,5000,16,11,4,0
45625,2,43,1,1119,6,0,7,0
34609,1,3,1,4000,7,0,3,0
30648,1,10,1,0,3,0,11,0
14757,2,35,1,3000,22,47,2,0
34104,2,11,1,4861,54,3,10,0
2002,1,20,2,0,9,0,13,0
49479,2,20,1,5000,67,1,4,0
41389,2,15,1,7902,59,2,10,0
776,2,35,1,0,29,0,4,0
43368,1,36,1,5000,10,0,4,0
40187,1,6,1,5000,50,0,4,0
29999,1,10,1,3000,100,11,2,0
984,2,2,1,4690,12,1,6,0
44238,2,32,1,9000,14,2,8,0
1388,1,35,1,8000,6,0,7,0
39438,1,35,1,1549,5,0,3,0
29391,2,48,1,4000,2,24,3,0
14151,2,41,1,13000,29,0,12,0
10447,1,10,1,0,26,4,13,0
36210,1,15,1,11000,7,0,10,0
7286,1,35,1,1577,20,1,4,0
23995,2,12,1,7000,3,0,6,0
47490,1,47,1,8000,10,0,7,0
37725,1,2,1,0,7,7,5,0
1816,1,38,1,0,10,0,16,0
22256,1,7,1,2335,8,4,13,0
140,1,43,1,355,16,0,32,0
30595,2,29,1,0,100,0,5,0
40325,1,7,1,14000,67,3,13,1
48774,2,35,1,4834,58,0,29,0
9474,1,29,1,3000,14,0,2,0
45193,1,32,1,16956,8,0,21,0
14704,2,25,1,0,10,0,2,0
32790,1,39,1,1630,27,0,5,0
5916,1,11,1,0,100,0,6,0
36273,2,34,1,0,93,0,4,0
17087,1,16,1,3000,32,0,2,0
12278,2,11,1,0,10,0,6,0
24351,1,35,1,5000,48,0,4,0
48768,2,11,1,3000,13,0,2,0
41243,2,24,1,4000,10,0,3,0
27317,1,43,1,6000,21,0,5,0
46647,1,11,1,0,50,0,11,0
13534,2,5,1,13000,5,0,12,0
6581,2,16,1,1934,23,1,3,0
38690,1,2,1,0,31,0,17,0
26388,2,46,1,9377,47,8,13,0
46377,2,46,1,665,100,9,15,0
5687,1,43,1,3000,14,0,2,0
44433,1,7,1,0,17,0,6,0
1795,1,5,1,7775,49,8,7,0
26360,1,44,1,0,29,0,4,0
5532,1,39,1,3435,12,7,8,0
35252,1,11,1,13000,26,0,12,0
44178,1,24,1,4430,5,0,9,0
17653,2,43,1,0,1,2,10,0
18150,1,44,1,0,3,0,8,0
31264,1,6,1,2000,11,24,1,0
21298,2,5,1,0,9,0,7,0
32728,1,5,1,6000,9,2,5,0
8868,1,36,1,0,6,0,6,0
4621,2,35,1,2451,7,0,2,0
7644,1,5,1,0,11,0,11,0
456,2,10,1,6000,32,0,5,0
12242,1,20,1,5045,77,0,8,0
14135,1,39,1,3805,4,0,9,0
16297,1,48,1,7317,82,0,8,0
35552,1,35,1,14000,100,0,13,0
30706,1,29,1,6392,40,0,6,0
47367,1,17,1,5000,2,0,4,0
10819,1,39,1,0,69,0,4,0
11977,1,5,1,1914,18,0,2,0
12081,1,5,1,0,3,0,6,0
45571,2,25,1,4000,11,6,3,0
21485,2,44,1,13000,6,2,12,0
3034,1,45,1,0,86,0,17,0
44710,1,4,1,0,9,6,11,0
23128,2,44,1,10113,17,0,75,1
1614,1,29,1,0,10,6,3,0
12247,1,29,1,5000,49,0,4,0
14650,1,5,1,14632,5,2,14,1
46990,1,44,1,2081,57,1,12,0
6170,2,17,1,0,24,0,7,0
120,1,11,1,9000,24,0,8,0
42090,2,35,1,10266,14,5,15,0
47758,1,46,1,0,93,0,15,0
13199,2,45,1,2908,23,21,3,0
44621,1,35,1,2216,7,0,3,0
2042,1,43,1,15223,6,2,32,0
43401,2,2,1,0,17,7,6,0
35232,1,48,2,4752,9,41,24,0
22735,2,15,1,6000,2,0,5,0
37443,2,10,1,7000,49,60,6,1
28829,2,11,1,0,38,0,4,0
24928,1,41,1,0,11,4,24,0
9526,2,20,1,4010,33,0,5,0
44551,1,21,1,6469,88,0,8,0
36214,2,38,1,3088,14,0,4,0
42194,1,6,1,4000,22,4,3,0
29137,1,5,1,827,21,0,22,0
49246,1,10,1,4000,11,0,3,0
42620,1,39,1,8000,10,42,7,0
21207,2,43,1,0,13,0,18,0
5706,2,17,1,10000,79,3,9,1
41807,1,44,1,9000,7,0,8,0
33339,1,44,1,5244,3,1,18,0
37417,2,43,1,0,85,0,7,0
47029,2,5,1,0,28,7,35,0
37957,1,19,1,0,9,0,7,0
19248,2,36,1,0,26,4,3,0
40549,1,5,1,2361,39,0,8,0
22650,1,4,1,6000,14,0,5,0
8708,1,10,1,0,5,0,5,0
28588,2,46,1,12000,23,0,11,0
45821,1,28,1,0,22,10,7,0
1276,1,44,1,10000,26,0,9,0
10355,2,39,1,858,50,0,3,0
38836,1,21,1,0,14,4,3,0
29674,1,10,1,7461,4,0,16,0
16042,1,10,1,1915,45,6,12,0
2216,2,43,1,3000,9,15,2,0
30007,2,39,1,3703,55,0,10,0
39744,1,41,1,11333,17,0,19,1
2010,1,5,1,4712,26,32,37,1
17759,1,10,1,10000,7,0,9,0
48441,1,35,1,4000,46,5,3,0
31908,2,10,1,0,18,0,11,0
41135,2,35,1,0,37,2,4,0
15886,2,5,1,7000,23,0,6,0
23943,2,44,1,5000,51,0,4,0
14219,2,6,2,5000,15,0,4,0
34806,2,33,1,8936,18,0,16,0
8638,2,33,1,7292,7,7,8,0
21648,1,10,1,5167,42,0,8,0
36275,1,29,1,4282,23,7,5,0
5163,1,39,1,724,42,7,18,0
48889,1,32,1,1923,26,1,2,0
8833,1,25,1,12932,22,0,48,1
18859,1,19,1,6221,25,0,6,0
33304,1,44,2,3592,8,0,34,0
16812,1,41,1,6207,16,6,12,0
45429,1,45,1,4000,8,0,3,0
37921,2,6,1,5000,8,0,4,0
15483,1,11,1,1245,20,0,3,0
43410,1,7,1,4227,35,53,16,0
40866,1,10,1,7579,9,0,8,0
15879,1,11,1,0,53,0,4,0
41658,1,35,1,5737,12,36,5,0
32107,2,13,1,9000,27,2,8,0
41177,2,36,1,6000,17,0,5,0
8919,1,5,1,5000,6,0,4,0
22965,2,5,1,21606,20,1,44,1
45335,2,18,1,0,52,0,4,0
34423,2,34,1,0,12,40,15,0
49121,1,11,1,19000,100,7,18,1
15671,1,15,1,3000,21,0,2,0
22819,1,44,1,0,24,0,10,0
35838,1,7,1,6000,57,7,5,0
42326,2,15,1,3000,100,0,2,0
44938,1,32,1,4000,8,4,3,0
4171,1,38,1,3045,18,3,4,0
17820,1,23,1,0,11,7,31,0
48951,1,5,1,18941,99,0,30,1
21157,2,11,1,5000,27,0,4,0
25950,1,11,1,3000,20,5,2,0
27890,1,29,1,3000,37,33,2,0
11150,1,44,1,4000,46,0,3,0
15969,2,5,1,10996,44,0,12,0
31327,1,39,1,8000,64,29,7,0
37611,2,39,1,2234,33,9,19,0
43253,2,39,1,7865,9,0,22,0
22271,1,5,2,0,95,0,7,0
12775,1,5,1,0,100,0,2,0
22671,2,11,1,14319,19,0,18,0
10384,1,10,1,3000,66,11,2,0
44695,1,15,1,9000,6,0,8,0
14593,1,23,1,4000,24,4,3,0
872,2,39,1,4056,31,3,6,0
3581,1,4,1,814,25,0,5,0
4710,2,6,1,4000,37,30,3,0
41938,1,48,1,0,20,1,10,0
43013,1,49,1,7000,12,2,6,0
991,1,18,1,0,100,11,7,0
44888,2,5,1,9000,24,0,8,1
27301,1,16,1,9115,14,13,10,0
123,1,44,1,651,12,0,5,0
20316,1,32,1,2871,41,0,13,0
24203,1,35,1,8413,100,7,8,1
28595,1,45,1,2415,8,8,10,0
9095,2,44,1,5000,15,0,4,0
19035,1,43,1,13504,24,0,18,0
3209,1,22,1,1316,17,0,21,0
18295,2,7,1,2668,14,27,13,0
19120,1,9,1,4000,39,0,3,0
2075,2,49,1,0,12,0,5,0
25653,1,24,1,4240,59,0,6,0
23523,2,23,1,10238,21,0,47,1
42660,1,23,1,0,57,0,7,0
27179,1,6,1,0,11,0,5,0
40732,2,20,1,0,77,0,26,0
22574,2,5,1,643,3,0,12,0
47126,1,1,1,0,15,0,10,0
24981,1,5,1,5643,23,0,9,0
35004,1,10,1,6131,22,0,39,0
19101,1,5,1,5861,7,1,9,0
12326,1,15,1,3000,8,2,2,0
13627,2,10,1,2608,100,0,4,1
30953,2,25,1,4248,100,4,12,0
21979,1,10,1,9000,10,5,8,0
14723,2,36,1,0,2,0,8,0
40153,2,5,1,6590,85,5,10,0
13129,2,19,1,0,29,2,8,0
34481,2,4,1,3000,22,0,2,0
11502,1,15,1,0,46,3,2,0
17367,1,11,1,13309,17,0,21,0
26698,1,35,1,5922,21,4,5,0
36015,2,49,1,8791,94,1,16,1
20175,2,5,1,4000,7,0,3,0
42119,2,7,1,0,38,6,3,0
35658,1,22,1,4000,7,5,3,0
10844,2,48,1,2599,83,2,19,0
36316,2,39,1,5000,28,4,4,0
21500,2,20,1,2840,8,0,6,0
15123,2,33,1,0,8,0,7,0
47630,1,37,1,7322,6,0,9,0
1995,1,10,1,5000,11,6,4,0
11896,2,49,1,0,18,0,6,0
18177,2,5,1,0,20,0,2,0
10798,1,35,1,0,12,8,9,0
26089,1,5,1,2704,100,0,4,0
26311,2,5,1,1820,100,2,13,0
16597,1,10,1,10000,24,0,9,0
10651,1,22,1,9000,83,2,8,0
7590,1,27,1,3000,19,4,2,0
14735,1,3,1,1809,61,1,8,0
1663,2,35,1,0,11,0,5,0
12630,2,25,1,0,16,15,7,0
28930,1,11,1,3000,22,0,2,0
17184,2,32,1,5000,7,0,4,0
9557,2,36,1,11000,60,34,10,1
46840,2,44,1,21383,100,9,38,1
36672,1,5,1,3756,4,0,4,0
26851,2,14,1,0,65,0,7,0
6997,2,39,1,3169,31,16,3,0
23216,2,25,1,3954,9,15,8,0
48518,1,13,1,4000,16,1,3,0
42184,1,44,1,3000,15,5,2,0
4451,1,35,1,0,5,5,2,0
16133,1,43,1,5278,14,0,5,0
24700,2,46,1,14147,12,8,14,1
8100,1,21,1,6207,14,5,8,0
32006,1,50,1,0,14,0,4,0
7058,2,44,1,10033,15,1,16,0
18467,2,24,1,11000,82,0,10,1
43041,2,21,1,468,9,0,12,0
32000,1,35,2,3000,55,9,2,0
49576,1,44,1,5379,36,1,5,0
47433,1,44,1,239,62,5,4,0
22601,2,5,1,11000,48,13,10,1
12460,2,5,1,12000,100,0,11,1
41016,2,6,1,0,28,7,3,0
45993,1,11,1,8558,20,3,10,0
20465,1,2,1,9177,25,0,16,0
2391,1,6,1,4851,3,3,7,0
1521,1,44,1,3739,33,0,3,0
13986,2,10,1,12000,19,2,11,1
27469,1,29,1,5000,3,0,4,0
9748,2,35,1,0,7,0,39,0
16986,1,10,1,1901,24,53,2,0
15802,1,5,1,1852,5,10,14,0
42396,2,20,1,6000,100,50,5,1
10604,1,5,1,0,10,1,7,0
18747,2,5,1,3074,36,6,3,0
30973,2,36,1,13000,100,0,12,1
40627,1,10,1,0,3,0,19,0
45086,1,21,1,8855,9,0,19,0
33186,2,18,1,0,5,18,75,0
43302,2,16,1,7000,42,17,6,0
45723,2,36,1,15512,34,0,75,1
35361,1,32,1,0,30,1,5,0
34586,1,39,1,3000,55,0,2,0
6935,1,39,1,7000,32,0,6,0
1872,2,32,1,1239,3,41,18,0
37162,1,11,1,3943,55,5,13,0
24085,1,35,1,0,27,9,13,0
13840,1,36,1,8000,11,0,7,0
21411,2,36,1,0,18,0,10,0
33848,1,16,1,2040,14,0,4,0
8815,1,11,1,1835,24,0,3,0
29269,1,23,1,5444,10,0,10,0
21845,2,35,1,8112,29,1,11,0
44501,2,39,1,4000,10,0,3,0
36623,2,13,1,5000,4,3,4,0
6253,1,32,1,0,3,0,2,0
36627,2,20,1,5000,15,5,4,0
22092,1,44,2,2788,29,0,3,0
45919,2,44,1,0,10,0,22,0
11559,1,45,1,5784,31,16,7,0
3726,2,48,1,0,17,0,7,0
12379,2,46,1,0,4,0,44,0
34518,1,13,1,1564,56,0,7,0
9920,2,36,1,192,19,5,5,0
28727,1,4,1,5000,63,0,4,0
47572,2,7,1,3000,50,0,2,0
15003,1,24,1,1707,56,0,8,0
11859,2,23,1,8000,38,0,7,0
40965,2,35,1,6931,8,0,9,0
6149,2,22,1,3615,13,9,4,0
12310,2,44,1,0,25,0,6,0
27707,1,45,1,5000,44,2,4,0
10855,1,48,1,17056,28,0,27,1
16798,2,11,1,0,40,16,26,0
35880,2,16,1,0,13,0,10,0
49856,1,37,1,14000,57,0,13,0
2657,1,24,1,3965,19,0,29,0
32380,2,2,1,3911,15,6,8,0
47978,1,20,1,4595,1,6,16,0
6978,2,28,1,0,14,0,4,0
43466,2,10,1,0,65,0,2,0
22658,1,32,2,0,100,0,10,0
18251,1,29,1,3000,39,0,2,0
1312,1,4,1,4000,18,0,3,0
23760,1,35,1,3121,23,2,4,0
21790,1,5,1,4000,28,0,3,0
15707,2,22,1,4393,42,39,4,0
7724,1,5,1,0,6,3,7,0
34709,1,48,1,0,12,0,9,0
29409,2,4,1,6599,100,19,15,0
21364,2,5,1,6000,1,0,5,0
38529,1,10,1,4541,15,51,4,0
8020,2,5,1,5000,21,0,4,0
2154,1,18,1,0,100,0,5,0
30044,2,25,1,0,4,3,5,0
7843,2,7,1,0,42,0,5,0
4953,2,4,1,7053,11,0,18,0
31548,2,11,1,3000,47,0,2,0
21215,2,43,1,6000,7,0,5,0
42178,1,4,1,4341,70,0,6,0
45711,2,39,1,503,43,0,12,0
17079,1,41,1,3000,48,6,2,0
3251,1,5,1,6027,6,0,6,0
35468,2,5,1,1014,6,0,17,0
18480,1,43,1,12899,100,2,16,1
1150,1,5,1,7177,90,1,75,1
40436,1,46,1,5000,43,10,4,0
37902,1,21,1,10465,12,0,14,0
31384,1,41,1,7279,3,1,8,0
39368,1,16,1,3058,12,2,32,0
42411,1,32,1,0,100,5,3,0
45164,2,18,1,6894,7,0,18,0
47450,2,44,2,0,64,8,8,0
31072,1,10,1,0,41,5,18,0
36839,1,35,1,0,38,0,10,0
38477,2,29,1,0,7,0,20,0
35285,1,46,1,0,89,11,7,0
12479,1,49,1,1685,49,9,5,0
1306,1,29,1,11081,25,0,11,0
9540,1,44,1,4000,100,0,3,0
1982,1,7,2,4000,49,14,3,0
41358,2,10,1,4000,32,0,3,0
34254,1,5,1,3000,20,8,2,0
1030,2,44,1,5000,13,0,4,0
6900,2,46,1,3000,6,0,2,0
47687,1,17,1,4000,99,0,3,1
14078,2,10,1,0,29,0,11,0
1731,2,27,1,9000,27,0,8,0
33916,2,5,1,4000,50,4,3,1
47104,2,39,2,5000,6,1,4,0
21026,2,28,1,0,41,11,7,0
15062,1,44,1,7880,2,0,7,0
12338,1,5,1,0,18,0,8,0
37851,1,16,1,14161,8,0,33,0
12074,1,5,1,3954,99,0,3,0
29436,1,35,1,12729,6,0,21,1
2079,1,6,1,7000,22,0,6,0
25112,1,16,1,15000,21,0,14,0
10864,2,6,1,0,6,8,4,0
43612,2,41,1,11000,3,0,10,0
38076,2,6,1,2586,8,1,20,0
42758,1,7,1,0,59,0,2,0
33097,2,31,1,2000,16,2,1,0
37346,2,39,1,0,48,0,3,0
39397,1,25,1,2106,20,0,7,0
6220,2,44,1,4000,30,1,3,0
4752,1,10,1,0,12,0,14,0
16234,2,29,1,5000,14,55,4,0
14059,2,48,1,8964,23,0,12,1
33370,2,5,1,2019,56,0,20,0
34804,1,5,1,3000,45,48,2,0
4464,1,10,1,4065,24,0,10,0
3164,2,21,1,6863,19,8,13,0
9803,1,5,1,3000,6,0,2,0
23883,1,20,1,2657,72,0,4,0
25613,1,5,1,0,40,0,14,0
42250,2,6,1,3006,7,3,8,0
14058,1,20,1,5000,17,39,4,0
37547,1,16,1,0,17,7,4,0
26240,1,39,1,3000,34,3,2,0
12064,1,44,1,0,18,0,8,0
48353,1,35,1,0,8,0,75,0
29705,2,10,1,7000,30,1,6,0
46218,1,44,1,0,10,7,3,0
20604,2,24,1,5000,47,0,4,0
29146,2,48,1,0,18,4,8,0
49851,2,45,1,3922,19,5,22,0
20072,1,39,1,10000,66,0,9,0
1143,2,6,1,2176,12,0,68,0
7449,1,24,1,7272,5,4,14,0
45035,1,11,1,4000,7,7,3,0
48571,1,43,1,15858,12,1,22,0
34026,1,35,1,10000,88,0,9,0
1919,1,10,1,0,18,0,6,0
10139,2,4,1,8000,19,2,7,0
30752,1,17,1,4856,8,0,25,0
32548,2,32,1,956,67,0,12,0
45481,1,25,2,0,29,3,11,0
18866,2,39,1,4342,27,0,4,0
23631,1,4,1,6000,75,0,5,0
33836,1,43,1,3000,39,0,2,0
25808,2,39,1,7837,34,3,9,0
13261,1,20,1,0,20,1,6,0
30149,2,29,1,3000,18,0,2,0
47996,2,10,1,15679,43,14,15,1
17913,2,25,1,6563,11,0,15,0
38252,1,5,2,1433,42,0,4,0
2169,2,15,1,0,13,0,7,0
32169,2,36,1,3000,41,0,2,0
25229,1,9,1,9857,3,0,20,1
45609,1,48,1,0,100,4,9,0
48775,2,39,1,6000,38,30,5,0
28701,2,5,1,0,21,0,16,0
13560,2,49,1,3259,3,0,22,0
47815,1,26,1,4266,28,0,4,0
3683,1,35,1,9630,99,0,14,1
6604,2,39,2,4000,42,0,3,0
47388,1,35,1,5889,6,5,5,0
31999,1,20,1,4000,9,2,3,0
9376,1,15,1,0,7,0,18,0
34659,1,5,1,3000,31,0,2,0
26037,2,31,1,3185,30,0,19,0
30118,1,5,1,0,12,0,24,0
1203,1,5,1,680,8,0,8,0
28520,1,35,1,568,14,0,71,0
8733,1,48,1,0,36,7,3,0
3199,2,2,1,0,12,0,68,0
17609,1,5,1,4972,80,2,12,0
33272,1,4,1,5000,2,0,4,0
41530,2,24,1,4000,19,6,3,0
41885,1,10,1,0,5,4,5,0
19512,1,38,1,5000,50,18,4,0
20580,2,10,1,0,22,0,9,0
28436,1,46,1,7000,3,2,6,0
28710,1,5,1,0,21,0,3,0
34505,2,31,1,9000,15,0,8,0
22375,1,4,1,5000,19,0,4,0
26195,2,7,1,5000,12,0,4,0
383,1,47,1,5000,4,0,4,0
26818,2,39,1,3000,8,9,2,0
14138,2,41,1,4000,48,0,3,0
47364,1,39,1,2606,100,4,2,0
17941,2,35,1,0,13,0,12,0
20155,1,14,1,8419,31,1,18,0
5624,1,32,1,6000,5,0,5,0
35406,1,17,1,6178,31,0,19,0
2885,1,36,1,910,57,2,46,1
5533,2,50,1,5029,3,1,11,0
8313,1,44,1,5000,2,6,4,0
41902,1,48,1,8200,33,0,10,0
34877,1,32,1,4887,100,0,11,0
23513,2,3,1,6000,7,6,5,0
12805,1,36,1,6178,12,0,9,0
43766,1,46,1,3789,29,11,3,0
27603,2,33,1,5000,3,0,4,0
5192,1,29,1,8027,43,0,9,0
4681,2,15,1,0,100,0,34,0
31465,1,44,1,7065,88,0,12,0
2654,1,10,1,14081,83,1,15,0
39655,1,44,1,0,81,0,4,0
33976,1,22,1,4000,14,0,3,0
34217,2,11,1,0,100,0,5,0
2734,2,5,1,0,4,11,4,0
22559,1,32,1,4000,7,0,3,0
18201,1,36,1,21136,4,0,26,1
36900,1,18,1,4114,100,0,17,0
838,2,29,1,5000,49,0,4,0
12890,1,25,1,0,26,5,21,0
2753,2,19,1,9375,100,0,12,1
23522,1,44,1,0,26,0,40,0
23437,2,16,1,0,6,2,2,0
46750,2,5,1,6420,12,4,8,0
17223,1,20,1,6000,48,0,42,0
38787,1,16,1,0,22,0,4,0
28218,1,21,1,2819,11,0,3,0
7404,1,36,1,0,42,0,6,0
34043,1,41,1,0,26,0,2,0
10009,1,44,1,6824,4,0,6,0
21797,1,46,1,8000,4,14,7,0
24998,1,3,1,8000,9,0,7,0
3387,1,23,1,7239,13,2,23,0
21426,1,15,1,4725,86,1,4,0
11167,2,50,1,5604,25,1,14,0
2436,1,18,1,5724,68,6,24,0
46790,2,36,1,18661,40,2,19,1
33508,2,29,1,9185,13,0,9,0
19398,2,25,1,0,14,0,5,0
16360,1,11,1,0,5,8,3,0
34788,2,25,1,8027,40,0,34,1
35079,1,48,1,14000,3,0,13,0
12881,2,44,1,11714,17,4,14,0
35587,2,43,1,6385,100,7,7,0
21011,1,44,1,0,30,0,10,0
36376,1,44,2,0,96,0,3,0
40341,1,19,1,6000,6,0,5,0
29148,2,7,1,6000,10,15,5,0
1514,1,10,1,6680,86,3,34,0
32186,2,37,1,5420,20,0,6,0
24959,1,24,1,3000,7,5,2,0
6452,2,3,1,6000,10,0,5,0
42862,1,35,1,7000,30,0,6,0
9780,2,17,1,975,12,0,4,0
13818,2,5,1,13000,21,0,12,0
26964,2,48,1,0,8,12,16,0
40541,2,35,1,0,5,0,11,0
5093,2,5,1,11186,17,0,11,0
40964,1,15,1,0,2,2,52,0
44058,1,48,1,0,5,0,7,0
26454,1,22,1,720,79,4,3,0
34653,1,29,1,3000,10,8,2,0
362,1,5,1,3000,86,2,2,0
33800,2,3,1,7000,25,0,6,0
28341,2,35,1,974,5,2,4,0
16295,1,4,1,0,8,0,5,0
16845,1,39,1,6000,30,5,5,0
7303,2,5,1,960,6,0,23,0
36241,2,5,2,8652,28,36,8,0
45619,1,36,1,13632,5,0,14,0
32283,1,29,1,1339,81,2,4,0
13064,1,23,1,0,11,47,8,0
32326,1,13,1,6000,1,0,5,0
13985,1,12,2,8000,39,0,7,0
2347,1,7,1,13183,42,1,13,1
4469,2,6,1,5000,11,0,4,0
4209,2,5,1,4456,17,8,4,0
17684,1,35,1,0,25,0,15,0
5347,1,10,1,0,45,10,25,0
4637,1,21,1,0,35,0,3,0
20428,1,33,1,8097,27,5,45,1
49792,1,15,1,0,12,0,11,0
44243,1,5,1,4000,61,0,3,0
36978,1,15,1,5000,25,7,4,0
25727,2,46,1,0,38,1,18,0
4473,2,10,1,4000,100,1,3,1
38042,2,10,1,391,5,2,7,0
7715,1,28,1,18093,32,11,20,1
27626,1,5,1,3000,12,5,2,0
47470,1,4,1,4812,65,0,6,0
18608,1,15,1,20007,28,16,25,0
41654,2,13,1,9000,17,0,8,0
44881,1,2,2,1235,43,6,7,0
13828,1,5,1,0,29,12,1,0
46012,2,5,1,10000,18,0,9,0
15113,1,44,1,3000,22,0,2,0
24890,1,29,1,0,39,0,3,0
16899,2,49,1,10537,15,38,30,1
17980,1,35,1,9435,31,0,16,0
15428,1,20,1,4000,2,8,3,0
17492,1,25,1,5000,5,3,4,0
7103,2,29,1,0,66,0,6,0
33563,1,26,1,4898,38,8,5,0
40631,2,36,1,3518,34,0,5,0
8981,1,16,1,0,7,0,9,0
27288,2,5,1,40,32,11,8,0
33297,1,21,1,5679,15,3,19,0
3955,2,28,1,5124,24,5,5,0
5912,1,25,1,1313,10,17,15,0
28631,1,48,1,0,48,0,4,0
49232,2,34,1,4000,18,5,3,0
10696,2,49,1,3000,26,3,2,0
22139,2,10,2,4000,9,0,3,0
42545,1,21,1,488,23,7,14,0
30166,1,5,1,13000,48,0,12,0
10098,1,11,1,0,92,0,19,0
45381,1,5,1,7000,39,0,6,0
31103,2,44,1,10000,12,0,9,0
34751,2,35,1,19,65,2,5,0
27488,1,30,1,628,6,20,4,0
12834,1,5,1,3051,17,7,8,0
11396,2,29,1,10000,85,3,9,0
44384,2,35,1,5000,29,3,4,0
9856,2,21,1,5000,7,0,4,0
21002,1,5,1,4000,19,0,3,0
10753,1,37,1,9370,3,0,14,0
10031,2,48,1,15194,22,0,18,1
32066,1,5,2,8000,52,60,7,0
45758,1,48,1,0,46,10,16,0
42662,1,15,1,6000,41,9,5,0
36869,1,21,1,3806,64,0,12,0
42389,2,35,1,6000,7,0,5,0
47342,1,29,1,3420,10,0,7,0
17282,1,36,1,3189,26,0,24,0
22222,1,4,1,0,7,3,5,0
42266,1,43,1,4000,6,0,3,0
38880,2,5,1,5000,10,0,4,0
1678,1,39,1,7482,17,10,8,0
31142,2,44,1,3356,13,0,17,0
93,1,35,1,9245,9,2,11,0
35709,1,5,1,1787,18,0,6,0
14656,2,36,1,11944,32,0,11,0
3916,2,3,1,6000,6,3,5,0
49820,1,10,1,0,5,0,6,0
37934,2,16,1,13000,10,0,12,0
12043,1,10,1,4000,44,0,3,0
39306,2,5,1,16646,29,0,36,1
20916,2,3,1,6000,25,10,5,0
20268,2,44,1,3000,21,6,2,0
22840,1,46,1,4000,55,0,3,0
49947,1,43,1,8000,39,0,7,0
33342,2,44,1,5000,8,10,4,0
3892,1,19,1,0,16,5,8,0
2253,1,35,1,0,22,0,6,0
13205,1,15,1,6000,28,0,5,0
2392,1,15,1,12000,68,9,11,1
3782,1,15,1,7575,5,0,7,0
24712,1,41,1,9747,52,9,21,0
1293,1,26,1,1961,18,0,6,0
43315,1,5,1,909,49,14,3,0
5736,1,47,1,4253,14,0,28,0
90,2,2,1,4000,14,20,3,0
29923,2,38,1,4000,3,0,3,0
8029,1,44,1,3999,6,0,9,0
25012,1,5,1,2377,5,0,33,1
28752,1,32,1,3307,51,0,6,0
32550,2,43,2,0,78,4,5,0
18534,2,5,1,198,0,1,9,0
12661,1,44,1,0,65,39,2,0
36039,1,21,1,4000,6,7,3,0
27712,2,27,1,8000,56,0,7,0
16191,2,31,1,3706,1,2,3,0
43209,1,34,1,9000,5,0,8,0
20731,1,23,1,3000,85,0,2,0
25624,1,5,1,10000,14,0,9,0
18664,1,13,1,9000,6,0,8,0
54,2,5,1,8000,22,0,7,0
45246,2,19,1,5000,100,0,4,0
42460,1,35,1,3000,15,1,2,0
5485,1,44,1,4000,43,6,3,0
5911,1,39,1,8582,20,0,9,0
38408,1,5,1,2865,4,0,7,0
43780,1,43,1,11306,55,1,20,0
20852,2,19,1,4000,100,0,3,0
47507,2,5,1,18888,100,1,25,1
19416,1,5,1,2949,86,0,24,0
17382,1,5,1,2008,15,11,13,0
27130,2,44,1,0,53,0,4,0
35103,2,49,1,14000,24,0,13,0
32713,2,5,1,0,3,0,8,0
311,1,36,1,8000,57,0,7,0
1887,1,4,1,34,31,29,12,0
37001,1,23,1,3000,8,0,2,0
13251,1,39,1,5000,10,15,4,0
1248,1,11,1,2622,19,0,6,0
25244,1,3,1,809,17,0,5,0
17857,1,44,1,5750,3,0,5,0
49857,1,18,1,11000,100,0,10,1
45866,1,39,1,10257,8,2,13,0
33028,2,34,1,5000,18,52,4,0
876,2,36,1,7000,91,0,6,0
23616,2,5,1,6685,7,0,15,0
7624,1,32,1,4000,31,0,3,0
11278,2,24,1,4000,18,0,3,0
13634,1,10,1,0,3,0,7,0
12246,1,6,1,6568,29,0,58,0
41456,1,5,2,0,22,1,3,0
39774,1,29,1,0,45,60,6,0
28840,1,10,1,1239,45,12,2,0
35792,1,13,1,2001,15,26,8,0
39343,1,2,1,0,5,0,2,0
3039,2,44,1,2191,24,0,5,0
37552,1,5,1,4544,15,0,9,0
26314,2,21,1,15206,41,0,34,1
42009,1,5,1,1558,14,5,4,0
47446,1,37,1,3000,77,0,2,0
14509,1,48,1,2983,7,0,2,0
18128,2,5,1,2730,2,2,2,0
26005,1,16,1,226,28,0,6,0
14209,1,37,1,1685,3,1,5,0
21813,1,5,1,13462,47,0,14,0
22127,1,21,1,16000,5,0,15,0
3905,2,10,1,11000,60,1,10,0
21505,1,46,1,3556,4,4,3,0
6006,1,16,1,16477,11,0,16,0
38663,2,44,1,1256,21,33,10,0
28819,2,3,1,4000,7,0,3,0
42105,1,33,1,4000,26,2,3,0
4141,1,24,1,0,21,29,2,0
27623,1,35,1,0,10,5,3,0
46965,1,11,1,5000,29,33,4,0
23789,2,10,1,6155,23,0,11,0
40845,1,5,1,190,47,0,2,0
188,1,35,1,4000,4,1,3,0
8949,1,10,1,3255,69,0,4,0
23159,1,29,1,8746,34,0,25,0
32241,1,30,1,6859,100,8,6,0
4639,2,18,1,6444,18,0,6,0
49663,2,43,1,3000,33,6,2,0
33118,2,15,1,9000,9,0,8,0
48834,2,39,1,6000,22,8,5,0
40500,2,15,1,7000,100,0,6,1
46663,2,46,1,0,18,0,9,0
7356,2,29,1,6000,44,0,5,0
16900,1,11,1,3000,21,0,2,0
1713,1,35,1,4000,6,0,3,0
11899,2,36,1,9000,13,0,8,0
11182,1,44,1,5279,15,0,6,0
17243,2,44,2,0,44,1,11,0
45879,1,10,1,4000,4,0,3,0
5898,2,24,1,0,10,0,4,0
24499,1,43,1,3147,34,0,3,0
47117,2,5,1,4000,8,29,3,0
30416,2,36,1,6000,32,23,5,0
32206,1,17,1,5000,6,4,4,0
2237,2,44,1,3805,38,1,6,0
47444,2,5,1,0,36,13,11,0
16208,1,15,1,6000,16,0,5,0
16573,2,44,2,4000,11,0,3,0
23160,1,10,1,9461,100,0,40,1
2548,1,15,1,1755,5,0,3,0
37055,2,44,1,3169,10,1,15,0
32933,2,35,1,4938,9,0,6,0
25930,2,29,1,4000,19,0,3,0
46629,1,5,1,4000,42,8,3,0
15404,1,39,1,6000,7,9,5,0
16475,1,36,1,0,31,0,4,0
33395,1,4,1,0,33,1,4,0
30222,1,23,1,0,25,11,13,0
13309,1,9,1,2447,9,0,2,0
8286,1,5,1,5000,23,21,4,0
34728,1,11,1,0,5,0,7,0
30794,1,39,1,6765,7,5,8,0
35380,2,44,1,6000,21,0,5,0
17127,1,24,1,5139,9,0,5,0
37366,2,11,1,7000,25,0,6,0
21027,1,35,1,3000,48,0,2,0
28046,1,43,1,2227,23,0,2,0
49657,1,4,1,935,5,0,15,0
45835,1,4,1,8841,32,0,15,0
24461,1,18,1,3000,12,0,2,0
20577,1,44,1,3864,19,0,4,0
9675,1,43,1,3000,13,0,2,0
23948,2,36,1,12978,64,0,15,1
36884,2,32,1,5184,96,0,19,0
33156,1,35,2,471,17,2,8,0
41448,1,32,1,10006,6,0,13,0
8945,2,45,1,0,13,0,6,0
18989,1,10,1,0,48,0,3,0
335,2,4,1,6000,15,0,5,0
8409,2,5,1,1331,20,0,4,0
41981,2,44,1,0,11,22,3,0
82,2,10,1,0,19,0,5,0
12519,1,37,1,807,4,4,3,0
15925,2,32,1,10598,28,0,19,1
7788,1,6,1,8758,22,0,16,0
6165,2,28,1,6000,13,4,5,0
45040,1,35,1,8000,12,0,7,0
29919,1,13,1,3732,66,0,12,0
47875,2,4,1,0,14,0,3,0
21722,1,11,1,0,22,0,4,0
40918,2,44,1,0,14,0,11,0
28406,1,36,1,4759,5,0,4,0
6139,1,29,1,7000,12,3,6,0
16432,2,20,1,8910,8,0,15,0
22897,2,25,1,6000,12,4,5,0
39409,2,10,1,4000,8,24,3,0
7795,2,48,1,5000,11,0,4,0
35065,2,32,1,0,19,1,11,0
4971,1,48,1,4807,27,0,10,0
1067,1,50,1,327,29,7,7,0
46405,1,19,1,2000,10,23,1,0
32533,1,26,1,4000,54,6,3,0
44063,1,44,2,1722,11,4,13,0
48462,1,10,1,4838,100,0,4,0
29216,1,5,1,10000,17,36,9,0
29780,1,20,1,595,3,0,2,0
22155,1,44,1,0,19,0,2,0
40126,2,4,1,10098,100,0,10,0
16037,1,32,1,2620,10,0,8,0
34443,2,38,1,0,39,0,14,0
23015,2,5,2,8742,14,0,22,0
42717,2,10,1,0,4,0,11,0
8191,1,36,2,1372,75,0,3,0
18738,1,33,1,7714,14,0,7,0
19738,1,50,1,5000,40,0,4,0
43640,1,44,1,0,33,0,15,0
18292,1,10,1,0,26,1,5,0
12909,1,2,1,6000,15,6,5,0
15436,1,35,1,0,8,0,16,0
2835,1,22,1,6000,8,1,5,0
5239,2,25,1,3163,55,17,4,0
40450,2,15,1,0,2,0,4,0
36926,1,24,1,0,14,0,4,0
13802,2,11,1,877,7,0,9,0
3295,1,21,1,0,8,0,3,0
23716,2,41,1,7000,20,0,6,0
49423,1,15,1,2665,41,0,5,0
38625,2,32,1,10094,9,0,14,0
23785,1,44,1,3748,11,0,13,0
14990,2,15,1,5000,9,0,4,0
21435,2,6,1,3433,14,0,16,0
41072,1,4,1,0,33,0,5,0
34587,1,7,1,0,9,0,6,0
23076,1,41,1,3267,32,4,3,0
26053,2,26,1,5527,45,0,8,0
2932,2,29,1,6504,4,0,57,0
12777,1,32,1,0,29,0,15,0
36403,1,38,1,12867,49,2,13,0
16337,2,15,1,169,3,6,9,0
14155,2,44,1,6381,6,3,50,0
45090,1,49,1,3000,41,0,2,0
25658,2,21,1,3118,66,0,3,0
42067,2,49,1,0,51,0,3,0
25591,1,3,1,4898,3,0,6,0
48814,1,2,1,18000,18,2,17,1
49941,1,5,1,1604,9,0,37,0
21799,1,10,1,10403,18,7,16,0
36163,1,49,1,7000,12,8,6,0
41973,2,32,1,5000,2,13,4,0
44729,2,29,1,7940,32,2,19,0
9828,1,39,1,8000,48,0,7,0
32674,1,5,1,7643,57,1,29,0
32513,1,6,1,651,35,0,17,0
13805,2,20,1,0,19,0,15,0
24259,1,15,1,8452,13,7,12,0
16269,1,5,1,8000,60,3,7,0
38590,1,15,1,9000,19,58,8,1
44265,2,32,1,12062,83,2,17,1
31191,1,44,1,4848,46,14,4,0
23330,1,7,1,8845,30,0,22,1
22268,1,36,1,0,5,3,17,0
1730,1,6,1,5000,56,0,4,0
24368,1,35,1,0,1,0,56,0
43735,1,36,1,4000,35,0,3,0
45921,1,2,1,2000,32,0,1,0
47640,1,32,1,7000,2,0,6,0
38854,1,7,1,9491,15,1,10,0
36230,2,11,1,5000,40,0,4,0
43921,2,48,1,4000,16,4,3,0
31523,1,25,1,0,58,14,58,1
49869,1,44,1,0,27,2,4,0
35347,2,10,1,9000,100,0,8,0
25487,1,44,1,0,34,0,5,0
30558,1,36,1,3000,16,0,2,0
47261,2,46,1,0,33,0,23,0
28121,1,11,1,3000,29,14,2,0
4178,1,15,1,0,12,9,10,0
7938,1,33,1,2498,17,0,3,0
39092,1,28,1,0,37,5,1,0
3255,1,20,1,3693,8,2,3,0
4911,1,36,1,5000,100,0,4,0
6594,2,46,1,0,8,0,7,0
44127,2,21,1,8000,5,0,7,0
5860,2,32,1,5000,55,0,4,0
30656,1,41,1,4000,23,6,3,0
39683,2,5,1,4027,17,0,5,0
34459,2,5,1,15000,4,0,14,1
28054,1,5,1,4852,12,1,16,0
11799,2,5,1,0,3,0,7,0
6279,2,25,1,1079,28,0,12,0
36504,1,39,1,0,23,0,42,0
5514,2,36,1,0,16,0,75,1
19792,1,41,1,6973,26,6,26,0
25886,1,11,1,0,32,8,6,0
30900,1,19,1,12220,1,0,16,0
17251,2,39,1,4489,100,0,8,0
8672,1,19,1,9609,7,9,11,0
16952,1,49,1,0,11,3,11,0
15391,2,36,1,5000,62,0,4,0
30518,1,44,1,0,24,7,2,0
45689,1,44,1,2642,5,17,2,0
48,1,3,1,11090,41,0,13,0
16326,2,15,1,4000,85,10,3,0
48275,1,2,1,12057,12,0,14,0
23681,2,25,1,12341,39,4,16,1
18587,1,39,1,5632,12,20,5,0
24481,1,5,1,8000,4,0,7,0
13065,1,29,2,3697,14,14,6,0
35789,1,44,1,0,54,5,19,0
12311,1,39,1,3827,94,0,10,0
12984,1,5,1,4426,14,60,10,0
29502,1,10,1,6000,14,0,5,0
27695,1,29,1,6005,58,0,44,0
34351,1,41,1,4000,18,0,3,0
38962,1,15,1,12007,38,0,15,0
15172,1,17,1,15000,31,18,14,1
22841,1,44,1,1883,30,0,5,0
37265,2,3,1,3000,63,11,2,0
9877,1,36,1,5000,4,5,4,0
17012,1,44,1,4000,15,51,3,0
17049,2,5,1,1879,11,1,47,1
43420,1,35,1,0,12,5,4,0
5077,2,41,1,604,8,0,16,0
39557,1,43,1,2225,58,22,3,0
42167,2,35,1,0,12,9,2,0
10282,2,23,1,10630,27,0,75,1
15348,2,36,1,165,62,0,6,0
47205,1,41,1,0,21,24,9,0
36361,1,49,1,0,100,4,14,0
20941,1,28,1,3761,38,0,9,0
27764,1,27,1,4000,21,4,3,0
25787,2,35,1,0,6,0,5,0
23086,1,25,1,3000,16,11,2,0
1541,1,5,1,4000,4,0,3,0
2959,1,23,1,9000,100,0,8,0
35071,2,11,1,0,19,0,9,0
49416,2,49,1,7000,35,0,6,0
29595,2,2,1,5000,5,0,4,0
18787,1,44,1,0,10,57,5,0
3014,2,16,1,4860,4,0,8,0
34106,1,21,1,5366,18,0,20,0
39204,1,42,2,0,54,0,4,0
12086,1,29,1,11143,12,0,18,0
22246,1,46,1,8000,34,0,7,0
16918,1,20,1,4966,26,0,5,0
25510,2,6,1,8389,5,12,11,1
17929,2,11,1,720,35,0,7,0
21955,2,16,1,1438,26,4,5,0
22138,1,35,1,9000,3,8,8,0
33684,2,5,1,13000,12,0,12,1
23316,1,44,1,5000,26,0,4,0
37780,1,5,1,4000,19,0,3,0
25890,2,44,1,187,54,0,12,0
23821,1,37,1,8024,12,0,11,0
33486,1,24,1,3885,29,0,7,0
41203,1,35,1,11000,5,1,10,0
26116,2,14,1,0,85,0,13,0
25378,2,5,1,0,100,6,3,0
48852,1,5,1,19181,59,0,19,1
45413,1,37,1,6000,56,0,5,0
41044,1,29,1,18800,63,8,24,1
8426,1,41,1,5000,23,0,4,0
5292,1,38,1,0,43,11,5,0
10324,1,35,1,2868,8,3,11,0
10286,1,25,1,0,80,0,5,0
24863,1,4,1,1139,12,1,9,0
5358,1,5,1,4000,100,0,3,0
24569,1,1,1,0,33,28,11,0
5332,1,24,1,441,12,6,13,0
8732,2,6,1,0,4,0,13,0
48362,1,43,1,713,5,0,11,0
26643,1,19,1,671,44,0,5,0
41314,1,5,1,540,12,3,2,0
27850,1,15,1,8000,2,0,7,0
37621,1,6,1,1048,28,2,20,0
26819,2,5,1,3023,24,0,5,0
24229,2,39,1,5000,14,1,4,0
15019,1,5,1,11000,18,0,10,0
46722,1,45,1,4000,11,2,3,0
34615,1,44,1,6079,15,3,6,0
6188,2,39,1,6538,8,0,20,0
17647,1,6,1,5000,12,0,4,0
39051,2,5,1,0,16,0,9,0
1367,1,46,1,4000,26,0,3,0
45868,1,26,1,1751,6,0,11,0
49043,2,39,1,895,32,5,16,0
12321,1,5,1,336,100,7,4,0
45131,1,23,1,4509,13,12,7,0
46328,1,36,1,8101,10,0,9,0
18037,2,25,1,0,7,0,3,0
18275,1,14,1,3965,4,1,10,0
38805,1,19,2,3000,97,0,2,0
981,1,43,1,16832,64,0,21,0
25441,1,32,1,0,11,1,3,0
12915,1,5,1,3000,13,0,2,0
32325,1,23,1,0,5,0,3,0
22572,1,10,1,1203,7,0,4,0
25249,1,43,1,1984,6,0,3,0
14608,2,35,1,6000,37,0,5,0
21419,2,15,1,1996,14,0,3,0
41287,2,11,2,0,12,16,6,0
22588,1,23,1,0,3,0,15,0
9042,1,44,1,5893,15,0,8,0
3059,1,41,1,0,6,6,11,0
9022,2,50,1,3901,7,0,6,0
43790,2,35,1,2850,11,0,5,0
48988,1,24,1,6000,28,15,5,0
33948,1,5,1,4366,4,0,7,0
4239,1,36,1,0,13,6,15,0
28578,2,43,1,0,96,0,4,0
23037,1,39,1,0,58,0,8,0
5161,1,5,1,6288,66,7,7,0
8613,1,5,1,5378,100,0,10,0
32901,1,11,1,6000,49,0,5,0
23720,1,15,1,2895,9,0,11,0
4067,2,23,1,0,79,0,2,0
22306,1,35,1,7000,29,0,6,0
14229,1,41,1,3183,60,4,9,0
9004,2,15,1,9000,5,0,8,0
16610,2,10,1,0,40,0,13,0
49037,2,32,1,4000,19,17,3,0
14755,1,38,1,5000,9,3,4,0
8417,2,5,1,1724,5,5,13,0
41224,1,31,1,0,7,8,3,0
14828,1,10,1,3767,20,0,5,0
791,1,7,1,4818,3,14,4,0
49528,2,15,1,0,12,2,13,0
23772,1,35,1,0,24,0,26,0
36719,2,35,1,8000,21,2,7,0
37458,2,36,1,3079,60,0,16,0
46354,2,36,1,11519,7,60,15,1
30661,1,32,1,7000,93,0,6,0
17640,1,8,1,6000,13,0,5,0
23735,1,44,1,0,26,0,3,0
3070,2,44,1,6305,17,8,8,0
29262,1,39,1,0,45,0,19,0
31505,1,4,1,0,20,6,9,0
48800,1,20,2,2511,4,0,3,0
20303,2,5,1,0,43,10,13,0
16997,1,5,1,0,1,1,5,0
39087,1,29,1,783,100,0,5,0
42321,2,43,1,7000,5,0,6,0
27871,1,18,1,6000,16,3,5,0
11700,1,16,1,5000,10,1,4,0
49517,2,5,1,0,33,2,4,0
36018,2,26,1,10000,21,0,9,0
1898,2,43,1,4918,16,0,17,0
19453,2,11,1,0,9,0,4,0
21269,1,16,2,6000,24,0,5,0
21478,2,39,1,12698,39,0,16,1
43115,1,10,1,2300,56,0,12,0
8142,1,49,1,0,22,0,2,0
44672,1,29,1,0,27,3,9,0
11514,1,44,1,0,53,3,16,0
42790,2,11,1,5000,1,0,4,0
30182,1,25,1,0,38,1,3,0
5981,2,32,1,0,21,0,5,0
48882,1,39,1,10000,56,0,9,1
38928,2,14,1,0,27,8,6,0
30457,2,6,1,7000,100,0,6,0
40107,2,5,1,1062,57,1,20,0
5839,2,44,2,0,26,6,7,0
5486,1,21,1,0,7,60,33,0
34348,2,35,1,4000,25,0,3,0
6898,2,24,1,4000,8,3,3,0
31253,1,11,1,18357,17,0,27,1
26231,1,43,1,4000,8,1,3,0
40227,2,44,1,4796,6,18,5,0
43687,2,2,1,9036,32,0,32,1
13649,1,32,1,14010,11,26,20,0
23820,2,10,2,11000,19,0,10,0
33346,2,23,1,3000,1,0,2,0
5670,2,29,1,0,35,0,7,0
14915,1,39,1,3000,42,0,2,0
19026,1,44,1,7000,14,1,6,0
39734,1,29,1,16000,8,0,15,0
37026,1,34,1,0,1,0,27,0
2877,1,50,1,10739,10,0,18,0
14885,2,25,1,615,35,3,2,0
27055,1,11,1,0,33,0,5,0
9083,1,33,1,6870,11,15,7,0
26529,1,10,1,5719,18,24,7,0
6118,2,35,1,1625,32,0,3,0
4086,2,39,1,6146,3,37,7,0
6827,1,35,1,4000,9,9,3,0
48358,2,6,1,4367,20,0,5,0
31294,2,48,1,8201,26,0,73,1
35805,2,48,1,0,30,2,40,0
21571,1,21,1,8919,8,1,11,0
26277,1,44,1,279,64,0,4,0
46617,2,21,1,0,11,1,8,0
29199,2,17,1,3000,58,0,2,0
31494,1,44,1,0,40,0,8,0
44208,2,20,1,6682,17,1,10,0
7955,1,44,1,7000,14,19,6,0
22217,2,15,1,6226,88,0,23,1
26227,1,36,1,6000,90,0,5,0
1932,1,23,1,4000,52,0,3,0
8448,1,43,1,8812,21,1,8,0
19810,1,37,1,0,20,0,14,0
23710,1,36,1,8000,24,0,7,0
7753,1,10,1,7000,28,2,6,0
5987,2,34,1,7723,100,0,7,0
25962,1,26,1,4000,54,0,3,0
1954,1,20,1,9441,7,0,14,0
23433,2,20,1,6000,98,0,5,0
44645,1,44,1,5000,15,9,4,0
7363,1,2,1,0,16,0,8,0
23353,2,26,1,2210,10,0,10,0
12539,2,4,1,6650,11,2,20,0
49891,1,3,1,966,24,19,18,0
23027,1,10,1,6000,46,1,5,0
42158,1,10,1,5933,18,0,5,0
44774,1,5,1,4581,51,0,11,0
33387,1,44,1,3000,39,3,2,0
89,1,38,1,0,10,2,12,0
29564,2,15,1,935,55,1,4,0
19156,1,36,1,10685,42,0,19,0
21996,2,41,1,7234,12,0,29,0
21627,2,5,1,10000,12,0,9,0
32523,1,25,1,0,76,0,4,0
18525,1,5,1,13157,13,0,24,0
26485,2,5,1,426,4,0,3,0
23688,1,5,1,2385,4,0,14,0
34853,2,32,1,3000,4,0,2,0
39003,1,44,1,0,6,0,4,0
18466,2,23,1,0,65,0,10,0
13012,1,29,1,3000,23,2,2,0
29016,1,39,1,0,6,6,23,0
38901,1,39,1,1608,16,0,9,0
49478,2,39,1,4000,92,14,3,0
8841,1,13,1,4984,22,0,4,0
16735,1,26,2,4000,44,0,3,0
20525,1,35,1,13000,6,4,12,0
34323,1,4,1,3000,6,0,2,0
37551,2,44,1,9933,8,0,9,0
12413,1,15,1,6795,15,10,6,0
21823,1,10,1,11000,17,0,10,0
32053,2,16,1,14068,30,16,27,1
10258,1,15,1,3200,34,0,44,0
25621,1,7,1,9000,36,0,8,0
21896,1,29,1,221,100,4,7,0
30787,1,35,1,11000,24,0,10,0
23728,1,21,1,12,16,1,18,0
12612,1,29,1,0,100,6,2,0
41452,1,5,1,0,74,0,7,0
49818,1,19,1,509,7,0,5,0
42828,2,11,1,4975,100,0,16,1
29447,1,33,1,8284,49,0,18,0
42932,1,35,1,0,5,23,15,0
38530,1,35,1,0,21,4,21,0
5067,1,5,1,0,18,0,4,0
13926,1,18,1,0,36,3,8,0
42403,2,45,2,4964,46,1,4,0
8034,1,29,1,6483,85,3,9,1
4654,1,46,1,8000,7,6,7,0
13317,1,35,1,3000,24,1,2,0
19894,2,28,1,889,16,0,5,0
86,2,4,1,4000,26,0,3,0
7540,1,35,1,0,100,24,3,0
20785,1,16,1,0,4,0,7,0
34171,1,43,1,3000,6,0,2,0
35715,1,44,1,0,21,0,21,0
25482,1,16,1,5000,18,1,4,0
45574,2,46,1,0,7,0,4,0
13278,1,5,2,3000,30,4,2,0
37731,2,21,1,60,5,0,9,0
21887,1,11,1,4000,91,0,3,0
17637,1,46,1,15650,82,17,16,1
22878,1,35,1,4533,10,10,5,0
28477,1,10,1,3505,4,0,17,0
3092,2,5,1,0,11,13,50,1
43312,2,5,1,7000,26,2,6,0
18748,1,3,1,14000,18,13,13,1
3942,1,41,1,10602,7,6,32,1
15744,1,15,1,3521,13,0,3,0
16964,1,10,1,1189,59,0,12,0
32474,1,24,1,2204,30,0,10,0
30295,1,15,1,9000,9,0,8,0
21406,1,41,1,4000,21,0,3,0
37762,1,10,1,4585,25,0,9,0
28587,1,23,1,11869,74,55,13,1
41657,2,36,1,0,14,0,2,0
27586,1,5,1,2701,16,0,6,0
22435,1,44,1,2369,11,0,3,0
36912,1,44,1,3438,3,10,3,0
38652,1,39,1,10960,33,0,14,1
33414,1,19,1,12310,18,1,13,0
39849,2,36,1,8985,58,0,21,1
3265,2,29,1,7722,18,0,12,0
7318,1,11,1,6000,4,4,5,0
18084,1,48,1,12243,90,4,15,1
16962,1,36,1,0,28,0,20,0
13102,2,5,1,6000,61,0,5,0
16837,2,5,1,9610,8,4,10,0
19805,1,16,1,9000,5,0,8,0
25700,2,6,1,10116,40,6,10,0
37232,1,3,1,0,5,9,5,0
9580,1,36,1,7756,54,0,16,0
42734,2,11,1,13754,83,0,16,1
38172,1,11,1,4071,27,2,18,0
1230,1,15,1,13000,15,0,12,0
33135,1,7,1,5000,13,0,4,0
8652,2,49,1,7487,19,10,7,0
7669,2,6,1,0,5,2,6,0
44258,1,8,1,0,14,1,4,0
3177,1,10,1,3000,97,0,2,0
7864,1,44,1,5000,4,4,4,0
9775,2,11,1,0,62,3,5,0
48824,1,46,1,3016,21,3,5,0
21727,2,5,1,3000,17,0,2,0
48778,1,19,1,11574,4,7,20,0
9151,1,22,1,1220,41,1,31,0
12163,1,46,1,7917,43,0,9,0
37729,1,5,1,0,9,0,3,0
25986,2,26,1,3000,100,0,2,0
21423,1,32,1,0,11,0,12,0
22710,2,11,1,0,3,0,6,0
17448,1,35,1,7000,12,0,6,0
322,2,35,1,0,65,5,19,0
48218,1,36,1,7047,29,0,7,0
7011,1,45,1,0,42,3,3,0
15571,1,25,1,0,14,0,17,0
49743,1,44,1,6790,17,7,6,0
28889,2,15,1,0,78,0,4,0
3384,2,21,1,6000,26,0,5,0
10960,2,35,1,4154,25,0,5,0
18081,1,44,1,0,15,1,4,0
29741,1,5,1,9437,36,12,37,1
36127,1,7,1,0,7,4,5,0
8611,2,45,1,5000,15,0,4,0
25504,1,10,1,4000,57,3,3,0
9249,1,2,1,10795,1,0,20,0
2141,1,39,1,8000,100,0,7,0
37120,1,21,1,10000,27,8,9,0
25782,2,15,1,626,61,36,12,0
32503,2,2,1,0,5,0,10,0
34852,1,36,1,612,11,7,11,0
7224,1,36,2,718,53,3,6,0
28322,2,35,1,7498,100,0,32,1
19691,2,4,1,7000,5,1,6,0
21983,1,44,1,6000,11,15,5,0
41393,2,10,1,4000,6,15,3,0
37562,2,39,1,7000,32,0,6,0
1531,1,43,1,0,11,3,2,0
41438,1,15,1,0,46,0,46,0
2930,2,19,1,0,41,2,2,0
5800,1,10,1,2000,100,28,1,0
43970,1,10,1,0,41,15,4,0
11205,1,44,1,242,10,11,8,0
22763,1,36,1,4466,11,0,19,0
6755,2,41,1,6000,25,9,5,0
23229,1,44,1,6704,4,0,7,0
12903,2,5,1,5997,5,24,12,0
3509,2,35,1,4000,13,0,3,0
42363,1,18,1,4553,10,0,6,0
5359,1,44,1,10000,21,10,9,0
21844,2,15,1,7000,68,6,6,1
10321,1,38,1,0,36,0,9,0
33348,1,9,1,11592,16,23,21,0
9705,1,11,1,6491,15,0,6,0
40286,1,44,1,5511,3,8,16,0
35747,1,35,1,4045,21,0,6,0
24472,1,29,1,5748,20,0,22,0
35174,1,44,1,3000,37,0,2,0
7835,2,25,1,0,16,5,10,0
44069,1,48,1,3061,10,0,20,1
42302,2,44,1,8427,23,0,16,0
13682,1,35,2,5000,100,0,4,0
40574,2,13,1,0,33,4,6,0
40342,2,15,1,0,87,0,3,0
20150,2,10,1,2392,11,10,7,0
35899,1,5,1,6000,14,9,5,0
25908,2,5,1,0,2,0,9,0
38987,2,36,1,3000,41,0,2,0
29045,2,6,1,11000,7,15,10,0
16169,1,50,1,5268,29,3,21,0
11406,1,2,1,4000,90,0,3,0
41378,1,25,1,0,100,0,7,0
38505,2,10,1,5000,30,0,4,0
30736,2,46,1,0,18,13,18,0
25625,2,4,1,7426,29,0,7,0
4062,1,44,1,7000,27,3,6,0
21202,2,10,1,4000,36,0,3,0
299,2,5,1,7000,72,0,6,1
33926,2,5,1,4000,22,0,3,0
12840,1,32,1,0,5,0,2,0
35556,2,38,1,4000,5,1,3,0
6282,1,44,1,6000,8,3,14,0
28138,2,49,1,4000,22,0,3,0
32041,1,35,1,6981,29,21,63,0
49051,1,44,1,9000,16,0,8,0
2499,1,28,2,8659,7,0,28,1
31864,2,41,1,0,86,4,19,0
33575,2,44,1,2450,40,0,4,0
19533,2,32,1,4000,9,0,3,0
1339,1,5,1,6387,3,0,6,0
294,2,39,1,6000,53,3,5,0
46014,1,35,1,8000,30,10,7,0
45773,1,41,1,12000,3,5,11,0
4073,1,6,1,4000,9,0,3,0
16154,2,5,2,0,13,5,6,0
13523,2,36,1,10000,4,19,9,0
29013,1,39,1,0,7,0,9,0
30310,2,20,1,10000,6,12,9,0
29020,1,49,1,0,38,1,8,0
39245,1,25,1,0,5,0,5,0
17926,1,5,1,4000,8,0,3,0
29717,1,44,1,2771,17,0,11,0
11627,1,40,1,297,59,0,4,0
27227,1,5,1,5000,14,3,4,0
43518,1,26,1,0,71,0,4,0
44838,2,15,1,8307,27,0,19,1
48383,1,18,1,5000,7,3,4,0
4917,1,10,1,0,83,0,2,0
10547,1,25,1,6000,90,0,5,1
45867,2,10,1,0,70,0,2,0
18124,2,38,1,0,12,1,6,0
18377,1,46,1,12000,100,0,11,1
48433,1,6,1,0,6,0,3,0
29351,1,43,1,2188,15,2,7,0
42855,1,15,1,0,43,6,3,0
34690,2,10,1,7045,34,3,10,1
11568,2,16,1,3000,41,0,2,0
9017,2,39,1,0,5,4,6,0
381,1,15,1,1435,5,0,4,0
7714,2,39,1,5000,17,0,4,0
12189,1,5,1,7000,22,0,6,0
10748,1,49,1,9000,13,0,8,0
41770,2,44,1,3000,7,0,2,0
28713,1,28,1,4979,13,4,8,0
41250,1,5,1,20348,4,0,22,1
33693,1,49,1,5000,5,2,4,0
12955,1,25,1,0,100,0,40,0
49897,1,5,1,6000,100,0,5,0
44916,2,25,1,3494,100,0,4,0
11356,1,45,1,9000,11,1,8,0
37591,1,25,1,9097,18,0,22,0
26068,2,3,2,0,4,1,8,0
45902,1,44,1,3000,17,13,2,0
8187,1,44,2,10000,31,2,9,0
42274,2,44,1,6000,71,3,5,0
48704,2,5,1,0,10,0,9,0
41234,1,10,1,4000,33,0,3,0
26065,2,39,1,16051,90,8,46,1
49514,1,4,1,0,9,0,6,0
14827,2,17,1,3000,29,0,2,0
45778,1,5,1,0,100,0,5,0
27943,1,39,1,0,100,0,8,0
35592,2,43,1,6046,5,0,16,0
46678,1,7,1,0,78,1,8,0
9153,2,1,1,3000,8,8,2,0
6072,2,5,1,5000,9,0,4,0
36462,1,36,1,5000,3,6,4,0
11463,2,10,1,2031,47,0,20,0
49393,2,46,1,10335,9,4,31,0
15843,2,5,1,4119,31,0,4,0
48899,1,6,1,4000,28,0,3,0
26103,1,39,1,4000,19,2,3,0
41697,1,20,1,10452,3,0,14,0
35807,1,19,1,10623,14,5,32,0
34244,1,20,1,9000,9,2,8,0
9329,2,25,1,0,10,1,11,0
8356,2,44,1,12000,8,0,11,1
47846,1,35,1,218,4,0,20,0
24895,1,43,1,9005,31,0,53,1
35338,1,25,1,1406,66,8,4,0
6344,1,24,1,0,39,3,6,0
1611,2,14,1,6000,13,0,5,0
21788,1,41,1,3000,62,0,2,0
31198,1,45,1,1494,16,0,9,0
32521,1,35,1,4892,9,2,11,0
31292,2,39,1,1324,31,15,10,0
37881,1,15,1,7000,100,1,6,1
25266,1,33,1,4000,20,0,3,0
41810,1,5,1,7000,2,0,6,0
9955,1,23,1,0,19,4,24,0
14595,2,10,1,0,40,2,24,0
48924,1,25,1,3000,40,0,2,0
41608,1,34,1,6000,38,0,5,0
8979,1,5,1,582,8,0,22,0
35701,2,16,1,779,2,2,12,0
44675,1,49,1,0,36,4,3,0
27215,1,44,1,4000,44,2,3,0
22980,2,6,1,7329,10,0,15,0
36397,2,49,1,0,4,0,4,0
37935,1,15,1,3000,100,0,2,0
6059,1,37,1,7000,17,60,6,0
16436,2,37,1,14000,9,0,13,0
40194,1,15,1,0,17,0,2,0
31568,1,5,1,1209,18,0,12,0
37594,1,35,1,1373,100,21,13,0
47623,1,10,1,5221,4,0,21,0
31647,2,38,1,15586,16,4,72,1
44545,2,48,1,6737,12,0,6,0
20281,2,37,1,2450,94,1,6,1
23630,2,9,1,4000,37,0,3,0
22633,2,35,1,3000,4,0,2,0
39503,2,44,1,0,65,18,15,0
21383,2,29,1,5000,16,1,4,0
5815,1,35,1,11458,31,3,20,0
31517,1,34,1,793,45,0,12,0
33578,1,5,1,0,5,8,4,0
7219,1,48,1,5228,8,1,19,0
13932,1,6,1,8000,12,0,7,0
27197,1,11,1,8000,26,3,7,0
37051,2,16,2,751,29,0,2,0
7543,1,17,1,4000,55,0,3,0
14224,2,17,2,2698,100,2,6,0
35883,1,29,1,4000,95,2,3,0
2927,2,25,1,0,24,0,17,0
12108,1,10,1,0,20,7,9,0
2698,1,16,1,4184,1,0,28,0
9383,1,49,1,14409,20,0,18,0
29398,1,21,1,5000,7,0,4,0
49850,2,35,1,5415,27,11,21,0
11199,2,23,1,11135,100,0,11,0
30265,1,25,1,0,5,0,8,0
21251,1,44,1,4000,10,3,3,0
6385,2,43,1,4454,31,4,36,0
27463,1,29,1,5000,77,0,4,0
48312,1,15,2,0,100,0,2,0
40129,1,17,1,17379,4,1,41,1
460,1,14,1,0,8,8,3,0
10561,1,44,2,1098,16,6,7,0
17624,2,21,1,2649,2,0,2,0
7075,1,15,1,243,53,0,4,0
3083,2,5,1,0,23,1,11,0
32014,1,17,1,4000,71,26,3,0
12922,1,5,1,2887,40,0,7,0
14908,1,5,1,8054,63,5,10,0
25671,2,10,1,3000,19,0,2,0
27032,1,10,1,3595,61,8,7,0
37258,1,18,1,8000,9,4,7,0
27256,1,5,1,911,20,0,50,0
16453,1,46,1,0,24,1,19,0
26260,2,25,1,1793,100,0,4,0
5328,1,35,1,4000,37,0,3,0
49836,1,37,1,13152,19,19,15,1
45657,1,5,1,5000,1,0,4,0
13365,1,20,2,1430,100,1,4,0
3354,1,4,1,14000,18,1,13,0
6328,2,15,1,4000,23,0,3,0
35412,2,21,1,0,9,0,7,0
34991,2,44,1,11000,11,22,10,0
21506,2,5,1,7000,44,0,6,0
47701,2,10,1,3000,100,0,2,0
27977,2,16,1,9897,28,0,16,0
44481,2,20,1,10000,16,0,9,1
17445,2,5,1,8000,9,0,7,0
1386,1,5,1,0,15,0,12,0
9548,1,24,1,0,4,2,3,0
5964,1,17,1,0,21,0,3,0
11368,1,21,1,11000,19,1,10,0
48094,1,48,1,8925,32,5,12,0
19544,2,15,1,0,58,3,14,0
18701,2,16,1,8036,48,12,21,1
22675,1,35,1,0,16,2,9,0
23121,2,5,1,6000,100,0,5,0
934,2,39,1,9713,19,0,14,0
26965,2,17,1,5200,100,0,5,0
28608,1,49,1,8000,13,20,7,0
12833,2,21,1,0,17,0,27,0
41749,1,44,1,110,67,17,2,0
8218,1,46,1,4000,3,1,3,0
30297,1,33,1,8302,45,0,43,1
38617,2,11,1,0,10,0,2,0
8325,1,48,1,6000,34,0,5,0
35837,1,15,1,4503,29,1,12,0
3411,1,12,1,1799,12,0,3,0
46409,2,5,1,0,9,12,6,0
41499,1,23,1,9298,100,0,21,1
114,2,2,1,6000,11,0,5,0
6778,1,29,1,5093,100,1,7,0
2772,2,19,1,4511,7,0,5,0
11785,2,25,1,0,7,8,17,0
10371,2,2,1,10000,3,0,9,0
29908,1,5,1,9798,10,0,15,0
7652,1,11,1,4212,38,0,8,0
28939,1,35,1,4564,15,0,8,0
46627,2,39,2,8000,5,0,7,0
3512,1,35,1,15373,16,0,20,0
17785,2,19,1,6000,21,0,5,0
3120,1,11,1,10000,57,0,9,0
22815,1,32,1,0,48,0,6,0
34412,1,11,1,5963,2,0,9,0
8238,1,32,1,9617,52,4,16,0
11965,2,25,1,8472,100,9,19,0
35194,1,35,1,0,16,4,5,0
10698,2,48,1,6107,54,0,17,0
2321,2,13,1,5000,30,3,4,0
38786,1,10,1,8674,16,0,15,0
36099,1,10,1,436,100,0,7,0
12783,1,4,1,11535,11,0,21,0
3123,1,5,1,6000,15,9,5,0
45307,1,24,1,0,44,3,8,0
49948,1,5,1,0,30,3,2,0
31091,1,36,1,8000,10,0,7,0
12435,2,51,1,6000,21,0,5,0
29841,1,19,1,8000,3,0,7,0
45790,2,15,1,3000,100,0,2,0
40610,1,44,1,4000,21,0,3,0
37871,1,29,1,8673,40,1,8,0
29287,1,39,1,1093,19,0,22,0
28269,2,5,1,8000,35,0,7,0
896,1,5,1,382,4,0,2,0
19763,2,13,1,3778,13,0,4,0
43453,1,44,1,0,15,7,5,0
31826,1,21,1,5000,100,14,4,0
10091,2,36,1,2000,27,0,1,0
1831,2,44,1,5227,5,0,28,0
48245,2,15,1,6000,5,0,5,0
22472,1,6,1,3754,33,0,12,0
7242,2,50,1,5000,27,0,4,0
36486,1,10,1,3741,33,0,15,0
4729,1,35,1,4000,14,4,3,0
45105,2,37,1,0,49,0,12,0
11857,1,5,1,7000,22,20,6,0
46500,1,49,2,4747,10,0,7,0
22386,1,46,1,1668,17,3,9,0
29350,1,29,1,0,38,4,2,0
26726,1,10,1,0,12,0,3,0
35531,1,35,1,0,33,2,14,0
26110,1,21,1,0,24,10,2,0
13963,1,36,1,0,60,7,12,0
36560,1,48,1,5710,13,0,9,0
21232,2,20,1,19818,18,0,19,1
39642,1,20,1,4000,18,0,3,0
17244,2,22,1,0,8,0,4,0
3922,1,11,1,2000,3,0,1,0
30977,1,31,1,6000,28,0,5,0
43602,2,44,1,3000,3,0,2,0
27105,1,16,1,4000,10,8,3,0
13167,2,23,1,9000,11,2,8,0
49274,2,5,1,4000,51,0,3,0
36654,1,8,1,13905,2,2,15,0
31570,1,38,1,7000,29,2,6,0
46430,1,5,1,13769,31,0,16,1
27723,2,32,1,0,44,0,11,0
1352,1,10,1,5000,33,8,4,0
24578,2,46,1,11000,12,8,10,0
39150,1,10,1,2379,100,3,7,0
105,2,5,1,637,14,5,10,0
47581,1,43,1,3000,28,0,2,0
35522,1,10,1,8000,21,0,7,0
19017,1,39,1,6000,23,0,5,0
4826,1,46,1,0,19,0,2,0
42872,2,15,1,9000,28,7,8,0
14831,1,18,1,0,7,0,8,0
10731,1,4,1,8000,73,0,7,1
35895,1,15,1,416,14,0,4,0
4973,2,46,1,0,9,5,20,0
25436,1,35,1,0,13,3,2,0
24623,2,4,1,5000,100,5,4,0
49124,2,29,1,4000,19,46,3,0
26751,1,5,1,0,49,25,7,0
33344,1,20,1,5000,13,0,4,0
21476,2,43,1,6669,21,0,17,0
1460,2,41,1,0,9,0,27,0
18719,1,4,1,14912,17,60,28,0
46412,1,35,1,248,74,0,6,0
5084,1,48,1,7000,56,1,6,1
15316,1,23,1,5026,9,2,7,0
23810,1,16,1,6000,28,0,5,0
8576,2,35,1,0,9,0,13,0
34110,2,2,1,0,9,6,5,0
38322,2,15,1,2573,45,0,5,0
18364,2,4,2,13000,94,4,12,1
1495,1,27,1,0,93,1,8,0
47254,1,44,1,2654,41,3,7,0
44709,1,5,1,4000,6,10,3,0
39377,1,39,1,0,5,3,46,0
14797,1,8,1,11396,19,1,18,0
4930,2,35,1,6000,33,0,5,0
16820,2,35,1,14,16,26,3,0
27909,1,44,1,10611,5,7,24,0
46983,2,38,1,0,50,14,4,0
31153,1,32,1,5000,26,1,4,0
34439,1,46,1,0,4,0,2,0
16596,2,21,1,9000,22,6,8,0
38325,1,29,1,3000,12,8,2,0
5331,1,43,1,403,61,21,7,0
17100,1,5,1,404,27,0,2,0
12069,1,33,1,16632,22,0,20,1
28425,1,5,1,1394,46,0,6,0
16847,2,25,1,8954,36,0,8,0
20358,1,5,1,4000,29,1,3,0
30369,2,20,1,713,2,4,3,0
5428,2,39,1,3892,14,2,6,0
42736,1,10,1,5279,11,0,5,0
25903,1,11,1,0,14,0,2,0
39069,1,35,1,0,12,0,2,0
2319,2,11,1,3430,12,0,11,0
26915,2,21,1,0,5,2,21,0
4985,1,44,1,4000,50,5,3,0
43749,1,15,1,9672,50,10,15,0
997,2,12,1,3000,37,6,2,0
33773,1,3,1,8000,45,0,7,0
28382,1,33,1,0,7,7,6,0
41995,2,5,1,3000,6,4,2,0
6038,1,44,1,6000,37,14,5,0
15253,1,5,1,9288,4,9,9,0
4503,1,12,1,0,7,0,3,0
16256,1,39,1,10878,13,0,10,0
19531,1,18,1,0,79,0,4,0
20846,1,31,1,4115,29,0,6,0
25725,1,23,1,5000,33,6,4,0
35453,2,44,1,0,7,0,5,0
23223,2,43,1,10000,36,4,9,0
17485,1,35,1,0,100,0,3,0
18397,2,5,1,4000,27,15,3,0
36816,1,23,1,5000,33,0,4,0
26574,2,21,1,0,57,17,7,0
3363,1,10,1,2904,83,0,24,0
30382,1,10,1,4000,4,10,3,0
31243,1,29,1,0,91,0,13,0
19571,1,46,1,0,6,0,8,0
45774,1,25,1,11000,13,3,10,0
47316,2,44,1,12612,15,3,22,0
40418,1,25,1,0,16,0,4,0
31460,1,32,1,8000,81,0,7,0
9419,1,25,1,688,16,9,7,0
24706,2,43,1,11911,56,2,20,1
26025,1,46,1,4000,78,0,3,0
16687,1,44,1,4000,100,0,3,0
18533,1,20,1,0,10,0,3,0
44072,1,11,1,18000,3,0,17,1
22867,1,46,1,0,24,0,6,0
35678,2,12,1,0,3,0,2,0
12072,1,44,1,0,51,10,9,0
17548,2,37,1,5000,19,0,4,0
33204,1,44,1,0,7,1,5,0
48598,1,38,1,9144,19,0,21,0
32108,2,9,1,0,20,7,3,0
13631,2,48,1,0,16,0,2,0
9859,1,48,1,0,11,12,35,0
7388,2,3,1,0,60,0,14,0
31718,2,5,1,3000,67,0,2,0
29865,1,10,1,5000,40,5,4,0
35748,1,5,1,9635,7,0,75,1
30884,1,5,1,6021,100,0,11,1
24955,1,15,1,5000,26,0,4,0
25960,1,2,1,13293,21,0,16,0
39837,1,32,1,0,4,0,5,0
3702,2,44,1,9572,19,0,9,0
46495,1,35,1,5000,72,0,4,0
8216,1,48,1,6000,7,0,5,0
30439,1,49,1,3213,9,0,3,0
45776,2,46,1,15000,23,0,14,1
31296,2,5,1,7000,8,0,6,0
20124,1,10,1,3000,38,9,2,0
45875,1,5,1,6435,13,0,15,0
15528,1,36,1,1101,16,0,2,0
47451,2,11,1,6000,11,4,5,0
10032,2,5,1,3559,4,0,8,0
49687,1,29,1,4000,5,0,3,0
6637,1,33,1,0,67,0,29,0
49689,2,4,1,3476,13,2,4,0
12136,1,11,1,4000,8,1,3,0
36477,2,50,1,0,19,11,7,0
24613,1,48,1,6000,74,2,5,0
47041,1,11,1,0,70,0,5,0
5310,2,13,1,0,19,0,3,0
1104,1,38,1,7269,35,11,14,0
21069,1,25,1,0,29,0,10,0
8556,1,46,1,0,33,1,5,0
16799,1,5,1,12000,13,0,11,0
9899,2,48,1,4000,100,0,3,1
784,1,5,1,0,24,0,20,0
16344,1,44,2,2263,9,6,19,0
45583,1,20,1,9000,2,0,8,0
2522,2,39,1,7099,4,0,9,0
39515,2,36,1,9000,85,1,8,0
45316,1,46,1,0,48,5,3,0
36516,1,13,1,2582,57,0,16,0
45881,1,49,1,3000,23,0,2,0
31267,2,6,1,1214,20,0,26,0
9779,1,10,1,3000,7,0,2,0
2933,1,35,1,9000,13,0,8,0
7621,2,35,1,12000,57,0,11,1
18696,2,4,1,0,14,11,6,0
19528,2,31,1,742,17,0,6,0
14943,2,45,1,3446,12,0,6,0
18043,1,23,1,0,49,0,4,0
10433,1,39,1,8000,25,3,7,0
6463,1,49,1,3000,16,11,2,0
1256,2,29,1,8000,10,0,7,0
41538,1,38,1,21113,66,0,24,1
43215,2,44,1,9066,2,3,42,1
34201,1,9,1,4000,24,0,3,0
2281,2,36,1,0,28,37,37,0
13755,1,17,1,14803,7,1,31,0
21533,1,5,1,6000,5,0,5,0
39656,1,24,1,3000,70,13,2,0
47536,1,39,1,5000,10,0,4,0
30763,1,10,1,460,60,0,7,0
27295,1,25,1,7000,19,0,6,0
23081,1,5,1,1161,13,0,8,0
39745,1,25,1,4000,31,0,3,0
32386,2,11,1,6000,31,0,5,0
48071,1,27,1,5000,77,0,4,0
27147,1,44,1,4000,38,0,3,0
11685,2,5,2,5000,6,0,4,0
31932,1,15,1,0,22,0,3,0
11046,2,35,1,2489,39,6,3,0
41700,1,44,1,6000,3,0,5,0
43280,1,4,1,4000,5,3,3,0
26234,1,29,1,9199,55,3,12,0
11599,1,39,1,1147,4,13,4,0
9346,2,5,1,7000,17,3,6,0
19880,2,15,1,1575,8,0,10,0
36625,2,44,1,0,20,3,7,0
27004,2,44,1,2178,14,0,3,0
33772,2,46,1,8000,13,2,7,0
17229,1,15,1,11331,44,0,23,0
49100,2,7,1,0,8,10,4,0
40901,1,38,1,6000,33,0,5,0
29759,1,31,1,6189,7,5,10,0
39559,2,24,1,0,11,23,5,0
17648,1,15,1,1043,8,2,42,0
30926,1,41,1,0,100,0,7,0
48340,1,10,1,1775,100,2,4,0
8623,1,44,1,4000,56,11,3,0
1331,1,37,1,3707,17,1,5,0
32290,1,44,1,0,19,1,6,0
9513,2,25,1,3000,17,0,2,0
30357,2,5,1,0,14,4,8,0
24707,2,29,1,3000,2,3,2,0
7546,1,39,1,20548,32,0,20,1
45988,2,15,1,6000,26,3,5,0
41543,1,50,1,0,44,0,4,0
752,1,5,1,5061,5,19,6,0
42994,2,32,1,1141,35,0,32,0
25513,1,29,1,11000,9,0,10,0
34066,1,8,1,1342,33,0,5,0
33975,1,24,1,0,16,23,2,0
15932,2,5,1,6856,20,0,6,0
48754,1,35,1,3165,62,0,6,0
15569,1,36,1,0,14,17,10,0
31841,2,46,1,10000,52,0,9,0
45802,2,35,1,9000,60,0,8,0
21839,1,17,1,0,19,0,6,0
37433,2,44,1,4000,29,0,3,0
14919,2,24,1,4993,100,45,33,0
37499,1,26,1,0,27,0,17,0
11776,1,2,1,0,33,0,4,0
5576,1,36,1,3256,100,0,32,0
26891,2,41,1,0,22,8,6,0
16137,2,5,1,8484,21,0,8,0
34789,1,31,2,11659,7,0,11,0
44361,2,10,1,3000,13,0,2,0
7932,1,36,1,2000,6,0,1,0
7477,1,5,1,8000,63,0,7,0
45681,1,46,1,0,32,3,7,0
38654,2,21,1,311,100,3,5,0
19771,2,17,1,0,50,0,4,0
10502,2,21,1,5000,5,0,4,0
12601,2,23,1,8000,18,0,7,0
40176,1,46,1,0,11,0,4,0
13022,1,5,1,3000,12,0,2,0
43613,2,5,1,3000,43,0,2,0
25846,1,17,1,0,100,0,15,0
43764,1,44,1,2693,11,0,4,0
46152,2,25,1,0,37,0,2,0
13209,1,32,1,12000,100,0,11,0
1661,2,10,1,15486,8,0,16,0
29650,1,6,1,0,53,8,6,0
8120,2,44,1,1050,52,23,5,0
49090,2,16,1,0,62,9,2,0
29555,1,44,1,14000,28,20,13,0
3849,1,34,1,1770,70,8,3,0
22597,1,6,1,3000,16,1,2,0
34782,1,25,2,7697,31,9,9,0
8986,1,19,1,5976,35,0,9,0
4946,1,6,1,0,46,0,11,0
4267,1,21,1,5951,10,0,11,0
29594,1,18,1,10867,31,0,12,0
18672,2,33,1,3000,42,1,2,0
13835,2,14,1,2742,8,8,5,0
16937,1,49,1,0,66,32,15,0
6128,2,11,1,0,9,0,2,0
7865,1,39,1,3259,8,3,17,0
16368,1,13,1,4000,11,0,3,0
3688,2,3,1,5638,21,14,5,0
22042,1,24,1,2663,9,2,4,0
24693,2,6,1,5744,2,0,11,0
39425,1,5,1,6000,43,2,5,0
20179,1,17,1,4526,39,16,7,0
24548,1,15,1,5425,6,0,8,0
24054,2,5,1,10000,17,3,9,0
33887,2,15,1,2833,8,2,10,0
31186,1,46,1,7000,39,0,6,0
10261,1,37,1,0,9,0,14,0
13493,1,33,1,3000,8,22,2,0
3048,1,5,1,6000,8,3,5,0
25544,2,5,1,2806,13,0,18,0
19698,1,35,1,3000,53,0,2,0
26226,1,16,1,4000,15,0,3,0
12608,1,25,1,0,45,5,3,0
29907,2,35,1,6432,12,0,11,0
38764,1,24,1,4000,19,6,3,0
5017,1,15,1,4000,7,0,3,0
2372,2,23,1,3213,29,0,3,0
30158,1,44,1,2094,15,0,2,0
16222,1,10,1,4000,56,0,3,0
30890,2,19,1,2761,15,0,2,0
14118,1,35,2,6676,100,5,7,0
48701,2,10,1,3000,90,15,2,0
9709,2,15,1,11994,5,0,17,0
10889,1,6,1,0,13,6,4,0
38795,1,7,1,5000,37,0,4,0
12149,1,48,1,187,100,0,8,0
46104,2,5,1,7305,6,0,10,1
8068,2,2,1,10104,36,39,17,0
23057,1,37,1,186,12,2,6,0
37512,2,11,1,0,17,8,9,0
48881,1,6,2,0,29,0,4,0
36006,1,36,1,109,7,1,16,0
14918,1,20,1,6000,13,0,5,0
49639,1,48,1,14000,78,0,13,1
24560,1,5,1,885,22,0,7,0
26955,1,21,1,3000,30,0,2,0
128,1,32,1,7000,5,0,6,0
24191,1,39,1,0,14,0,5,0
34012,1,38,1,3146,10,0,16,0
24268,2,10,1,0,27,27,10,0
32136,1,32,1,0,3,0,3,0
40664,1,29,1,0,12,7,13,0
40583,2,10,2,10065,36,40,24,0
43913,1,10,1,7000,13,4,6,0
6658,2,23,1,0,10,10,7,0
10360,1,5,1,0,29,0,3,0
45652,1,44,1,0,100,0,5,0
14880,2,5,1,0,7,0,13,0
40883,1,44,1,907,11,0,4,0
23298,2,36,1,7029,15,0,9,0
4350,2,2,1,0,89,0,10,0
43848,2,6,1,9832,25,0,12,1
35749,1,5,1,0,21,2,2,0
32786,1,32,1,0,17,0,7,0
29866,1,39,1,6966,19,2,8,0
842,2,35,1,0,53,0,29,0
27651,1,44,1,6000,13,0,5,0
46741,1,3,1,6000,16,7,5,0
4978,1,34,1,6646,40,0,6,0
4566,1,10,1,4000,6,10,3,0
40806,2,39,1,5000,24,5,4,0
35732,2,10,1,413,38,1,2,0
37872,1,18,1,4706,13,4,18,0
25636,1,5,1,0,100,7,4,0
45051,1,10,1,0,33,10,1,0
13145,2,35,1,0,19,39,6,0
19499,1,10,1,438,18,18,43,0
21014,2,11,1,5152,4,1,5,0
4407,2,44,1,8980,14,0,14,0
10877,1,32,1,0,25,0,10,0
3457,1,44,1,0,10,0,8,0
26787,1,5,1,5921,50,7,6,0
9898,2,39,1,8000,47,0,7,0
23279,1,2,1,0,22,0,3,0
23059,1,32,1,5000,71,0,4,0
23627,1,41,1,2242,19,0,4,0
47784,2,38,1,3962,24,2,4,0
49035,1,36,1,4000,100,4,3,0
39121,1,16,1,10000,12,2,9,0
32179,2,20,1,7000,25,0,6,1
11107,2,33,1,0,6,0,2,0
25235,2,36,1,10000,21,7,9,0
15012,1,15,1,0,11,1,17,0
20481,1,25,1,0,21,0,4,0
38409,1,35,2,0,6,2,8,0
17035,1,5,1,10367,8,0,12,0
46374,2,44,1,5208,54,0,7,0
17606,1,46,1,0,54,15,7,0
22285,2,32,1,0,9,0,20,0
18871,1,5,1,0,5,0,3,0
31561,2,10,1,4000,100,2,3,1
6680,1,44,1,11463,84,0,17,1
48851,1,33,1,0,5,0,11,0
15309,2,36,1,5000,22,0,4,0
28439,2,5,1,1778,12,0,13,0
29700,2,3,1,0,21,0,6,0
38816,1,33,2,3000,38,0,2,0
43189,1,6,1,3000,56,0,2,0
34194,2,15,1,0,60,1,4,0
30517,1,33,1,0,81,15,30,0
34979,2,44,1,2891,85,60,8,1
21203,1,14,1,1100,32,28,20,0
19633,1,4,1,0,21,0,5,0
30065,1,25,1,3000,100,0,2,0
47601,2,45,1,3337,20,13,14,0
20161,1,48,1,7557,59,4,12,0
37361,2,19,1,9643,17,30,9,0
34000,1,15,1,339,7,1,8,0
2472,1,10,1,0,54,5,11,0
31224,1,23,1,6166,11,0,6,0
49154,1,16,1,0,24,0,5,0
7027,1,10,2,5000,8,0,4,0
20822,1,16,1,5053,55,16,8,0
30370,1,20,1,2000,23,0,1,0
44818,2,13,1,6000,76,3,5,0
1456,1,46,1,6000,27,0,5,0
37966,1,2,1,2981,30,0,5,0
19112,1,48,1,0,12,0,7,0
32087,1,36,1,4000,47,0,3,0
30818,1,24,1,5239,38,7,19,0
20067,2,39,1,5000,35,6,4,0
45648,1,11,1,306,77,0,19,0
10581,2,48,1,6000,68,3,5,1
30219,1,4,1,3388,27,9,3,0
21697,1,44,1,3072,62,0,6,0
17936,1,24,1,6047,21,1,6,0
42637,1,18,1,5627,8,25,7,0
8388,1,35,1,0,7,0,4,0
4313,1,34,1,1764,54,0,27,0
10715,1,29,1,2368,11,0,5,0
19567,1,38,1,0,6,0,6,0
35987,1,44,1,6000,9,24,5,0
10081,1,26,1,8000,29,0,7,0
8665,1,29,1,9000,100,0,8,1
38866,2,44,1,3658,5,0,4,0
8689,1,2,1,0,9,0,7,0
21754,1,36,1,3659,15,1,4,0
4321,1,47,1,4000,9,0,3,0
44599,1,5,1,0,27,16,3,0
40815,1,25,1,6676,49,0,10,0
10552,2,36,1,3000,10,8,2,0
17029,2,18,1,2566,7,0,14,0
40495,1,44,1,2520,44,0,7,0
19656,1,25,1,731,34,39,3,0
1202,1,5,1,4000,28,38,3,0
33901,2,46,1,838,50,5,4,0
47907,1,21,1,0,6,8,5,0
2725,1,39,1,11000,89,5,10,0
25551,1,36,1,4577,71,0,5,0
38169,2,23,1,531,21,2,2,0
2407,1,44,1,10000,44,2,9,0
33915,1,6,1,9000,40,10,8,0
29653,2,5,1,3000,38,0,2,0
5301,1,13,1,4000,34,1,3,0
783,1,10,1,3000,8,16,2,0
27078,1,39,1,2517,39,0,4,0
11216,2,10,1,5927,31,0,7,0
41623,1,11,1,6000,48,11,5,0
8899,1,21,1,3000,5,0,2,0
17512,2,7,1,2716,16,0,46,0
8039,1,44,1,3779,7,0,4,0
7347,1,19,1,0,63,1,23,0
22927,2,35,1,5008,44,11,11,0
15164,1,5,1,10000,13,32,9,0
16793,1,7,1,3349,12,0,5,0
26824,1,34,1,5045,24,0,6,0
41264,2,5,1,3782,23,4,4,0
35086,2,15,1,4000,15,9,3,0
23774,1,10,1,0,2,0,7,0
30846,2,24,1,387,7,0,7,0
32482,1,10,1,7000,11,0,6,0
23687,2,41,1,2751,62,0,6,0
10883,2,35,1,2473,24,3,5,0
4351,2,32,1,0,16,14,26,0
30477,2,32,1,725,72,2,3,0
15244,2,29,1,4000,5,1,3,0
24190,1,5,1,5000,50,1,4,0
12305,1,44,1,5000,68,10,4,0
2493,1,36,1,4121,51,2,7,0
42021,1,48,1,8000,26,2,7,0
3656,2,15,1,3831,69,0,5,0
32942,2,24,1,3587,90,0,13,0
4870,1,5,1,2055,22,0,5,0
21133,1,48,1,15000,17,0,14,1
28871,1,29,1,5197,26,21,8,0
26779,2,15,1,2601,5,0,29,0
21841,1,5,1,4129,76,0,5,0
46431,1,32,1,0,6,8,1,0
7923,1,48,1,0,4,0,9,0
33104,2,20,1,3000,33,17,2,0
22343,1,43,1,5070,5,1,16,0
26741,2,45,1,0,24,0,7,0
9654,1,26,1,3000,22,0,2,0
16538,1,10,1,0,50,8,3,0
12358,1,29,1,7000,100,0,6,0
37917,2,38,1,541,21,36,11,0
40755,1,15,1,5000,19,0,4,0
42347,1,32,1,3000,6,0,2,0
29610,2,21,1,3000,5,0,2,0
46213,1,2,1,8000,5,50,7,0
19245,2,48,1,5111,5,6,11,0
28432,1,35,1,5000,6,0,4,0
48567,2,5,1,0,2,47,8,0
22279,1,5,1,0,1,20,4,0
20298,1,13,1,0,54,0,12,0
4288,1,5,1,3000,6,0,2,0
11966,2,5,1,0,26,0,6,0
44589,2,15,1,0,23,12,13,0
4745,1,19,1,0,8,0,7,0
15416,2,35,1,6000,11,0,5,0
12017,1,45,1,0,15,30,2,0
19765,1,21,1,0,47,14,5,0
23674,1,5,1,3000,74,1,2,0
12235,1,49,1,0,8,6,4,0
15639,2,26,1,4000,84,0,3,0
48288,2,6,1,5000,16,3,4,0
9724,2,44,1,12590,7,18,75,1
36922,1,36,1,8655,39,0,23,0
47498,1,29,1,0,11,0,21,0
4008,1,29,1,6000,58,0,5,0
21618,2,39,1,2216,87,0,17,0
23833,2,39,1,3507,18,0,6,0
1255,1,35,1,3903,88,2,9,0
17440,1,25,1,0,34,0,5,0
33027,1,5,1,7077,7,6,18,0
19911,1,20,1,3110,100,4,22,1
33466,2,10,2,145,26,0,3,0
29954,1,36,1,6000,13,0,5,0
30674,1,5,1,8000,11,0,7,0
26663,1,36,1,0,4,1,3,0
21594,2,6,1,0,59,1,19,0
23221,2,5,1,0,11,8,4,0
43351,1,10,1,0,18,0,8,0
39008,1,23,1,7747,45,0,7,0
21386,2,38,1,5000,60,0,4,0
33082,1,11,1,0,16,0,8,0
9602,2,48,1,6000,14,0,5,0
38294,2,37,1,6000,51,35,5,0
6264,1,35,1,24,23,0,4,0
47152,2,10,1,195,27,1,1,0
40037,1,35,1,0,18,0,7,0
173,2,5,1,3286,43,21,13,0
5480,1,19,1,6000,5,0,5,0
11816,1,5,1,4000,16,16,3,0
36683,1,6,1,4000,39,5,3,0
48279,2,46,1,5483,15,0,25,0
7876,1,38,1,11030,53,0,24,0
46518,2,44,1,0,31,11,6,0
37283,1,25,1,0,59,0,7,0
37480,1,29,1,0,11,6,34,0
26782,2,29,1,0,21,0,7,0
3449,2,2,1,6000,46,20,5,0
27829,2,5,1,0,7,0,63,0
19891,1,4,1,8917,13,0,8,0
4626,2,24,1,5000,6,60,4,0
23605,1,23,1,0,26,18,12,0
19177,1,2,1,4000,23,0,3,0
13341,1,32,1,3982,4,0,5,0
40637,2,35,1,3000,5,3,2,0
11223,1,11,1,0,79,0,3,0
24678,1,36,1,7276,32,12,12,0
33668,2,29,1,2457,25,0,51,0
41228,2,11,1,0,7,6,7,0
8015,2,33,1,3625,53,0,3,0
32561,2,24,1,0,5,21,4,0
23474,2,35,1,3769,28,9,15,0
31090,1,7,1,9454,28,0,16,0
38627,2,46,2,0,97,4,3,0
35297,1,11,1,1290,30,50,15,0
9398,1,44,1,7708,8,0,15,0
46419,1,15,1,12000,21,0,11,0
1616,1,29,1,0,35,0,9,0
33925,1,27,1,4644,54,0,6,0
30440,2,5,1,4000,21,11,3,0
27832,1,36,1,3649,9,0,11,0
18236,2,33,1,0,41,0,5,0
44317,2,5,1,0,100,1,19,0
41907,2,23,1,0,100,8,13,0
27612,1,15,1,5000,24,0,4,0
3398,1,29,1,1230,27,0,3,0
6411,2,23,1,8404,56,26,9,0
42655,1,5,1,2615,12,0,17,0
45239,1,5,1,478,31,0,10,0
27880,1,24,2,0,44,1,6,0
34605,2,18,1,4000,41,1,3,0
3695,1,10,1,3000,10,2,2,0
49355,2,21,1,0,7,0,45,0
2394,1,32,1,0,15,3,1,0
15376,1,49,1,4299,12,0,10,0
29720,1,37,1,0,16,6,16,0
13375,2,19,1,0,14,0,5,0
35128,1,10,1,3000,3,9,2,0
18091,2,44,1,5064,13,1,25,0
21999,1,31,1,3000,100,14,2,0
9966,2,43,1,5000,26,0,4,0
36993,1,25,1,8000,1,0,7,0
33404,1,46,1,5000,9,0,4,0
895,1,10,1,0,10,0,11,0
2904,1,39,1,0,35,0,4,0
8311,1,5,1,12074,78,4,42,1
43329,1,10,1,10297,36,0,27,0
10453,2,5,1,3000,4,18,2,0
13416,2,10,1,0,27,5,3,0
48069,1,45,1,12000,32,0,11,1
9840,1,10,1,1115,26,0,5,0
1088,2,11,1,1677,32,0,12,0
32610,1,44,1,16377,45,0,24,1
15557,1,16,1,0,39,5,17,0
41014,2,3,1,1705,13,0,15,0
11244,2,43,1,0,79,0,2,0
44885,1,35,1,8013,33,14,10,0
36748,1,10,1,2899,4,0,22,0
34271,1,35,1,3385,12,0,14,0
25415,2,19,1,1727,5,0,14,0
1216,1,44,1,10932,26,0,12,0
5826,1,29,1,573,31,3,2,0
347,1,12,1,0,15,0,6,0
43289,2,38,1,0,5,13,5,0
9397,1,44,1,56,10,0,8,0
4419,1,12,1,3000,43,6,2,0
32580,1,39,1,8000,7,0,7,0
29634,1,44,1,0,45,0,18,0
46107,1,4,1,17770,22,28,19,1
43185,1,10,1,4000,7,3,3,0
33994,2,45,1,9374,60,0,25,0
36185,1,10,1,3000,8,14,2,0
28050,2,10,1,0,24,0,2,0
12261,2,32,1,11000,63,0,10,1
33245,1,35,1,4000,78,5,3,0
4938,1,48,1,5108,19,0,9,0
26193,1,21,1,28026,5,6,28,1
26792,1,20,1,5955,85,16,5,0
5811,2,13,1,5041,11,0,12,0
10944,1,11,1,0,13,4,2,0
14979,1,29,1,0,12,0,2,0
43297,2,5,1,2770,24,0,4,0
21266,2,3,2,9069,18,0,28,0
44324,1,35,1,0,13,4,9,0
45922,2,41,1,2624,6,0,11,0
16607,1,49,1,8138,64,50,18,1
33016,2,29,1,5000,33,2,4,0
36987,1,43,1,0,100,27,4,0
3809,2,12,1,0,27,0,22,0
41668,2,10,1,0,46,0,10,0
18839,2,24,1,6452,16,0,26,0
39001,1,36,1,6000,13,5,5,0
39206,1,35,1,11054,18,3,12,0
24398,1,5,1,5000,1,3,4,0
38995,1,23,1,0,40,17,2,0
24908,1,45,1,0,7,0,4,0
25240,1,5,1,1293,13,0,18,0
26385,2,44,1,0,7,0,10,0
41802,1,29,1,5000,17,0,4,0
2279,1,38,1,2000,27,10,1,0
25411,2,38,1,3000,8,17,2,0
33420,2,36,1,0,58,0,2,0
4107,1,35,1,0,23,0,16,0
45530,2,24,1,4000,7,14,3,0
19237,1,36,1,0,13,0,7,0
10920,2,18,1,0,26,0,2,0
41640,2,3,1,6000,7,2,5,0
39173,2,44,1,19882,14,0,22,1
43452,1,23,1,9000,17,0,8,0
1061,1,5,1,5000,20,6,4,0
5125,1,36,1,7045,28,0,19,0
20407,2,46,1,4133,10,57,6,0
46952,1,48,1,751,2,0,4,0
27551,1,15,1,7000,57,7,6,1
38542,1,10,1,852,52,1,4,0
6608,1,10,1,9000,20,0,8,0
134,2,2,1,5000,100,0,4,0
49469,2,10,1,4000,9,0,3,0
9560,1,44,1,0,4,4,14,0
33535,2,32,1,6000,24,0,5,0
29440,1,29,1,8000,100,0,7,1
10063,1,33,1,9007,100,6,19,0
14554,1,34,1,3465,44,0,7,1
46493,2,17,1,4000,18,0,3,0
27013,2,32,1,6000,7,19,5,0
25860,1,23,1,6000,26,5,5,0
37279,2,44,1,3546,18,0,31,0
5260,1,28,1,8000,26,0,7,0
8738,1,5,1,3869,7,1,3,0
12120,1,49,1,2021,77,24,9,0
44163,1,36,1,0,37,1,4,0
20441,2,15,1,4000,39,0,3,0
380,1,16,1,6963,81,3,21,1
31340,2,5,1,4642,6,8,11,0
5253,1,29,1,0,100,5,4,0
13402,1,7,1,2833,19,19,20,0
27101,1,44,1,2579,21,0,11,0
6813,2,5,1,0,18,0,7,0
1938,1,49,1,0,100,0,39,0
27330,1,36,1,0,37,0,7,0
35039,2,5,1,5962,53,0,5,0
21091,2,34,1,8000,20,0,7,0
5283,1,5,1,3000,8,5,2,0
24270,1,44,1,2030,33,3,2,0
1677,2,36,1,4000,23,0,3,0
7474,1,38,1,2317,18,1,3,0
22180,2,49,1,4737,13,12,4,0
5690,2,11,1,1450,26,48,5,0
40083,2,41,1,5000,14,0,4,0
32395,2,46,1,0,1,3,2,0
36431,1,29,1,4000,42,4,3,0
46301,1,34,1,0,57,29,3,0
28675,1,6,1,4472,3,0,5,0
26151,2,25,1,1342,10,0,2,0
44847,2,15,1,8315,21,0,8,0
22856,1,48,1,9510,9,6,18,0
43583,2,5,1,6000,24,7,5,0
2627,1,44,1,4000,2,1,3,0
9551,1,29,1,4000,9,4,3,0
27218,2,44,1,0,32,9,8,0
37288,1,21,1,1250,40,0,2,0
18493,1,39,1,0,50,15,8,0
10044,1,44,1,0,23,0,4,0
16805,1,19,1,11747,12,0,32,0
49005,1,18,1,3000,2,13,2,0
5151,2,21,1,6541,12,0,6,0
49970,1,35,1,3000,25,0,2,0
29635,2,15,1,1714,4,3,11,0
6396,1,16,1,1194,100,0,7,0
40220,2,29,1,5180,21,3,9,0
47200,1,37,1,4000,100,10,3,0
23074,1,17,1,3000,18,0,2,0
37004,1,16,1,7681,18,0,31,0
18942,2,23,1,0,9,3,6,0
19366,1,11,1,1218,23,9,3,0
26743,1,44,1,0,17,0,10,0
29111,1,5,1,0,10,0,5,0
7342,2,15,1,8000,8,6,7,0
2406,1,31,1,1073,100,5,5,0
35473,1,31,1,697,5,13,3,0
30368,1,39,1,0,7,1,33,0
43069,1,29,1,0,13,8,22,0
37059,2,35,1,8647,12,0,12,0
8212,1,5,1,0,17,1,4,0
31097,2,5,1,0,28,0,10,0
18877,1,24,2,8000,10,0,7,0
34222,1,23,1,6484,34,2,10,0
40353,1,29,1,0,9,0,5,0
9050,2,10,1,3000,34,3,2,0
25837,1,5,1,4000,100,0,3,0
49080,2,16,1,13000,13,2,12,0
37489,2,13,1,7326,8,0,9,0
15560,1,43,1,2000,10,11,1,0
10354,1,41,1,10000,2,0,9,0
2415,1,36,1,4034,10,0,7,0
2263,1,16,1,12041,25,0,14,0
24165,2,23,1,9918,25,0,20,0
43856,2,39,1,9000,83,0,8,0
31607,2,44,1,0,29,0,3,0
10153,1,15,1,0,30,0,23,0
43456,1,14,1,0,42,18,17,0
28856,1,39,1,4973,16,0,59,0
14959,2,39,2,0,36,0,67,1
21917,1,24,1,4000,34,2,3,0
21863,1,32,1,3000,7,0,2,0
17219,1,4,1,69,16,5,10,0
2541,2,43,1,4091,80,0,36,1
48475,2,4,1,0,7,0,5,0
42949,2,49,1,0,9,0,5,0
32937,1,48,1,4000,17,3,3,0
6526,1,14,1,0,50,3,4,0
8545,2,36,1,0,17,42,3,0
11156,1,36,1,5000,23,0,4,0
41545,1,15,1,1994,7,0,7,0
19877,1,5,1,2980,11,0,9,0
30102,2,5,1,0,8,15,12,0
40824,1,20,1,6853,24,14,19,0
1569,1,39,1,4766,14,0,5,0
18944,2,44,1,7656,28,20,7,0
20849,2,12,1,4000,100,1,3,0
4937,1,48,1,2585,100,0,16,1
43504,1,13,1,0,12,2,5,0
8514,1,44,1,0,27,6,18,0
48010,1,49,1,8000,27,0,7,0
36474,1,10,1,0,30,3,12,0
2968,2,32,1,8000,34,5,7,0
49649,1,17,1,5344,9,0,27,0
30725,2,15,1,3000,26,2,2,0
24201,2,32,1,18290,53,0,33,1
42335,1,21,1,0,5,5,32,0
22401,1,39,1,6000,24,5,5,0
11645,1,37,1,5000,30,3,4,0
26223,1,29,1,12000,29,0,11,0
26488,1,2,1,4955,5,0,13,0
11192,2,11,1,0,48,6,3,0
15323,2,18,1,9550,54,0,11,1
20771,1,45,1,6000,29,4,5,0
1673,1,32,1,0,23,0,28,0
14601,1,46,1,3000,26,2,2,0
36961,1,35,1,3000,19,0,2,0
2547,1,36,1,2000,24,0,1,0
19828,1,16,1,3000,18,4,2,0
27328,2,3,1,5000,49,0,4,0
40025,2,39,1,3000,39,14,2,0
30606,1,18,1,2479,19,4,4,0
7826,1,15,1,6000,6,0,5,0
23202,1,49,1,0,32,0,3,0
42661,1,35,1,5107,29,19,9,0
34673,2,48,1,3134,100,0,5,0
27905,1,15,1,6718,80,0,8,1
2537,2,36,1,0,50,0,6,0
3589,1,5,1,0,8,0,3,0
15719,2,5,1,12178,18,0,32,0
19420,2,20,1,0,20,1,4,0
18322,2,6,1,4000,12,0,3,0
14453,1,51,1,3000,40,0,2,0
550,1,48,1,0,57,0,4,0
18359,1,6,1,4369,40,0,4,0
23060,1,46,1,0,7,0,7,0
30960,1,22,1,0,27,0,2,0
24236,1,45,1,4000,16,11,3,0
19430,2,35,1,2566,20,0,10,0
23723,1,28,1,0,9,0,16,0
32476,1,15,2,0,19,5,3,0
25149,1,5,1,4797,9,0,8,0
16825,1,37,1,9863,49,0,15,0
25680,2,5,1,6572,36,0,13,0
12872,1,35,1,2000,4,0,1,0
47761,1,25,1,0,50,2,13,0
13016,1,48,1,6000,10,9,5,0
43915,2,51,1,8317,0,8,9,0
26883,1,5,1,3664,5,0,18,0
4005,1,47,1,5000,8,17,4,0
28765,2,32,1,9000,2,48,8,0
42127,2,5,1,3978,4,0,49,0
31686,1,17,1,3000,13,4,2,0
25072,1,32,1,0,4,0,8,0
28738,1,36,1,142,8,0,5,0
26345,2,13,1,2000,8,6,1,0
42650,2,5,1,12175,61,0,20,1
23246,2,15,1,0,14,12,6,0
11991,1,41,1,4000,70,26,3,0
41150,1,48,1,5000,11,0,4,0
21981,2,17,1,6580,4,0,8,0
26811,1,10,1,3872,55,0,22,0
19689,2,5,1,1211,37,9,3,0
29932,1,4,1,3000,22,0,2,0
35117,2,23,1,0,13,0,21,0
346,1,2,1,6642,100,4,7,0
27798,1,11,1,972,3,0,5,0
35483,1,5,1,20000,15,0,19,1
16335,1,4,1,6000,14,0,5,0
14613,2,44,1,0,14,0,5,0
30244,1,35,1,5052,15,0,5,0
21739,2,36,1,0,18,0,3,0
46868,2,10,1,14860,17,0,17,0
31216,1,1,1,3000,44,0,2,0
12384,1,5,1,10000,44,0,9,0
30549,1,17,1,0,5,0,3,0
37304,1,7,1,4556,17,13,12,0
10313,1,36,1,0,10,0,15,0
9335,2,46,1,1932,100,2,4,0
42607,2,24,1,4000,43,0,3,0
8831,1,35,1,5000,13,1,4,0
25090,1,17,1,5000,3,6,4,0
19342,1,5,1,9000,45,3,8,0
14443,2,23,1,5000,8,0,4,0
15114,1,29,1,10663,23,2,12,0
6148,1,5,1,4000,82,32,3,0
41616,2,5,1,0,36,0,3,0
41451,2,5,1,0,45,26,6,0
38657,1,6,1,4436,45,0,11,0
40763,1,18,1,11330,9,0,60,1
13015,2,35,1,21997,13,0,24,1
18580,1,3,1,5043,73,0,6,0
3747,2,39,1,6387,1,0,7,0
24267,1,22,1,0,15,0,3,0
24304,2,4,2,0,30,7,22,0
7689,1,35,1,0,5,0,4,0
27750,1,7,1,9691,2,6,12,0
35978,2,23,1,0,40,0,2,0
40948,2,44,1,0,8,49,12,0
33908,1,5,1,0,59,19,5,0
29371,1,23,1,2190,13,0,6,0
48258,1,44,1,4474,27,3,5,0
28609,2,10,1,0,6,0,15,0
1756,1,5,1,0,16,0,3,0
42122,1,29,1,0,33,0,3,0
17322,1,10,1,17220,100,0,33,1
2502,2,36,1,0,19,9,4,0
6292,1,20,1,2018,50,0,5,0
31862,2,44,1,3000,30,7,2,0
24048,2,21,1,4000,19,0,3,0
40416,2,18,1,0,71,16,3,0
47131,2,20,1,0,19,16,9,0
42810,1,5,1,0,100,1,23,0
49415,2,39,1,4000,17,0,3,0
45535,1,2,1,3000,26,23,2,0
38449,1,35,1,7000,52,1,6,0
12822,2,29,1,845,34,0,6,0
46527,2,37,2,7202,20,0,35,0
32382,1,48,1,7000,7,5,6,0
28861,2,22,1,9000,2,0,8,0
18653,1,21,1,8000,21,0,7,0
24186,2,10,1,4000,31,2,3,0
10862,2,39,1,4049,22,0,11,0
12706,2,44,1,1844,14,1,9,0
32883,2,13,1,3000,55,60,2,0
43373,1,37,1,2507,18,15,6,0
34140,1,46,1,6000,23,0,5,0
4377,2,10,1,5000,1,2,4,0
19928,2,10,1,3566,12,0,4,0
18077,1,24,1,0,24,5,5,0
44861,1,45,1,0,16,0,6,0
22817,2,10,1,0,25,22,26,0
39362,2,25,1,0,12,0,48,0
28721,1,19,1,7000,44,6,6,0
20113,1,21,1,0,28,0,2,0
11061,1,5,1,0,7,7,6,0
26629,1,41,2,3000,4,0,2,0
30684,1,44,1,6587,100,1,6,0
42525,1,5,1,9000,20,0,8,0
37887,1,46,1,4000,100,0,3,0
26113,2,37,1,0,46,0,2,0
27040,2,36,1,0,16,0,9,0
24697,2,36,1,0,32,0,6,0
20630,1,44,1,693,10,0,4,0
389,1,11,1,9000,8,1,8,0
46553,1,11,1,4343,34,26,21,0
49949,1,35,1,5988,44,6,6,0
19144,2,23,1,3000,55,0,2,0
38472,1,36,1,0,41,0,4,0
46364,2,15,2,2241,58,0,5,0
13382,1,39,1,5000,15,0,4,0
14157,1,36,1,15929,51,0,16,0
138,2,47,1,7644,11,0,63,0
17729,1,32,1,0,36,11,30,0
21524,1,28,1,0,38,2,10,0
44002,1,5,1,4000,7,9,3,0
8019,2,37,1,2092,26,0,23,0
45635,1,44,1,0,55,0,9,0
14700,1,41,1,4000,28,0,3,0
4144,2,5,1,0,4,0,4,0
10582,2,35,1,3000,45,12,2,0
6959,1,43,1,6000,35,0,5,0
34952,1,3,1,6238,23,2,14,0
7294,2,10,1,2579,10,0,23,0
8988,2,20,1,6000,4,0,5,0
25088,1,3,2,5980,57,1,7,0
26436,1,36,1,2793,86,3,3,0
44990,2,5,1,1734,23,3,2,0
42602,1,6,1,10000,2,0,9,0
15288,1,7,1,0,3,14,39,0
30213,2,5,1,4150,36,1,10,0
22504,1,5,1,1488,19,5,4,0
40609,2,43,1,11000,30,0,10,1
44044,1,5,1,4768,7,28,7,0
38990,2,16,1,8350,7,13,16,0
36970,1,49,1,0,3,0,25,0
27951,1,44,1,531,26,0,24,0
820,2,35,2,4223,23,0,8,0
47,2,23,1,0,5,3,4,0
25578,1,29,1,3000,27,0,2,0
35207,1,15,1,0,92,0,4,0
39680,1,15,1,0,3,5,6,0
31961,1,5,2,0,7,2,2,0
33881,1,10,1,4643,6,0,16,0
29158,1,41,1,1731,6,6,13,0
25639,1,33,1,4000,5,0,3,0
47691,1,28,1,3000,2,5,2,0
604,1,41,1,4976,20,3,7,0
5394,1,7,1,0,18,0,75,0
31047,2,21,1,5000,13,3,4,0
48896,1,44,1,3000,4,0,2,0
19049,1,46,1,3000,11,1,2,0
49467,1,2,1,320,11,5,7,0
16231,1,13,1,5537,8,0,17,0
31575,2,14,1,9413,44,7,27,1
17995,1,14,1,1440,26,5,12,0
223,1,13,1,4844,7,2,4,0
40481,1,11,1,1987,20,0,3,0
49882,1,49,1,9000,14,8,8,0
44295,2,38,1,0,100,5,11,0
4990,1,2,1,6000,70,0,5,0
25729,1,35,1,5000,8,0,4,0
27226,1,32,1,3000,36,0,2,0
36895,1,36,1,0,56,0,9,0
398,1,5,1,571,2,0,6,0
15346,1,5,1,4000,32,0,3,0
33697,1,8,1,3000,5,0,2,0
18514,2,9,1,3487,11,0,6,0
36422,2,30,1,3670,28,0,7,0
18606,2,49,1,7677,17,5,10,0
46006,1,40,1,0,19,0,12,0
18809,2,7,1,3824,19,0,9,0
10623,2,5,1,4099,50,30,12,0
32436,1,5,1,10547,90,0,17,1
26602,1,43,1,0,7,1,17,0
2640,1,49,1,8000,100,0,7,0
46050,1,7,1,3021,40,0,4,0
19464,1,29,1,5000,12,0,4,0
19713,1,5,1,0,17,2,5,0
2047,2,36,1,5000,5,0,4,0
49731,1,11,1,0,5,0,7,0
8668,2,14,1,7644,100,0,8,0
8283,1,44,1,11000,10,0,10,0
20254,2,43,1,3098,10,0,17,0
45691,1,44,1,18604,16,0,35,0
36094,1,20,2,0,8,0,12,0
46955,2,5,1,7489,8,0,16,0
24138,1,10,1,2567,16,0,4,0
34071,2,11,1,9000,49,0,8,1
44935,1,48,1,0,3,0,7,0
12561,1,32,1,5536,88,9,13,0
10988,1,10,1,4000,27,0,3,0
44086,2,38,1,3000,44,19,2,0
29607,2,39,1,5000,22,8,4,0
46712,1,16,1,4000,21,0,3,0
11789,2,35,1,0,57,0,56,0
12961,2,4,1,0,15,2,2,0
28498,1,5,1,3115,29,0,3,0
16591,1,20,1,4000,13,0,3,0
2457,2,36,1,0,100,3,6,0
42555,1,5,1,0,11,0,8,0
28590,1,5,1,3000,8,0,2,0
4813,2,46,1,0,54,10,3,0
37191,1,9,1,7000,20,5,6,0
29980,1,35,1,0,8,0,20,0
14429,1,15,1,11454,18,22,29,0
22507,1,32,1,0,9,2,10,0
14470,1,24,1,0,13,0,3,0
33863,2,7,1,7000,26,0,6,0
33842,1,36,1,5000,100,0,4,0
20636,1,24,1,7000,6,0,6,0
35653,1,5,1,0,24,1,7,0
24073,2,5,1,5000,73,0,4,0
21520,2,11,1,6734,56,0,7,0
14266,2,35,1,6000,90,35,5,1
25724,1,20,1,10000,20,5,9,0
19591,1,10,1,4000,56,13,3,0
33619,2,29,1,572,28,5,1,0
14439,1,25,1,6362,100,0,10,0
47676,1,29,1,0,100,0,34,0
48342,1,23,1,0,59,5,14,0
15157,1,48,1,11000,64,0,10,0
21053,2,17,1,4619,53,0,4,0
20717,1,36,2,0,24,2,10,0
4506,2,13,1,0,22,5,2,0
13515,1,44,1,14795,14,11,27,1
7166,1,6,1,0,100,0,12,0
43478,2,44,1,2600,27,9,4,0
17990,1,2,1,4000,24,0,3,0
9894,1,36,1,0,12,0,5,0
6771,1,23,2,15081,59,0,59,1
39627,1,25,1,0,11,1,2,0
16184,2,44,1,0,55,0,1,0
28924,1,48,1,7601,20,2,13,0
47619,2,11,1,0,100,9,6,0
40197,2,23,1,6830,30,51,26,0
21830,1,5,1,4000,21,18,3,0
7187,2,41,1,5000,38,0,4,0
41625,2,15,1,6000,7,4,5,0
22187,2,44,1,9216,32,5,22,0
31204,2,26,1,0,13,2,5,0
5156,1,46,1,0,40,3,10,0
35348,1,19,1,8493,10,24,22,0
4468,2,41,1,0,46,10,3,0
22527,1,23,1,8337,22,1,42,0
20275,1,36,1,4000,25,0,3,0
17434,2,5,1,4000,24,59,3,0
19235,1,29,1,0,16,7,4,0
28127,1,5,1,0,30,0,5,0
31653,2,39,1,0,4,17,8,0
46048,2,10,1,6139,17,7,6,0
6563,1,14,1,13788,61,25,13,1
26852,2,39,1,6000,76,0,5,0
27995,1,39,1,8565,34,0,26,1
38814,2,5,1,7000,20,16,6,0
23306,1,11,1,0,25,0,17,0
1153,2,35,1,3249,17,0,12,0
36973,1,24,1,0,20,0,9,0
1193,1,38,1,3130,29,8,9,0
19161,2,5,1,5853,20,41,13,0
14413,1,15,1,13430,62,0,32,1
49647,1,5,1,0,26,0,4,0
45394,1,23,1,4000,18,0,3,0
33944,2,5,1,3039,89,0,11,0
32612,1,37,1,8048,21,0,8,0
17983,1,21,1,5397,26,0,5,0
3380,1,39,1,6000,5,0,5,0
11697,1,40,1,0,24,0,6,0
24349,1,20,1,849,12,0,25,0
16201,1,32,1,6000,13,0,5,0
40272,2,49,1,6773,13,11,9,0
42916,1,23,1,0,22,10,3,0
23620,1,10,1,6000,60,3,5,0
20171,1,36,1,4000,33,10,3,0
37314,1,15,1,3238,14,1,29,0
33528,1,33,1,2205,5,0,22,0
22933,1,29,2,5000,11,0,4,0
12990,2,29,1,3084,4,2,15,0
39141,2,20,1,4131,23,0,4,0
38844,1,35,1,6000,51,3,5,0
45777,1,23,1,4000,6,0,3,0
17981,1,5,1,11462,39,0,29,1
45087,1,5,1,4100,16,0,12,0
46725,1,2,1,8000,2,0,7,0
43307,1,35,2,4000,10,11,3,0
43974,2,5,1,5000,11,8,4,0
47939,2,46,1,4463,100,3,4,0
43235,2,35,1,9463,14,14,9,0
24826,1,25,1,0,64,0,13,0
41619,1,37,1,527,35,0,2,0
273,2,4,1,9422,47,0,15,0
12139,1,46,1,3000,5,0,2,0
814,1,36,1,5000,6,0,4,0
35860,1,5,1,0,4,0,2,0
6196,1,21,1,974,7,0,4,0
7629,2,26,1,5000,85,0,4,1
45580,2,5,1,8262,29,6,11,0
4085,2,21,1,0,11,5,30,0
32658,2,4,1,1274,16,0,2,0
30085,1,36,1,6000,30,0,5,0
37300,1,5,1,0,5,8,2,0
18161,1,15,1,0,9,3,10,0
24312,1,41,1,0,10,0,6,0
22194,1,32,1,0,12,0,2,0
43218,1,24,1,630,5,0,4,0
16852,1,10,1,0,4,9,11,0
29553,1,48,1,6511,6,0,24,0
38741,1,5,1,5000,43,18,4,0
41804,2,13,1,0,11,0,6,0
5551,1,39,1,3458,25,0,4,0
16069,1,23,1,655,3,0,8,0
3342,1,50,1,920,1,0,6,0
31593,1,35,1,0,10,0,10,0
28033,1,20,1,0,32,0,3,0
8904,2,15,1,5000,29,0,4,0
29178,2,35,1,2188,19,7,2,0
40400,1,36,1,0,75,7,2,0
46709,2,44,1,3624,15,0,3,0
28686,1,10,1,9000,6,3,8,0
39943,1,36,1,6000,33,0,5,0
15638,2,12,1,3533,49,0,3,0
10671,2,11,1,0,13,0,10,0
42863,2,21,1,0,10,0,8,0
19537,1,35,1,0,3,11,52,0
27955,1,20,1,1952,42,0,20,0
28167,2,15,1,6000,29,0,5,0
3691,2,48,1,0,25,0,5,0
36246,1,35,1,3000,9,0,2,0
23918,1,7,1,0,55,1,3,0
27846,1,48,1,7361,46,0,27,0
10033,1,32,1,3000,100,8,2,0
25439,2,21,1,7405,19,7,10,0
19206,2,4,1,7000,100,0,6,0
1687,2,5,1,2164,2,0,5,0
33564,1,19,1,0,15,6,2,0
9221,2,11,1,7533,100,1,7,1
23375,1,15,1,5778,30,0,13,0
29870,2,21,1,6014,6,0,11,0
540,2,23,1,8850,100,12,11,1
19974,1,32,1,3952,9,0,3,0
48172,1,44,1,2785,6,0,12,0
2686,1,23,1,9451,3,1,20,0
49952,1,39,1,3000,17,0,2,0
15930,2,43,1,7575,100,0,12,0
538,2,23,1,4000,17,0,3,0
12312,2,45,1,7000,22,3,6,0
43048,1,5,1,1925,15,0,7,0
44471,1,5,1,4000,7,0,3,0
1007,1,35,1,0,60,0,7,0
25183,2,35,1,3249,8,0,13,0
36179,2,19,1,5000,8,0,4,0
4535,2,35,1,0,54,3,8,0
40027,1,46,1,8079,15,0,9,0
15242,2,9,1,0,22,3,4,0
47237,2,39,1,0,21,6,3,0
30056,2,25,1,0,50,4,10,0
23839,1,26,1,12298,6,6,16,0
36499,2,2,1,4658,7,0,16,0
15913,2,7,1,8761,3,0,10,0
48278,1,36,1,4000,7,0,3,0
36393,1,3,1,15680,99,3,19,1
11792,1,10,1,0,47,0,6,0
5528,1,2,1,4000,44,0,3,0
44240,1,5,1,4338,0,0,7,0
43961,2,49,1,1470,2,0,13,0
5465,1,44,1,0,10,0,14,0
23073,2,19,1,4000,100,12,3,0
32932,1,51,1,6000,18,14,5,0
7997,1,6,1,0,27,0,18,0
40110,1,43,1,4000,32,14,3,0
28287,1,44,1,3000,6,0,2,0
5333,1,43,1,0,7,0,6,0
47133,1,23,2,0,2,0,23,0
12746,1,26,1,5409,100,22,6,0
45852,2,41,1,0,8,3,7,0
8810,1,17,1,9397,96,0,11,1
23530,2,29,1,8255,10,12,68,1
37742,1,49,1,947,23,0,7,0
49994,1,38,1,4000,100,6,3,0
15823,2,44,1,5803,17,8,5,0
46598,1,2,1,11411,7,0,12,0
9125,2,46,1,7000,8,8,6,0
12842,2,11,1,4320,4,0,16,0
15827,2,16,1,8000,22,3,7,0
30017,1,37,1,4000,35,0,3,0
18252,1,25,1,3192,39,0,10,0
31714,2,17,1,0,10,1,5,0
15975,1,37,1,6000,41,0,5,0
14114,1,44,1,0,3,0,11,0
46129,2,42,1,4777,6,0,5,0
38970,2,37,1,0,7,0,10,0
43845,2,5,1,9000,6,0,8,0
43467,1,23,1,0,100,19,10,0
45188,1,2,1,0,37,0,6,0
9500,1,28,1,14146,44,3,37,1
30422,1,29,1,2995,7,0,3,0
2708,1,5,1,0,4,0,4,0
35169,1,44,1,10000,12,0,9,0
47673,1,46,1,1586,28,0,16,0
32456,2,35,1,5316,40,12,6,0
31039,1,44,1,0,29,11,3,0
49825,2,29,1,4867,3,35,4,0
28870,1,5,1,3689,12,13,3,0
38619,1,23,1,235,3,0,6,0
1922,2,35,1,6000,2,0,5,0
25888,2,5,1,7000,33,2,6,0
46388,2,25,1,46,6,0,3,0
16263,1,29,1,2000,14,3,1,0
40123,1,5,1,19000,25,8,18,1
13331,1,23,1,406,8,0,21,0
48099,1,23,1,6000,3,16,5,0
14491,1,14,1,0,8,3,7,0
46105,1,35,1,10000,65,0,9,0
3965,1,36,1,8000,100,3,7,0
2856,1,11,1,0,100,0,43,0
6627,2,19,1,5223,44,0,5,0
12399,1,5,1,4000,22,0,3,0
10199,1,15,1,3000,5,0,2,0
15206,1,7,1,7538,4,34,11,0
13086,2,5,1,4309,11,0,7,0
45966,2,11,1,8000,3,1,7,0
32137,1,44,1,3938,18,26,19,0
15221,2,10,1,4568,58,51,5,0
1528,2,9,1,0,100,0,3,0
14799,1,38,1,772,16,0,2,0
18388,1,29,1,0,44,0,10,0
23274,2,5,1,5723,18,5,14,0
42141,1,32,1,3000,5,3,2,0
49156,1,11,1,11978,48,0,49,1
39396,2,10,1,13000,23,3,12,0
41878,1,5,1,0,13,0,9,0
15489,2,19,1,12000,20,1,11,0
13640,2,10,1,13473,89,0,18,1
9090,2,32,1,0,10,27,21,0
27429,1,43,1,0,64,4,4,0
21475,2,25,1,0,38,5,10,0
47765,1,10,1,3000,38,7,2,0
30034,1,23,1,0,5,0,13,0
13618,2,44,1,0,15,9,7,0
14944,1,25,1,6000,11,0,5,0
6240,1,39,1,4091,25,0,4,0
38602,1,36,1,3312,14,2,11,0
48180,1,5,1,0,90,0,5,0
42981,2,5,1,5000,11,6,4,0
10602,2,16,1,4815,26,1,15,0
2765,1,44,1,0,78,8,10,0
19384,2,10,1,0,17,6,13,0
21061,1,34,1,7789,4,8,7,0
11449,2,36,1,1783,18,6,16,0
44766,1,15,1,14931,80,0,18,1
7575,2,3,1,6384,100,0,9,0
23021,2,5,1,0,60,0,4,0
48772,1,20,1,0,25,0,34,0
7743,1,44,1,1272,22,0,7,0
49267,2,35,1,13489,21,0,16,0
46019,1,7,1,0,16,1,23,0
12886,1,5,1,12498,4,0,19,0
47080,1,5,1,8653,67,0,11,0
22875,1,32,1,0,26,14,2,0
7994,2,39,1,1836,2,0,7,0
28882,2,5,1,0,10,0,2,0
20504,2,4,1,12000,16,0,11,0
15343,1,36,1,0,21,0,3,0
45826,1,7,1,5000,6,2,4,0
45288,2,10,1,7000,8,0,6,0
33400,2,34,1,4000,32,8,3,0
17121,2,24,1,4000,11,0,3,0
32904,2,24,1,3000,80,46,2,0
27668,1,11,1,3000,18,0,2,0
31735,1,23,1,8000,12,0,7,0
40927,1,44,1,0,17,0,3,0
43208,1,39,1,3000,12,4,2,0
37383,1,6,1,0,16,0,10,0
10125,1,44,1,641,7,0,12,0
10187,1,15,1,7000,16,7,6,0
48265,2,10,1,6000,29,0,5,0
28473,2,5,1,2477,6,2,9,0
25461,1,39,1,710,49,0,5,0
31916,1,44,1,4000,24,0,3,0
14628,2,10,1,3000,12,3,2,0
29366,1,39,1,7000,64,1,6,0
6505,1,29,1,1347,9,0,12,0
21374,1,5,1,0,71,0,6,0
24151,1,35,1,0,30,7,25,0
13333,1,15,1,8202,5,0,14,0
37675,2,49,1,1970,70,0,22,0
27276,2,18,1,7000,55,5,6,0
4221,2,6,1,4924,20,0,4,0
2546,1,32,1,5376,11,0,7,0
1483,2,11,1,4967,13,0,17,0
36320,2,20,1,9000,12,0,8,0
28426,2,7,1,0,19,0,11,0
21586,1,23,1,2983,46,2,8,0
28462,2,5,1,0,30,0,4,0
11923,2,24,1,3000,100,5,2,1
38808,2,39,1,3842,19,0,4,0
43710,1,10,1,0,16,2,12,0
24464,1,5,1,4248,32,0,5,0
2951,1,39,1,0,12,2,16,0
7511,1,41,2,0,17,0,6,0
48054,2,5,1,0,35,0,26,0
37344,1,19,2,1154,13,0,10,0
38112,2,44,1,6000,28,15,5,0
16156,1,50,1,3759,15,0,3,0
19368,1,3,1,3417,22,0,8,0
24734,1,44,1,3000,7,0,2,0
49343,2,10,1,11275,33,7,13,0
27364,2,41,1,3715,48,0,9,0
34919,1,15,1,7000,100,2,6,1
22783,2,44,1,3444,13,0,11,0
44080,1,11,1,3016,92,0,4,0
26921,1,5,1,11478,13,0,18,0
3015,1,5,1,0,2,0,2,0
8635,2,10,1,12132,100,12,17,1
33434,1,5,1,9000,17,0,8,0
33878,1,13,1,0,18,7,4,0
17147,1,5,1,2160,19,0,29,0
22826,2,5,1,10000,65,12,9,0
29385,2,5,2,0,33,23,9,0
13242,1,13,1,2033,14,0,3,0
1281,1,44,1,5677,11,60,5,0
26949,2,44,1,15677,11,0,20,1
19842,2,46,1,1949,6,0,6,0
3820,1,23,1,0,26,4,7,0
16808,1,35,1,11000,25,15,10,0
39175,1,11,1,3000,14,8,2,0
43081,2,44,1,5000,72,0,4,0
18489,1,35,1,0,25,3,3,0
2293,2,10,1,4764,24,0,4,0
40274,1,5,1,2277,6,7,2,0
16503,2,35,1,1047,10,2,2,0
31162,1,10,1,6000,2,0,5,0
2974,1,29,1,4167,6,2,5,0
15266,2,36,1,0,11,0,7,0
49864,1,5,1,0,47,0,3,0
13071,2,11,1,1764,20,11,43,1
25730,2,10,1,159,11,12,29,0
41725,2,44,1,0,16,0,27,0
27086,2,49,1,3000,12,3,2,0
33883,2,22,1,0,13,0,4,0
6046,1,11,1,3000,6,3,2,0
30187,2,23,1,9093,87,0,10,1
26943,1,36,1,6984,11,4,8,0
17669,2,39,1,4000,31,2,3,0
12080,2,11,1,4000,16,17,3,0
34093,2,11,1,11587,19,18,22,0
47223,2,10,1,0,16,1,3,0
48151,1,23,1,4000,26,0,3,0
48163,1,50,1,5638,100,10,8,1
28942,2,10,1,7000,83,34,6,0
37956,1,23,1,0,82,9,2,0
9364,2,49,1,2714,37,1,4,0
42783,1,5,1,0,53,11,3,0
43995,1,5,1,9828,37,1,16,0
11470,1,5,1,0,9,2,8,0
36034,2,22,1,5000,3,60,4,0
28621,2,46,2,4497,25,0,12,0
1839,2,5,1,8409,11,0,8,0
17903,1,2,1,0,15,14,3,0
2342,1,42,1,0,55,0,5,0
15866,1,20,1,2000,17,0,1,0
8185,2,36,1,8665,24,0,11,0
9351,1,29,1,10000,18,0,9,0
33262,2,18,1,8456,25,10,15,0
45404,1,36,1,9000,24,0,8,0
8874,1,39,1,12000,9,1,11,0
30525,1,26,1,0,4,2,3,0
22272,2,48,2,6000,31,0,5,0
3314,2,39,1,8049,26,0,9,0
19349,2,15,1,0,100,5,15,0
46595,2,32,1,8000,79,0,7,0
34564,1,32,1,4000,8,11,3,0
44083,1,41,1,4664,18,11,6,0
32896,1,5,1,4000,12,0,3,0
15491,2,23,1,6137,17,0,7,0
47082,1,5,1,0,11,10,10,0
40783,1,32,1,3465,8,60,28,0
3428,1,5,1,526,11,0,3,0
38615,1,44,1,2573,93,7,14,1
22984,2,44,1,0,34,0,3,0
7396,1,18,1,4000,100,0,3,0
38576,2,6,1,3000,29,0,2,0
41209,1,10,1,3522,37,0,23,0
39291,1,13,1,4240,17,0,11,0
28010,1,11,1,4994,6,2,5,0
40823,2,4,1,9000,23,0,8,0
30730,2,32,1,4000,23,0,3,0
42463,1,44,1,0,34,14,5,0
34131,1,2,1,0,9,0,6,0
12094,1,10,2,3722,72,1,7,0
20006,2,11,1,4000,29,1,3,0
13941,1,14,1,0,14,1,9,0
46082,2,26,1,5000,7,0,4,0
25970,1,48,1,6000,15,0,5,0
33276,1,49,1,7505,39,0,12,0
33620,2,48,1,1222,2,21,28,0
36104,1,44,1,0,47,4,12,0
11431,2,35,1,5000,9,0,4,0
4499,1,47,1,4250,3,0,5,0
36596,1,41,1,7000,8,0,6,0
6495,1,5,1,5280,1,3,7,0
3235,1,44,1,5546,32,0,17,0
20985,2,44,1,0,8,11,6,0
33884,2,25,1,21,11,2,4,0
34024,2,44,1,0,13,54,20,0
20098,2,36,1,3615,100,1,8,0
24815,2,33,1,4000,25,0,3,0
21209,1,36,1,0,2,0,3,0
44961,1,36,1,0,31,0,5,0
14350,1,29,1,5137,7,3,6,0
15520,1,11,1,5545,21,0,7,0
4775,1,1,1,0,100,0,3,0
34642,1,50,1,6000,26,0,5,0
3875,2,28,1,8000,30,2,7,0
18700,1,11,1,188,63,13,16,0
43824,2,10,1,0,22,0,8,0
27334,1,36,1,4155,20,2,4,0
6286,1,5,1,0,19,0,13,0
41183,2,29,1,0,35,27,4,0
8510,1,5,1,2093,3,0,11,0
12685,2,15,1,6163,1,0,39,0
37609,2,10,1,0,27,5,4,0
7571,2,3,2,5916,9,0,9,0
46308,1,23,1,0,39,0,2,0
25582,1,35,1,3000,52,1,2,0
35685,2,7,1,0,2,29,8,0
10456,1,5,1,5000,27,3,4,0
7890,1,48,1,4660,6,7,38,0
42548,1,4,1,4000,17,10,3,0
6420,2,5,1,495,6,0,23,0
35426,1,5,1,3188,56,0,4,0
20392,1,38,1,0,8,10,6,0
41418,1,49,1,4960,10,12,9,0
8423,1,32,1,4000,10,0,3,0
23097,2,5,1,0,4,43,9,0
40475,1,43,1,7755,15,7,10,0
37504,2,43,1,3616,20,0,5,0
5338,2,48,1,339,16,0,5,0
19816,2,17,1,4229,5,3,6,0
47100,1,29,1,4000,14,6,3,0
1806,1,35,1,0,6,1,9,0
9178,2,5,1,560,61,0,2,0
44801,2,39,1,7000,2,0,6,0
26058,1,34,1,0,69,2,4,0
6250,1,41,1,15254,8,2,27,1
37899,1,41,1,8784,20,0,12,1
8592,1,44,1,0,11,0,28,0
12134,1,41,1,0,68,6,12,0
35358,1,19,1,4000,92,2,3,0
11235,1,36,1,5000,3,0,4,0
36027,1,5,1,6907,7,0,20,0
24554,1,5,1,0,14,2,5,0
26794,1,34,1,11171,34,10,11,0
12520,1,5,1,12000,37,0,11,0
45507,2,11,1,3000,4,1,2,0
15878,1,15,1,4718,18,25,8,0
23658,1,10,1,0,9,2,12,0
42145,1,43,1,13000,42,0,12,1
31798,1,15,1,0,21,0,4,0
2128,2,44,1,7000,24,0,6,0
8052,1,48,1,313,57,9,11,0
39032,1,21,1,11000,14,0,10,0
2573,2,23,1,421,74,27,5,0
7935,1,23,1,5000,1,5,4,0
18245,1,44,1,0,17,0,10,0
41636,2,36,1,5363,10,0,5,0
8152,1,2,1,5000,36,0,4,0
47448,1,37,1,0,4,0,2,0
14845,1,35,1,0,4,0,4,0
37167,2,28,1,3000,4,0,2,0
43334,2,10,1,0,72,0,25,0
8147,2,25,1,10769,27,0,11,0
43638,1,36,1,0,3,0,19,0
5169,1,24,1,3000,41,3,2,0
7179,2,29,1,0,24,1,5,0
4185,2,3,1,2593,8,0,5,0
25810,2,43,1,5000,2,2,4,0
39823,1,25,1,10,11,0,12,0
12494,2,45,1,7000,48,0,6,0
10722,2,23,1,6000,27,0,5,0
36461,1,5,1,0,3,14,18,0
34888,1,44,1,0,42,0,6,0
40851,1,5,1,3000,9,0,2,0
48718,2,21,1,5000,44,12,4,0
32034,1,5,2,4000,14,1,3,0
28314,1,25,1,5000,10,0,4,0
23188,1,44,1,0,41,7,2,0
18861,1,36,1,7000,79,0,6,0
27175,1,10,1,0,51,3,2,0
30015,2,13,1,0,3,3,6,0
9253,2,48,1,4000,42,20,3,0
48214,2,25,1,1294,26,12,3,0
42757,2,14,1,0,5,0,3,0
11936,1,19,1,9102,6,0,9,0
32863,2,10,1,4058,28,0,21,0
24025,1,23,1,0,22,0,16,0
39872,1,5,1,3000,43,60,2,0
8433,2,11,1,9000,11,4,8,1
356,1,35,1,4000,11,5,3,0
14107,2,5,1,0,8,0,8,0
41949,1,35,1,7000,13,4,6,0
45015,1,10,1,0,69,0,5,0
43213,2,29,1,2884,100,0,5,0
31931,1,50,1,6000,23,1,5,0
41360,1,49,1,5322,29,8,5,0
39370,2,5,1,7000,26,0,6,0
27662,2,15,1,0,73,5,3,0
27068,1,6,1,3792,26,0,23,0
7012,2,5,1,0,3,0,10,0
41643,1,28,1,4000,4,5,3,0
21021,2,10,1,0,65,23,4,0
28847,2,25,1,0,27,2,2,0
49573,2,49,1,11610,24,2,11,0
8396,2,36,1,0,20,3,12,0
10357,1,41,1,3000,64,0,2,0
19859,1,2,1,0,100,0,2,0
28086,1,16,1,1965,32,0,7,0
8980,1,44,1,4874,98,7,4,1
20121,2,5,1,9000,13,5,8,1
31297,1,44,1,7000,11,14,6,0
17443,2,15,1,8000,28,0,14,0
10837,1,3,1,5656,3,0,12,0
32038,1,32,1,3000,9,41,2,0
33814,1,39,1,0,19,0,2,0
9091,1,44,1,2036,57,2,3,0
35432,2,15,1,8893,16,4,8,0
32388,1,44,1,13738,9,6,17,0
32191,2,15,1,0,100,8,3,0
33275,1,19,1,0,32,0,8,0
7899,1,35,1,0,5,0,7,0
46603,2,16,1,5443,11,6,10,0
22936,1,43,1,4365,32,7,4,0
6127,2,15,1,10167,11,3,10,0
8460,1,33,1,4000,100,0,3,0
21898,2,29,1,3843,100,4,4,0
26126,1,23,1,0,3,0,8,0
42344,1,24,1,5205,100,0,29,1
47803,1,29,1,9281,5,41,18,0
14446,2,15,2,0,33,0,6,0
43872,1,44,1,5000,27,10,4,0
32367,2,44,1,0,3,0,33,0
12014,2,1,1,11000,38,0,10,0
5787,1,5,1,0,21,4,3,0
16643,1,35,1,3000,29,25,2,0
23669,2,46,1,611,100,0,21,0
30018,2,49,1,4704,8,0,13,0
18900,2,32,1,8457,31,4,45,0
7205,1,11,1,877,6,0,3,0
39047,1,15,1,0,8,7,6,0
45524,2,5,1,5000,16,11,4,0
37508,2,43,1,2166,7,0,2,0
30831,1,20,1,8477,8,2,16,0
39873,2,10,1,3127,18,0,10,0
41409,1,10,1,2000,34,0,1,0
36105,2,44,1,17069,11,3,28,0
14237,2,23,1,0,26,1,28,0
6910,1,10,1,4612,100,0,27,1
17266,2,45,1,10305,20,0,14,0
20037,1,4,1,7000,28,0,6,0
42540,2,41,2,8000,1,0,7,0
38914,1,15,1,0,29,0,6,0
40910,2,25,1,3000,6,0,2,0
9155,1,3,1,3000,31,13,2,0
7980,1,4,1,0,7,0,4,0
10926,2,5,1,0,5,6,5,0
43026,1,33,1,3000,36,0,2,0
40874,1,5,1,0,5,5,8,0
20877,2,5,1,5000,56,0,4,0
45021,1,5,1,2821,17,0,16,0
37367,1,32,1,11437,3,0,20,0
7172,1,7,1,3000,3,6,2,0
576,1,26,1,3000,24,12,2,0
7349,2,36,1,4635,10,0,4,0
20365,1,19,1,5000,34,3,4,0
34386,2,5,1,3000,28,0,2,0
24695,1,35,1,6000,7,7,5,0
34683,1,43,1,7748,9,0,11,0
30771,1,23,1,6000,12,8,5,0
15896,1,39,1,7954,10,0,9,0
6907,2,49,1,8000,36,0,7,0
36354,2,5,1,5353,16,2,11,0
9708,1,50,1,6164,4,0,23,0
38910,2,20,1,0,53,5,15,0
18901,2,36,1,2359,20,0,5,0
10089,2,5,1,4000,14,0,3,0
18004,1,24,1,5000,4,0,4,0
35210,1,30,1,3000,100,0,2,0
4210,2,10,1,4000,3,0,3,0
23968,1,5,1,5000,4,0,4,0
49969,1,33,1,0,64,13,3,0
38131,1,44,1,4000,17,0,3,0
22326,1,16,1,0,95,0,5,0
39295,1,41,1,6000,4,0,5,0
37275,2,5,1,1671,45,0,6,0
41775,2,10,1,899,96,6,11,1
12710,2,16,1,786,100,0,6,0
31427,2,44,1,2624,50,3,2,0
100,1,16,1,0,32,0,26,0
7860,2,7,1,3621,69,0,6,0
25491,1,12,1,84,31,0,7,0
28018,2,33,1,4748,91,0,4,0
25634,1,25,1,1259,26,0,2,0
29868,1,5,1,4000,26,0,3,0
45753,2,5,1,928,1,0,2,0
3904,1,15,1,0,8,0,6,0
47170,1,44,1,0,85,1,14,0
43402,1,10,1,5000,7,0,4,0
33337,1,50,1,3000,7,0,2,0
14244,2,17,1,3039,12,4,4,0
34937,2,5,1,4575,2,0,7,0
38207,2,10,1,557,9,0,3,0
9296,2,5,1,4033,18,10,5,0
33026,2,15,1,0,25,0,3,0
32517,1,41,1,144,6,0,4,0
39867,1,3,1,4000,69,1,3,0
6868,1,23,1,5731,23,5,13,0
31691,2,48,1,8000,46,3,7,0
9194,1,7,1,3000,28,0,2,0
5659,1,34,1,3000,29,0,2,0
10471,1,39,1,1795,6,0,19,0
29018,1,39,1,0,45,0,12,0
3788,2,36,1,233,10,10,13,0
4689,2,5,1,0,70,8,19,0
26305,1,4,1,0,6,0,2,0
30992,1,5,1,0,50,0,4,0
3967,1,39,1,0,5,0,4,0
29139,2,11,1,5000,21,1,4,0
20227,2,43,1,3359,37,0,3,0
14655,2,39,1,9562,4,0,13,0
45891,2,44,1,4196,19,1,4,0
38640,2,10,1,0,18,4,10,0
48806,1,39,1,0,13,0,11,0
13446,1,46,1,0,64,25,31,0
9154,2,29,1,6000,14,15,5,0
22716,1,21,1,0,3,2,5,0
18645,2,25,1,6952,19,3,6,0
34726,2,18,1,4000,9,0,3,0
29968,2,46,1,0,36,0,32,0
19329,1,44,1,0,11,7,6,0
43174,1,35,1,0,25,0,24,0
35035,1,5,1,0,100,10,2,0
15711,1,5,1,6000,28,35,5,0
27199,1,11,1,6489,100,0,20,1
49435,2,44,1,11306,35,14,47,1
40886,1,4,1,0,40,15,2,0
32953,1,15,1,7611,5,0,12,0
49073,1,20,1,3000,7,0,2,0
44431,2,28,1,0,21,0,7,0
35417,1,24,1,3155,1,3,11,0
42647,1,49,1,0,28,0,1,0
8867,1,4,1,3000,9,26,2,0
5478,1,10,1,15000,34,0,14,0
46730,1,39,1,1550,6,4,13,0
43595,1,5,1,5000,4,0,4,0
43236,1,32,1,0,14,0,8,0
33187,1,10,1,3148,8,0,15,0
31670,1,31,1,0,49,0,21,0
17513,2,18,1,2766,12,0,13,0
14325,1,21,1,925,39,1,10,0
43454,1,11,1,0,100,0,13,1
29500,1,11,1,4122,21,0,7,0
42682,1,46,1,6000,22,4,5,0
42327,1,50,1,0,12,21,7,0
